time,acc_z,acc_y,acc_x,or_qz,or_qy,or_qx,or_qw,or_roll,or_pitch,or_yaw,Class
2023-10-21 17:02:53.260,-0.7436342239379883,0.8682210445404053,0.9989395141601562,0.5973643660545349,0.0252612642943859,0.0738588720560073,0.7981621026992798,-0.0484692901372909,-0.148629680275917,-1.2885940074920654,0
2023-10-21 17:02:53.280,3.321455955505371,-0.8398804664611816,-0.9141220450401306,0.5973643660545349,0.0252612642943859,0.0738588720560073,0.7981621026992798,-0.0484692901372909,-0.148629680275917,-1.2885940074920654,0
2023-10-21 17:02:53.300,2.563608169555664,-3.274380207061768,-0.6923356056213379,0.5428204536437988,0.0528581328690052,0.0976130440831184,0.8324804902076721,-0.0184178557246923,-0.2217189967632293,-1.1576828956604004,0
2023-10-21 17:02:53.360,-3.609508991241455,-4.250425815582275,-1.263302206993103,0.5267356634140015,0.0324519276618957,0.1155282631516456,0.8415163159370422,-0.0689679160714149,-0.2306650429964065,-1.1265376806259155,0
2023-10-21 17:02:53.410,-3.2128243446350098,-4.511412620544434,-0.2902634143829345,0.5149815678596497,0.0882108360528945,0.0471911206841468,0.85134357213974,0.1032963618636131,-0.1720532327890396,-1.0791199207305908,0
2023-10-21 17:02:53.430,-3.1713366508483887,-5.592637062072754,-0.7820205688476562,0.4609580039978027,0.0914456099271774,0.0510801561176776,0.8812187314033508,0.1161102578043937,-0.1752260774374008,-0.9536892771720886,0
2023-10-21 17:02:53.450,-4.653375148773193,-5.602475166320801,-0.0807456970214843,0.4609580039978027,0.0914456099271774,0.0510801561176776,0.8812187314033508,0.1161102578043937,-0.1752260774374008,-0.9536892771720886,0
2023-10-21 17:02:53.510,-5.2319841384887695,-4.157404899597168,2.0392394065856934,0.5278388261795044,0.0721728280186653,0.0954438373446464,0.8408731818199158,0.0212231297045946,-0.2389715909957885,-1.118567705154419,0
2023-10-21 17:02:53.530,-4.676356792449951,0.5531644821166992,8.72257137298584,0.5388550162315369,0.0575829707086086,0.1520213186740875,0.8265646696090698,-0.0723467096686363,-0.3187382817268371,-1.1670827865600586,0
2023-10-21 17:02:53.550,-2.1721980571746826,3.7840423583984375,2.900054454803467,0.5388550162315369,0.0575829707086086,0.1520213186740875,0.8265646696090698,-0.0723467096686363,-0.3187382817268371,-1.1670827865600586,0
2023-10-21 17:02:53.560,-14.643691062927246,-11.42270565032959,-1.908130645751953,0.5398359894752502,0.0561070851981639,0.1576168090105056,0.8249764442443848,-0.0820178613066673,-0.3264025151729584,-1.172388792037964,0
2023-10-21 17:02:53.580,-8.223557472229004,-1.823798418045044,3.0044946670532227,0.5432779788970947,0.0536077991127967,0.2077745944261551,0.8116680979728699,-0.1516339927911758,-0.4066512584686279,-1.2110161781311035,0
2023-10-21 17:02:53.600,4.924216270446777,3.8118529319763184,8.843189239501953,0.5435333847999573,0.0533647201955318,0.2127063125371933,0.8102343678474426,-0.158805713057518,-0.4144591689109802,-1.2152211666107178,0
2023-10-21 17:02:53.660,-0.6757341623306274,2.4696507453918457,1.5828771591186523,0.5665348172187805,0.0802505239844322,0.3491198718547821,0.7421007752418518,-0.3560703694820404,-0.6549173593521118,-1.426165223121643,0
2023-10-21 17:02:53.680,0.7174839973449707,4.0380401611328125,0.9794816970825196,0.568081259727478,0.0812655687332153,0.3559536933898926,0.737547755241394,-0.3701107501983642,-0.6654289364814758,-1.441841959953308,0
2023-10-21 17:02:53.700,-2.8873698711395264,3.853030204772949,0.0430536270141601,0.5873937010765076,0.0833183601498603,0.4134361445903778,0.6907223463058472,-0.5220115184783936,-0.7328901886940002,-1.613758563995361,0
2023-10-21 17:02:53.730,0.0865993499755859,-0.9813926815986632,-3.744025230407715,0.6119005680084229,0.0771974101662635,0.4752337038516998,0.6275119185447693,-0.7348288893699646,-0.7627385854721069,-1.8518736362457275,0
2023-10-21 17:02:53.750,-1.8879120349884035,1.0029785633087158,-1.5692977905273438,0.6119005680084229,0.0771974101662635,0.4752337038516998,0.6275119185447693,-0.7348288893699646,-0.7627385854721069,-1.8518736362457275,0
2023-10-21 17:02:53.810,-0.2423338890075683,-1.253768801689148,-1.5854697227478027,0.6812495589256287,0.0277836881577968,0.5649364590644836,0.4647300839424133,-1.119920015335083,-0.5979401469230652,-2.3259942531585693,0
2023-10-21 17:02:53.830,1.2656149864196775,-0.3004743456840515,0.8877143859863281,0.6812495589256287,0.0277836881577968,0.5649364590644836,0.4647300839424133,-1.119920015335083,-0.5979401469230652,-2.3259942531585693,0
2023-10-21 17:02:53.850,1.0574491024017334,-1.933044672012329,0.1561002731323242,0.7036084532737732,0.0171885080635547,0.5920817255973816,0.3925289511680603,-1.2217912673950195,-0.5109503269195557,-2.485635757446289,0
2023-10-21 17:02:53.910,0.4740521907806396,-0.4957623481750488,3.162714958190918,0.7506564855575562,-0.0827262625098228,0.6020253300666809,0.2593007087707519,-1.3013572692871094,-0.1891388446092605,-2.620561122894287,0
2023-10-21 17:02:53.960,-0.1891067028045654,-1.2027965784072876,1.6742181777954102,0.7617272138595581,-0.0986945554614067,0.5962962508201599,0.2333709895610809,-1.2957276105880735,-0.1283116489648819,-2.6441783905029297,0
2023-10-21 17:02:53.980,-1.708993673324585,0.0928483307361602,1.714655876159668,0.762602686882019,-0.09991455078125,0.5957942008972168,0.2312652915716171,-1.2951534986495972,-0.1234965100884437,-2.646168708801269,0
2023-10-21 17:02:54.000,-1.0162607431411743,1.351199507713318,0.6273031234741211,0.768105149269104,-0.1064044311642646,0.5940978527069092,0.2138699293136596,-1.2947288751602173,-0.0907844081521034,-2.667130708694458,0
2023-10-21 17:02:54.060,0.4818005561828613,1.898820638656616,-1.417278289794922,0.7853265404701233,-0.1146319806575775,0.5821020007133484,0.1768592298030853,-1.2701553106307983,-0.0258560236543416,-2.7176284790039062,0
2023-10-21 17:02:54.080,0.6417570114135742,2.6815218925476074,-1.399662971496582,0.7853265404701233,-0.1146319806575775,0.5821020007133484,0.1768592298030853,-1.2701553106307983,-0.0258560236543416,-2.7176284790039062,0
2023-10-21 17:02:54.100,0.02945077419281,1.8112280368804927,-0.1287269592285156,0.7863826751708984,-0.1147331893444061,0.5811027884483337,0.1753803342580795,-1.2677875757217407,-0.0233817547559738,-2.7199196815490723,0
2023-10-21 17:02:54.110,-0.0133141279220581,1.2118070125579834,-0.1154804229736328,0.7939692735671997,-0.1043349057435989,0.5757395029067993,0.1650794297456741,-1.249949336051941,-0.0244105104357004,-2.7492120265960693,0
2023-10-21 17:02:54.130,-1.7519357204437256,-0.8224773406982422,0.7462139129638672,0.7939692735671997,-0.1043349057435989,0.5757395029067993,0.1650794297456741,-1.249949336051941,-0.0244105104357004,-2.7492120265960693,0
2023-10-21 17:02:54.150,1.8589800596237185,-0.5259231925010681,-2.5249247550964355,0.8051868081092834,-0.0859781503677368,0.5647224187850952,0.1592819094657898,-1.2156885862350464,-0.0414550565183162,-2.779839038848877,0
2023-10-21 17:02:54.210,-0.3227300643920898,0.5492959022521973,-1.103677749633789,0.8032112121582031,-0.054770540446043,0.5678508281707764,0.1714567095041275,-1.212053894996643,-0.1069427728652954,-2.795127868652344,0
2023-10-21 17:02:54.230,-0.2919815182685852,-1.3160263299942017,0.1579008102416992,0.8032112121582031,-0.054770540446043,0.5678508281707764,0.1714567095041275,-1.212053894996643,-0.1069427728652954,-2.795127868652344,0
2023-10-21 17:02:54.250,-1.9947327375411987,-2.4461560249328613,-0.8662252426147461,0.8024975657463074,-0.0538240708410739,0.568865954875946,0.1717329025268554,-1.2142192125320437,-0.1092156246304512,-2.795859098434448,0
2023-10-21 17:02:54.280,0.1860592365264892,-1.2805231809616089,-0.1857280731201172,0.798147439956665,-0.0498796328902244,0.5744597315788269,0.1745529472827911,-1.2265442609786987,-0.1212213411927223,-2.7963457107543945,0
2023-10-21 17:02:54.300,-1.1811169385910034,-2.487091064453125,2.3473472595214844,0.7975493669509888,-0.050692144781351,0.5724616646766663,0.1833928823471069,-1.2214316129684448,-0.1294732391834259,-2.7802534103393555,0
2023-10-21 17:02:54.360,-1.445616602897644,-0.893792986869812,0.1196060180664062,0.7822226881980896,-0.0732582286000251,0.5775312185287476,0.2218527793884277,-1.2392946481704712,-0.142123281955719,-2.6903421878814697,0
2023-10-21 17:02:54.380,0.1405515670776367,-1.7733885049819946,2.6528892517089844,0.7739220261573792,-0.0791431814432144,0.5845820903778076,0.2303148061037063,-1.2584117650985718,-0.1473066657781601,-2.6704115867614746,0
2023-10-21 17:02:54.400,0.9169891476631165,-2.075803756713867,1.494246482849121,0.7683984637260437,-0.0911998748779296,0.5836032032966614,0.246279776096344,-1.260319709777832,-0.1478416323661804,-2.6291823387146,0
2023-10-21 17:02:54.460,-0.2120982408523559,-0.848112165927887,0.5161352157592773,0.7356485724449158,-0.1379459798336029,0.5900735259056091,0.3026639223098755,-1.2986657619476318,-0.1548464596271515,-2.478611946105957,0
2023-10-21 17:02:54.510,-0.8706446290016174,0.2861343622207641,-0.4769258499145508,0.7280901074409485,-0.1403529495000839,0.6092250943183899,0.281124085187912,-1.3485664129257202,-0.1385998427867889,-2.515479326248169,0
2023-10-21 17:02:54.530,-0.4927738904953003,0.4292665421962738,-0.9185466766357422,0.7059800624847412,-0.1612617820501327,0.6348883509635925,0.2692648470401764,-1.427549958229065,-0.1144607737660408,-2.5120060443878174,0
2023-10-21 17:02:54.550,-0.1718570590019226,-0.215521901845932,-1.153839111328125,0.7059800624847412,-0.1612617820501327,0.6348883509635925,0.2692648470401764,-1.427549958229065,-0.1144607737660408,-2.5120060443878174,0
2023-10-21 17:02:54.610,-0.6609945297241211,0.003198891878128,0.9607877731323242,0.6980694532394409,-0.1614381819963455,0.6565154790878296,0.2358480989933014,-1.4845324754714966,-0.084385834634304,-2.5673694610595703,0
2023-10-21 17:02:54.630,-0.3827126622200012,0.2886372804641723,0.4618692398071289,0.7123803496360779,-0.1619514375925064,0.6415993571281433,0.2337436527013778,-1.4459295272827148,-0.0692528486251831,-2.568605661392212,0
2023-10-21 17:02:54.650,-0.025701493024826,0.1906361877918243,-0.0733880996704101,0.7123803496360779,-0.1619514375925064,0.6415993571281433,0.2337436527013778,-1.4459295272827148,-0.0692528486251831,-2.568605661392212,0
2023-10-21 17:02:54.660,0.372450053691864,0.2775694727897644,-0.3419885635375976,0.7181369066238403,-0.1497054100036621,0.6430839896202087,0.2197969406843185,-1.4420844316482544,-0.067729614675045,-2.6071019172668457,0
2023-10-21 17:02:54.680,0.6106005311012268,0.4489218890666961,-0.6017293930053711,0.728871762752533,-0.1615196764469146,0.6251404881477356,0.2277209311723709,-1.4035948514938354,-0.0492808297276496,-2.5776143074035645,0
2023-10-21 17:02:54.700,0.5972225666046143,0.3445622324943542,-0.8455581665039062,0.7318441271781921,-0.1573218554258346,0.6247122883796692,0.2222354114055633,-1.3998042345046997,-0.0474140048027038,-2.5918917655944824,0
2023-10-21 17:02:54.760,-0.0122029185295104,-0.3528990745544433,-0.3605709075927734,0.725868284702301,-0.186410903930664,0.6157019734382629,0.2434692829847335,-1.3975331783294678,-0.0291936732828617,-2.518870115280152,0
2023-10-21 17:02:54.780,-0.063934177160263,-0.4124126434326172,0.1487503051757812,0.7288056015968323,-0.1785569787025451,0.6183931231498718,0.2335591912269592,-1.3984596729278564,-0.0286000315099954,-2.545389413833618,0
2023-10-21 17:02:54.800,0.0526265501976013,-0.3855007886886596,0.6196908950805664,0.7221945524215698,-0.1833661943674087,0.6224554181098938,0.2395018339157104,-1.412192463874817,-0.0333124622702598,-2.5295662879943848,0
2023-10-21 17:02:54.850,0.3181072473526001,-0.1945501565933227,0.3686485290527344,0.7201603055000305,-0.1737652420997619,0.6286786198616028,0.2365123629570007,-1.420932650566101,-0.0471203029155731,-2.547496795654297,0
2023-10-21 17:02:54.910,-0.1919309794902801,-0.5237681865692139,-0.374577522277832,0.722984790802002,-0.1648379266262054,0.6293036937713623,0.2325906902551651,-1.4163446426391602,-0.0544165968894958,-2.5656909942626958,0
2023-10-21 17:02:54.930,-0.1409377157688141,-0.6136162281036377,-0.4933538436889648,0.722984790802002,-0.1648379266262054,0.6293036937713623,0.2325906902551651,-1.4163446426391602,-0.0544165968894958,-2.5656909942626958,0
2023-10-21 17:02:54.950,-0.0949467122554779,-0.4545285701751709,-0.3913412094116211,0.717041015625,-0.1813391298055648,0.6280478239059448,0.2419178187847137,-1.424794316291809,-0.0438307784497737,-2.5286684036254883,0
2023-10-21 17:02:55.010,0.1303167641162872,0.364410936832428,-0.0290117263793945,0.7169345021247864,-0.1782232373952865,0.6306969523429871,0.2376192957162857,-1.4292709827423096,-0.0441971346735954,-2.539853096008301,0
2023-10-21 17:02:55.060,0.0867192447185516,0.2736106216907501,0.2768182754516601,0.7178239226341248,-0.182082250714302,0.6237237453460693,0.2500871121883392,-1.4143298864364624,-0.050586100667715,-2.514335870742798,0
2023-10-21 17:02:55.080,-0.0140408277511596,0.2874715030193329,0.145639419555664,0.7199975848197937,-0.1771798431873321,0.6245691180229187,0.2452025711536407,-1.4128936529159546,-0.0511761158704757,-2.5287861824035645,0
2023-10-21 17:02:55.100,-0.0400344133377075,0.2202733159065246,-0.0439167022705078,0.727135181427002,-0.1637663394212722,0.6240139007568359,0.2346523255109787,-1.4021726846694946,-0.0547194071114063,-2.563472270965576,0
2023-10-21 17:02:55.160,-0.181508719921112,0.055393636226654,-0.2124958038330078,0.7265625596046448,-0.1587403714656829,0.6276437640190125,0.2301559448242187,-1.4080746173858645,-0.0582752414047718,-2.5775375366210938,0
2023-10-21 17:02:55.180,-0.1771775782108307,0.1185828000307083,-0.0278663635253906,0.7265625596046448,-0.1587403714656829,0.6276437640190125,0.2301559448242187,-1.4080746173858645,-0.0582752414047718,-2.5775375366210938,0
2023-10-21 17:02:55.200,-0.1433560252189636,0.1935839205980301,0.122314453125,0.722402811050415,-0.1692246198654174,0.6251703500747681,0.2421970516443252,-1.408763408660889,-0.0583652630448341,-2.544218063354492,0
2023-10-21 17:02:55.210,-0.1355482041835785,0.2186423540115356,0.0922136306762695,0.7181749939918518,-0.1750807613134384,0.6260149478912354,0.2483477741479873,-1.4149881601333618,-0.0594966895878315,-2.526613473892212,0
2023-10-21 17:02:55.230,-0.1516153514385223,0.1282103955745697,0.0144643783569335,0.7181749939918518,-0.1750807613134384,0.6260149478912354,0.2483477741479873,-1.4149881601333618,-0.0594966895878315,-2.526613473892212,0
2023-10-21 17:02:55.250,-0.181552916765213,0.0020845234394073,-0.0092048645019531,0.7191340923309326,-0.1716003865003585,0.6266664862632751,0.2463506162166595,-1.4141722917556765,-0.0619916766881942,-2.534494638442993,0
2023-10-21 17:02:55.310,-0.1013453900814056,-0.1106264740228653,0.0268726348876953,0.7244356274604797,-0.1600283086299896,0.627477765083313,0.2363382130861282,-1.408419489860535,-0.0647788122296333,-2.565926551818848,0
2023-10-21 17:02:55.330,-0.0854779779911041,-0.0944114625453949,-0.0724573135375976,0.725135326385498,-0.1593839824199676,0.6262778043746948,0.2378062903881073,-1.4049232006072998,-0.0667652785778045,-2.5643250942230225,0
2023-10-21 17:02:55.350,-0.0594357550144195,-0.0039594769477844,-0.0957145690917968,0.7252200245857239,-0.1592801511287689,0.6261676549911499,0.2379074394702911,-1.4045733213424685,-0.0669636204838752,-2.5642900466918945,0
2023-10-21 17:02:55.400,-0.0047039985656738,0.1434586942195892,-0.0138320922851562,0.721973180770874,-0.163495659828186,0.6257956027984619,0.2457718104124069,-1.4063385725021362,-0.0715880021452903,-2.546062469482422,0
2023-10-21 17:02:55.460,0.0403536260128021,0.1316876709461212,0.009561538696289,0.7248944044113159,-0.1527841389179229,0.6282824873924255,0.237584576010704,-1.4057230949401855,-0.0771121084690094,-2.5734951496124268,0
2023-10-21 17:02:55.480,0.0305908322334289,0.0824031978845596,0.0556354522705078,0.7248944044113159,-0.1527841389179229,0.6282824873924255,0.237584576010704,-1.4057230949401855,-0.0771121084690094,-2.5734951496124268,0
2023-10-21 17:02:55.500,0.0399776399135589,0.0287693887948989,0.0121850967407226,0.7254939675331116,-0.1511126309633255,0.6286553144454956,0.235830619931221,-1.4056403636932373,-0.0773267745971679,-2.578530788421631,0
2023-10-21 17:02:55.560,-0.0074314773082733,-0.0767360180616378,-0.1018266677856445,0.7261978387832642,-0.1463459134101867,0.6306756138801575,0.2312309890985489,-1.4079062938690186,-0.079194076359272,-2.592317819595337,0
2023-10-21 17:02:55.610,0.0158266127109527,-0.0323742926120758,-0.033024787902832,0.6761518120765686,-0.240227460861206,0.6578219532966614,0.228866621851921,-1.5516676902770996,0.0237556993961334,-2.465528964996338,0
2023-10-21 17:02:55.630,-0.0449917316436767,-0.1367428600788116,0.019296646118164,0.6777687072753906,-0.2338545769453048,0.6607185006141663,0.2222445756196975,-1.5532644987106323,0.0233185272663831,-2.4849629402160645,0
2023-10-21 17:02:55.650,-0.0813907384872436,-0.130610778927803,0.0722417831420898,0.6777687072753906,-0.2338545769453048,0.6607185006141663,0.2222445756196975,-1.5532644987106323,0.0233185272663831,-2.4849629402160645,0
2023-10-21 17:02:55.710,0.0653496384620666,-0.0039693117141723,0.0271177291870117,0.6775590181350708,-0.2342737168073654,0.6578755974769592,0.2307149916887283,-1.546160340309143,0.0139054665341973,-2.4716360569000244,0
2023-10-21 17:02:55.730,0.0861590504646301,0.0127823650836944,-0.0460824966430664,0.6748229265213013,-0.2418957352638244,0.6549761891365051,0.238970011472702,-1.5458061695098877,0.0134346354752779,-2.4478042125701904,0
2023-10-21 17:02:55.750,0.1118800342082977,0.0101038813591003,-0.0702390670776367,0.6746082901954651,-0.2424950450658798,0.6547629833221436,0.239552304148674,-1.545828342437744,0.0134787764400243,-2.4460272789001465,0
2023-10-21 17:02:55.760,0.1339577734470367,0.0241317003965377,-0.0817899703979492,0.6769548654556274,-0.2368561178445816,0.6555618047714233,0.2363684773445129,-1.5425151586532593,0.0107737183570861,-2.459259271621704,0
2023-10-21 17:02:55.780,0.1554650664329528,0.0410543531179428,-0.1117029190063476,0.6775535345077515,-0.2353880852460861,0.6560170650482178,0.2348518222570419,-1.5423226356506348,0.0108426548540592,-2.463738203048706,0
2023-10-21 17:02:55.800,0.143133670091629,0.0492192655801773,-0.063633918762207,0.6808664202690125,-0.227316528558731,0.6582537889480591,0.2268261611461639,-1.54073166847229,0.0109262550249695,-2.487830877304077,0
2023-10-21 17:02:55.860,0.2143492698669433,-0.0674946904182434,0.0037975311279296,0.6816774606704712,-0.2267820984125137,0.6584307551383972,0.224398523569107,-1.5407112836837769,0.0136831495910882,-2.492288827896118,0
2023-10-21 17:02:55.880,0.2863384187221527,-0.1144529283046722,-0.0432014465332031,0.6838108897209167,-0.2225258648395538,0.6599602699279785,0.2175716161727905,-1.5409181118011477,0.0171548202633857,-2.508849620819092,0
2023-10-21 17:02:55.900,0.3401592373847961,-0.1090810000896453,-0.1303682327270507,0.6838630437850952,-0.2230047732591629,0.6597462296485901,0.2175663411617279,-1.5407794713974,0.0179332569241523,-2.508154392242432,0
2023-10-21 17:02:55.950,0.4793421328067779,0.0184904187917709,-0.2521209716796875,0.6837680339813232,-0.2251201570034027,0.6585109829902649,0.2194207459688186,-1.5394171476364136,0.0188791044056415,-2.5022597312927246,0
2023-10-21 17:02:56.010,0.5896755456924438,-0.0230849981307983,-0.1918725967407226,0.6831446290016174,-0.2283301055431366,0.6586308479309082,0.2176793664693832,-1.5426421165466309,0.0252269431948661,-2.5001227855682373,0
2023-10-21 17:02:56.030,0.7791028618812561,-0.1278788447380066,-0.2986812591552734,0.6831446290016174,-0.2283301055431366,0.6586308479309082,0.2176793664693832,-1.5426421165466309,0.0252269431948661,-2.5001227855682373,0
2023-10-21 17:02:56.050,0.9004192352294922,-0.1002635210752487,-0.3677167892456054,0.6829254031181335,-0.2303818762302398,0.6570351719856262,0.2210020124912262,-1.5403246879577637,0.0242574755102396,-2.4921135902404785,0
2023-10-21 17:02:56.110,1.1722052097320557,-0.0167882293462753,-0.6835622787475586,0.6884048581123352,-0.2188573777675628,0.6579148769378662,0.2129513770341873,-1.532279372215271,0.0211187805980443,-2.5212645530700684,0
2023-10-21 17:02:56.160,0.953486442565918,0.0492432713508605,-4.014717102050781,0.6871780157089233,-0.2263378351926803,0.6540384292602539,0.2208875566720962,-1.528763771057129,0.022132683545351,-2.4983510971069336,0
2023-10-21 17:02:56.180,-0.4471532106399536,-0.1535595655441284,-5.542792797088623,0.69233238697052,-0.2170827686786651,0.6552250981330872,0.2103119790554046,-1.523653864860535,0.0249860659241676,-2.527927875518799,0
2023-10-21 17:02:56.200,-2.1128854751586914,-0.0542269498109817,-6.131322860717773,0.6957520246505737,-0.2079277038574218,0.657614529132843,0.2005951255559921,-1.5221428871154783,0.0255064610391855,-2.555894613265991,0
2023-10-21 17:02:56.260,-3.7585196495056152,0.060277797281742,-6.010661602020264,0.7045122385025024,-0.2086205333471298,0.6458346843719482,0.2074551582336425,-1.4919378757476809,0.0259909089654684,-2.544829607009888,0
2023-10-21 17:02:56.280,-2.194727897644043,0.1560328900814056,-4.96764612197876,0.7045122385025024,-0.2086205333471298,0.6458346843719482,0.2074551582336425,-1.4919378757476809,0.0259909089654684,-2.544829607009888,0
2023-10-21 17:02:56.300,-1.5071895122528076,0.6357243657112122,-1.8251690864562988,0.7072702050209045,-0.2058134526014328,0.6440755128860474,0.2063407748937606,-1.485048770904541,0.0253360550850629,-2.5506129264831543,0
2023-10-21 17:02:56.310,-2.939959526062012,0.7179663777351379,4.462568283081055,0.7112387418746948,-0.2018283307552337,0.6415702700614929,0.2044318169355392,-1.475316286087036,0.0247840322554111,-2.5592970848083496,0
2023-10-21 17:02:56.330,-4.219661712646484,0.0050204917788505,5.234919548034668,0.7112387418746948,-0.2018283307552337,0.6415702700614929,0.2044318169355392,-1.475316286087036,0.0247840322554111,-2.5592970848083496,0
2023-10-21 17:02:56.350,-1.942588329315185,0.1288617402315139,5.73384952545166,0.7173658609390259,-0.1957694441080093,0.637614905834198,0.2012655436992645,-1.4602961540222168,0.0242191683501005,-2.572852373123169,0
2023-10-21 17:02:56.410,1.08555006980896,-1.4787991046905518,10.945549011230469,0.731562077999115,-0.1828400194644928,0.627220630645752,0.194886639714241,-1.423902153968811,0.0230458509176969,-2.601002693176269,0
2023-10-21 17:02:56.430,0.8276591300964355,-0.6845643520355225,9.232964515686035,0.731562077999115,-0.1828400194644928,0.627220630645752,0.194886639714241,-1.423902153968811,0.0230458509176969,-2.601002693176269,0
2023-10-21 17:02:56.450,0.7195878028869629,-0.5364891290664673,8.847206115722656,0.7303552031517029,-0.188304141163826,0.624852180480957,0.2016994208097458,-1.422006130218506,0.0229952037334442,-2.5828871726989746,0
2023-10-21 17:02:56.500,-0.1792924404144287,-0.2618957459926605,13.425901412963867,0.7541670799255371,-0.1821685433387756,0.593950092792511,0.2127676308155059,-1.340638518333435,0.0220261141657829,-2.574178695678711,0
2023-10-21 17:02:56.560,-0.0869150161743164,-0.7616745829582214,18.151630401611328,0.7664869427680969,-0.1788095384836197,0.5753711462020874,0.2224255800247192,-1.2932512760162354,0.018156811594963,-2.563023805618286,0
2023-10-21 17:02:56.580,2.1462292671203613,-0.308178037405014,16.26593780517578,0.7709401845932007,-0.1772771924734115,0.5665754675865173,0.2306867837905883,-1.271182656288147,0.0119375735521316,-2.5512895584106445,0
2023-10-21 17:02:56.600,2.630988359451294,1.1309945583343506,11.218299865722656,0.772301971912384,-0.1748180389404297,0.5664247870445251,0.2283668369054794,-1.2690142393112185,0.0113195814192295,-2.558253526687622,0
2023-10-21 17:02:56.660,1.7154674530029297,-0.3897123336791992,-7.03297758102417,0.782860517501831,-0.1624077260494232,0.5534688234329224,0.2332924902439117,-1.2296212911605835,-0.0039550764486193,-2.565143346786499,0
2023-10-21 17:02:56.680,2.951790332794189,-1.1002416610717771,-10.044207572937012,0.7818509936332703,-0.1623760163784027,0.5573652982711792,0.2273478507995605,-1.2387735843658447,0.0004760921292472,-2.5752968788146973,0
2023-10-21 17:02:56.710,4.356000900268555,-1.863938808441162,-26.464317321777344,0.7815960645675659,-0.1626613140106201,0.5577422380447388,0.2270961701869964,-1.2398587465286257,0.000948637840338,-2.575378179550171,0
2023-10-21 17:02:56.730,4.023756980895996,-1.4499070644378662,-25.971088409423828,0.7701634168624878,-0.1698641180992126,0.571111261844635,0.2276545315980911,-1.2766149044036863,0.0016141242813318,-2.56557846069336,0
2023-10-21 17:02:56.750,1.7394630908966064,0.6692969799041748,-16.78450584411621,0.7701634168624878,-0.1698641180992126,0.571111261844635,0.2276545315980911,-1.2766149044036863,0.0016141242813318,-2.56557846069336,0
2023-10-21 17:02:56.810,-1.5426641702651978,0.9948854446411132,-5.467284202575684,0.7622612714767456,-0.169612631201744,0.585239052772522,0.218368262052536,-1.3104090690612793,0.0029830082785338,-2.581295967102051,0
2023-10-21 17:02:56.830,-0.723425567150116,0.4622922539710998,-4.332900047302246,0.7618260383605957,-0.1707755774259567,0.584920346736908,0.2198294401168823,-1.3104565143585205,0.0030371295288205,-2.577408790588379,0
2023-10-21 17:02:56.850,-0.2099412083625793,0.2027550935745239,-3.554873466491699,0.7576090693473816,-0.1836055070161819,0.5852643251419067,0.2231219410896301,-1.320650577545166,0.0170325823128223,-2.5555434226989746,0
2023-10-21 17:02:56.860,-0.710651159286499,0.401798665523529,-4.4865403175354,0.7559491395950317,-0.188077300786972,0.5842745900154114,0.2275764942169189,-1.321685791015625,0.0184204559773206,-2.5424365997314453,0
2023-10-21 17:02:56.880,-0.7001080513000488,0.5715925097465515,-7.291133880615234,0.7504279613494873,-0.196701169013977,0.5839404463768005,0.2391233891248703,-1.3277350664138794,0.0159531440585851,-2.512157440185547,0
2023-10-21 17:02:56.900,-0.2466989755630493,0.1689190566539764,-10.083327293395996,0.7498894929885864,-0.1975029855966568,0.583915114402771,0.2402112483978271,-1.3283264636993408,0.0156855154782533,-2.5093114376068115,0
2023-10-21 17:02:56.960,-0.1550808548927307,0.5619083642959595,-12.865827560424805,0.7135056853294373,-0.230049729347229,0.6081233024597168,0.261099249124527,-1.4156392812728882,0.0107226939871907,-2.4308111667633057,0
2023-10-21 17:02:56.980,1.1338872909545898,0.2702749967575073,-10.948558807373049,0.7074106335639954,-0.2410334646701812,0.6061599850654602,0.2721090316772461,-1.4212849140167236,0.0111362850293517,-2.3975918292999268,0
2023-10-21 17:02:57.000,1.9862382411956787,-0.4529837965965271,-8.857239723205566,0.6869035363197327,-0.2542091012001037,0.6267021894454956,0.2660555839538574,-1.4854378700256348,0.0157596729695796,-2.388057947158813,0
2023-10-21 17:02:57.050,0.5243285298347473,1.571802258491516,-9.050323486328123,0.683131217956543,-0.2593784928321838,0.631047785282135,0.2604484558105469,-1.5017156600952148,0.0256710536777973,-2.3891468048095703,0
2023-10-21 17:02:57.110,0.5033677816390991,-4.738613128662109,6.704541206359863,0.6958292722702026,-0.2509908378124237,0.6206510066986084,0.2600337266921997,-1.4669816493988037,0.0265162363648414,-2.402428388595581,0
2023-10-21 17:02:57.130,-0.0999488830566406,-6.699176788330078,32.26491165161133,0.6958292722702026,-0.2509908378124237,0.6206510066986084,0.2600337266921997,-1.4669816493988037,0.0265162363648414,-2.402428388595581,0
2023-10-21 17:02:57.150,5.498655796051025,-0.0252962708473205,60.28339767456055,0.6942698955535889,-0.253510057926178,0.6217148303985596,0.2592155039310455,-1.47218656539917,0.0296968948096036,-2.4000167846679688,0
2023-10-21 17:02:57.210,-3.4294188022613525,4.164051055908203,21.584545135498047,0.6908645629882812,-0.2457883358001709,0.6361912488937378,0.2399062514305114,-1.5010008811950684,0.0343671441078186,-2.441088914871216,0
2023-10-21 17:02:57.230,-3.816521644592285,1.4420266151428225,17.58304214477539,0.6908645629882812,-0.2457883358001709,0.6361912488937378,0.2399062514305114,-1.5010008811950684,0.0343671441078186,-2.441088914871216,0
2023-10-21 17:02:57.260,0.9601758122444152,-2.609770536422729,14.489887237548828,0.6903451085090637,-0.2492016553878784,0.6344672441482544,0.2424324303865432,-1.499990463256836,0.036447487771511,-2.432194471359253,0
2023-10-21 17:02:57.280,2.5336685180664062,-1.6224627494812012,7.295049667358398,0.6911929845809937,-0.2472422569990158,0.6351504921913147,0.2402237206697464,-1.4997788667678833,0.0366359949111938,-2.4384896755218506,0
2023-10-21 17:02:57.300,5.589740753173828,-0.2885495126247406,-0.7535619735717773,0.6958172917366028,-0.2415755987167358,0.6338627338409424,0.236003503203392,-1.4909383058547974,0.0370057336986064,-2.45343279838562,0
2023-10-21 17:02:57.360,3.297457456588745,-0.9160527586936952,-15.004332542419434,0.705620288848877,-0.2430222183465957,0.6206362843513489,0.2405221164226532,-1.4589515924453735,0.0444239154458045,-2.44484806060791,0
2023-10-21 17:02:57.380,0.6187818646430969,-0.3303250074386596,-19.890605926513672,0.705620288848877,-0.2430222183465957,0.6206362843513489,0.2405221164226532,-1.4589515924453735,0.0444239154458045,-2.44484806060791,0
2023-10-21 17:02:57.400,-0.8053253293037415,-0.1980380117893219,-20.840425491333008,0.7038376927375793,-0.2486618608236313,0.6179696917533875,0.2467656284570694,-1.4578807353973389,0.0450630709528923,-2.4269306659698486,0
2023-10-21 17:02:57.410,-0.2643226087093353,1.1597082614898682,-17.07693862915039,0.7206006646156311,-0.2439306229352951,0.6012917160987854,0.244296908378601,-1.4119731187820437,0.057797897607088,-2.4385952949523926,0
2023-10-21 17:02:57.430,-0.2179153561592102,2.2932095527648926,-14.213050842285156,0.7206006646156311,-0.2439306229352951,0.6012917160987854,0.244296908378601,-1.4119731187820437,0.057797897607088,-2.4385952949523926,0
2023-10-21 17:02:57.450,-0.6544488072395325,3.5481162071228027,-10.873672485351562,0.7698806524276733,-0.1799613833427429,0.576545000076294,0.2061399072408676,-1.2967493534088137,0.0394099131226539,-2.588494777679444,0
2023-10-21 17:02:57.510,-0.339205801486969,1.4553401470184326,-7.453919410705566,0.7287463545799255,-0.2037210613489151,0.6205383539199829,0.205812394618988,-1.4232754707336426,0.0415049158036708,-2.5552961826324463,0
2023-10-21 17:02:57.530,0.2298857867717743,1.402700424194336,-7.114104747772217,0.7287463545799255,-0.2037210613489151,0.6205383539199829,0.205812394618988,-1.4232754707336426,0.0415049158036708,-2.5552961826324463,0
2023-10-21 17:02:57.550,1.0989007949829102,1.2080636024475098,-7.974209785461426,0.726712167263031,-0.205378457903862,0.6223673224449158,0.2058353275060653,-1.429240584373474,0.0423043183982372,-2.552863597869873,0
2023-10-21 17:02:57.600,0.1652281284332275,-0.9966211915016174,-10.27638816833496,0.7111650109291077,-0.2242120206356048,0.6282719373703003,0.2219182103872299,-1.4604777097702026,0.0400642342865467,-2.500772714614868,0
2023-10-21 17:02:57.660,1.897965669631958,-4.924604415893555,-9.705768585205078,0.6873059272766113,-0.2431592792272567,0.6447206735610962,0.2298249751329422,-1.520321011543274,0.037912867963314,-2.4601523876190186,0
2023-10-21 17:02:57.680,-0.5761529207229614,-4.969518661499023,-4.439696311950684,0.6809642314910889,-0.2454944849014282,0.6510413289070129,0.2283972948789596,-1.5390139818191528,0.036962192505598,-2.4585628509521484,0
2023-10-21 17:02:57.700,-5.960059642791748,-4.9679059982299805,14.591999053955078,0.6796945929527283,-0.2475638538599014,0.6509546637535095,0.2301856279373169,-1.5408310890197754,0.0368631519377231,-2.4527432918548584,0
2023-10-21 17:02:57.760,6.545384407043457,-2.4914395809173584,27.4910888671875,0.6837892532348633,-0.2587707638740539,0.6378533840179443,0.2421013265848159,-1.5183576345443726,0.0450542978942394,-2.418268918991089,0
2023-10-21 17:02:57.780,1.1732237339019775,-1.7219384908676147,6.8009233474731445,0.692686140537262,-0.2410953938961029,0.6396433115005493,0.2300333529710769,-1.5052387714385986,0.0397387407720088,-2.463116407394409,0
2023-10-21 17:02:57.810,-0.4006808400154114,1.0162233114242554,-2.282701015472412,0.6911365985870361,-0.2458899915218353,0.6373521089553833,0.2359040826559066,-1.5040547847747805,0.0391892343759536,-2.4470787048339844,0
2023-10-21 17:02:57.830,-2.4377007484436035,1.8497023582458496,-5.305968761444092,0.6963716745376587,-0.2396028935909271,0.6345346570014954,0.2345693111419677,-1.4907464981079102,0.0360284000635147,-2.45852279663086,0
2023-10-21 17:02:57.850,-0.2668179273605346,1.4569368362426758,-5.475478172302246,0.6963716745376587,-0.2396028935909271,0.6345346570014954,0.2345693111419677,-1.4907464981079102,0.0360284000635147,-2.45852279663086,0
2023-10-21 17:02:57.910,0.9154840111732484,-1.1232582330703735,-4.206481456756592,0.6938282251358032,-0.2442017048597335,0.6306487321853638,0.2474877536296844,-1.4853665828704834,0.0267155952751636,-2.431806802749634,0
2023-10-21 17:02:57.930,0.736158013343811,-0.758220911026001,-4.158402442932129,0.6952945590019226,-0.2404054850339889,0.6321018934249878,0.2433474957942962,-1.4853572845458984,0.0266675967723131,-2.443776130676269,0
2023-10-21 17:02:57.950,0.1526885032653808,-0.0972272753715515,-3.638918876647949,0.6918097734451294,-0.2395364940166473,0.6359203457832336,0.2441862672567367,-1.4942498207092283,0.0208628419786691,-2.443636894226074,0
2023-10-21 17:02:57.980,-0.2329716086387634,1.5970487594604492,-3.02426815032959,0.6929450631141663,-0.2313188165426254,0.6391178369522095,0.2405146211385727,-1.4946762323379517,0.0131484484300017,-2.4612479209899902,0
2023-10-21 17:02:58.000,-0.7146835923194885,1.556661605834961,-2.261451244354248,0.695053219795227,-0.2252243608236313,0.641268253326416,0.2344144433736801,-1.4946187734603882,0.0124410623684525,-2.4795022010803223,0
2023-10-21 17:02:58.060,-0.5776649117469788,-1.0992450714111328,0.5216188430786133,0.7280142903327942,-0.2039268165826797,0.6179943084716797,0.215620145201683,-1.4171276092529297,0.0304239243268966,-2.539628505706787,0
2023-10-21 17:02:58.080,0.9559969902038574,-1.0581012964248655,1.507833480834961,0.7286019921302795,-0.2023572623729705,0.6187098026275635,0.2130468189716339,-1.4176242351531982,0.0312525853514671,-2.5458455085754395,0
2023-10-21 17:02:58.100,1.497024416923523,-0.4190526008605957,2.45754337310791,0.7069237232208252,-0.21201953291893,0.6387536525726318,0.2174864262342453,-1.4765512943267822,0.0219245236366987,-2.5247185230255127,0
2023-10-21 17:02:58.150,-0.7785632610321045,0.932644546031952,2.942981719970703,0.7058438658714294,-0.2157351225614547,0.6372107863426208,0.2218224704265594,-1.4757893085479736,0.0218570046126842,-2.5127341747283936,0
2023-10-21 17:02:58.210,-0.02182537317276,-0.3804876804351806,-0.972355842590332,0.7159967422485352,-0.2322915941476822,0.6168981194496155,0.2298390120267868,-1.4393051862716677,0.0490852370858192,-2.477339744567871,0
2023-10-21 17:02:58.230,0.2402799129486084,-0.6366834044456482,-1.740190029144287,0.7159967422485352,-0.2322915941476822,0.6168981194496155,0.2298390120267868,-1.4393051862716677,0.0490852370858192,-2.477339744567871,0
2023-10-21 17:02:58.250,0.2769734263420105,-0.5523369908332825,-1.790391445159912,0.7203080058097839,-0.2337160855531692,0.6117361187934875,0.2287183851003646,-1.4277671575546265,0.0568952187895774,-2.477381944656372,0
2023-10-21 17:02:58.310,-0.0889958143234252,0.3731646835803985,1.2017593383789062,0.7153095006942749,-0.2312764972448349,0.6179454922676086,0.2301890552043914,-1.4409836530685425,0.0463965982198715,-2.4781816005706787,0
2023-10-21 17:02:58.330,0.0001182556152343,0.3154529929161072,0.8614139556884766,0.7153095006942749,-0.2312764972448349,0.6179454922676086,0.2301890552043914,-1.4409836530685425,0.0463965982198715,-2.4781816005706787,0
2023-10-21 17:02:58.360,-0.1807012557983398,-0.2141338586807251,0.040684700012207,0.7162795662879944,-0.2328945100307464,0.6145405769348145,0.2346137315034866,-1.434030532836914,0.045291319489479,-2.4690420627593994,0
2023-10-21 17:02:58.380,-0.5306652784347534,-0.5355398654937744,0.1678895950317382,0.7181987166404724,-0.2283381670713424,0.6159305572509766,0.2295253872871399,-1.4332400560379028,0.0452564172446727,-2.483515501022339,0
2023-10-21 17:02:58.400,-0.7319626212120056,-0.5925263166427612,0.0699615478515625,0.7206869721412659,-0.2293796241283416,0.6130024194717407,0.2285242080688476,-1.426891565322876,0.0504714511334896,-2.4837794303894043,0
2023-10-21 17:02:58.460,-0.2480682134628296,-0.0841571688652038,-0.2103424072265625,0.7120563983917236,-0.2370110899209976,0.6199828386306763,0.2289602011442184,-1.45144784450531,0.0536534674465656,-2.471773624420166,0
2023-10-21 17:02:58.480,-0.0687835216522216,-0.136380910873413,0.0825366973876953,0.7120563983917236,-0.2370110899209976,0.6199828386306763,0.2289602011442184,-1.45144784450531,0.0536534674465656,-2.471773624420166,0
2023-10-21 17:02:58.500,0.1182113885879516,-0.030809462070465,0.0949764251708984,0.7135519981384277,-0.2318921536207199,0.622444212436676,0.222784012556076,-1.4527748823165894,0.0536186695098876,-2.488697290420532,0
2023-10-21 17:02:58.530,-0.0537224411964416,0.0310583114624023,0.0371007919311523,0.7112662196159363,-0.2351828217506408,0.6229100823402405,0.2253275960683822,-1.4570424556732178,0.053863551467657,-2.4799389839172363,0
2023-10-21 17:02:58.550,-0.1417899131774902,0.0273404121398925,-0.0209331512451171,0.7142260670661926,-0.2274132370948791,0.6257679462432861,0.2158215790987014,-1.4569851160049438,0.0547678358852863,-2.505823135375977,0
2023-10-21 17:02:58.610,-0.3209791779518127,-0.1942934393882751,-0.039198875427246,0.714825451374054,-0.2287690192461013,0.6246617436408997,0.2156087011098861,-1.4554239511489868,0.0577268786728382,-2.5042736530303955,0
2023-10-21 17:02:58.630,-0.2481102347373962,-0.2415536046028137,-0.0769433975219726,0.714825451374054,-0.2287690192461013,0.6246617436408997,0.2156087011098861,-1.4554239511489868,0.0577268786728382,-2.5042736530303955,0
2023-10-21 17:02:58.650,-0.1931177973747253,-0.2898555397987366,0.0359601974487304,0.7138824462890625,-0.2314819246530532,0.6237080097198486,0.2185779809951782,-1.4555399417877195,0.0578764081001281,-2.495789766311645,0
2023-10-21 17:02:58.700,-0.2392745614051818,0.0246272683143615,0.1382074356079101,0.7119036316871643,-0.2317356318235397,0.6265237331390381,0.2167021036148071,-1.4628697633743286,0.0584421195089817,-2.498163938522339,0
2023-10-21 17:02:58.760,-0.2930911183357239,-0.2738458514213562,0.1140937805175781,0.7095547318458557,-0.2366621345281601,0.6259140968322754,0.2208046466112136,-1.4659743309020996,0.0594750456511974,-2.484666109085083,0
2023-10-21 17:02:58.780,-0.217311143875122,-0.1982142329216003,0.1359567642211914,0.7076472043991089,-0.2435400038957595,0.6226012110710144,0.2286733388900756,-1.464292049407959,0.0599721670150756,-2.4625790119171143,0
2023-10-21 17:02:58.800,-0.1153159141540527,-0.104788064956665,0.0421905517578125,0.7095252275466919,-0.2385124117136001,0.6244768500328064,0.2229673266410827,-1.4641214609146118,0.0600213110446929,-2.4786980152130127,0
2023-10-21 17:02:58.860,-0.0033667087554931,-0.0123581886291503,-0.0104284286499023,0.7050232291221619,-0.250571072101593,0.6200726628303528,0.2359371483325958,-1.4649558067321775,0.0607578791677951,-2.4410715103149414,0
2023-10-21 17:02:58.880,-0.0570101141929626,0.0332183241844177,-0.0035724639892578,0.7070922255516052,-0.2440500110387802,0.6232742071151733,0.2280119508504867,-1.4664762020111084,0.0609415024518966,-2.462822198867798,0
2023-10-21 17:02:58.910,-0.1214370727539062,-0.0290154814720153,0.0130023956298828,0.7064104676246643,-0.2458166778087616,0.6226329207420349,0.2299709320068359,-1.4666099548339844,0.0609577447175979,-2.4572174549102783,0
2023-10-21 17:02:58.930,-0.0427608489990234,0.0222494006156921,0.0920743942260742,0.7052404880523682,-0.2492423355579376,0.6208854913711548,0.2345537692308426,-1.4656528234481812,0.0603260844945907,-2.4451375007629395,0
2023-10-21 17:02:58.950,0.0679544806480407,0.0580804347991943,0.0424728393554687,0.7052404880523682,-0.2492423355579376,0.6208854913711548,0.2345537692308426,-1.4656528234481812,0.0603260844945907,-2.4451375007629395,0
2023-10-21 17:02:59.010,-0.0074629187583923,0.0385164618492126,-0.1177949905395507,0.6940786838531494,-0.2582003474235534,0.6293397545814514,0.2356245219707489,-1.4960557222366333,0.0618864670395851,-2.4296231269836426,0
2023-10-21 17:02:59.030,-0.0190690755844116,0.0823500752449035,-0.0760602951049804,0.6940786838531494,-0.2582003474235534,0.6293397545814514,0.2356245219707489,-1.4960557222366333,0.0618864670395851,-2.4296231269836426,0
2023-10-21 17:02:59.050,-0.0233763456344604,0.1442166268825531,0.0130519866943359,0.6941715478897095,-0.2567445039749145,0.6305845975875854,0.2336048483848571,-1.497700810432434,0.0618736892938613,-2.434844255447388,0
2023-10-21 17:02:59.080,-0.1240900754928588,0.1188108921051025,0.0695133209228515,0.6922468543052673,-0.2581611275672912,0.6345488429069519,0.2269249856472015,-1.5092076063156128,0.0694884061813354,-2.442712783813477,0
2023-10-21 17:02:59.100,-0.0463379025459289,0.01215261220932,0.0207366943359375,0.690665066242218,-0.2620499432086944,0.6343638300895691,0.2278029173612594,-1.5127846002578735,0.0730225145816803,-2.4354939460754395,0
2023-10-21 17:02:59.160,0.4006620645523071,0.2188038229942321,-0.2372169494628906,0.6933199167251587,-0.2538330256938934,0.6361303925514221,0.224086046218872,-1.5088040828704834,0.0669290497899055,-2.45346736907959,0
2023-10-21 17:02:59.180,0.587669312953949,0.1792193055152893,-0.5137262344360352,0.6920598745346069,-0.2578525245189667,0.6334571838378906,0.2308619767427444,-1.5061289072036743,0.0644610673189163,-2.437211275100708,0
2023-10-21 17:02:59.200,0.8757173418998718,0.1628948450088501,-0.9367475509643556,0.6910220384597778,-0.2604073882102966,0.6323869824409485,0.2340154945850372,-1.5060694217681885,0.063961386680603,-2.428582191467285,0
2023-10-21 17:02:59.260,1.5235248804092407,0.2351807653903961,-2.763908863067627,0.6891847848892212,-0.2637801468372345,0.6303974986076355,0.2409220486879348,-1.5045913457870483,0.0598689578473567,-2.41296648979187,0
2023-10-21 17:02:59.310,-0.991741180419922,0.1857624650001526,-6.557787895202637,0.691764235496521,-0.2596385478973388,0.6296908855438232,0.2398738265037536,-1.4984607696533203,0.0571556985378265,-2.4208617210388184,0
2023-10-21 17:02:59.330,-2.10943603515625,0.4887975752353668,-7.34992504119873,0.691764235496521,-0.2596385478973388,0.6296908855438232,0.2398738265037536,-1.4984607696533203,0.0571556985378265,-2.4208617210388184,0
2023-10-21 17:02:59.350,-2.076831579208374,0.0084494054317474,-7.924924373626709,0.6918897032737732,-0.2588081657886505,0.6295648217201233,0.2407389432191848,-1.4972859621047974,0.0550396516919136,-2.420771360397339,0
2023-10-21 17:02:59.410,-0.3447686433792114,-0.1269749253988266,-0.1434402465820312,0.6923655867576599,-0.2510093152523041,0.6330168843269348,0.2385663986206054,-1.4980889558792114,0.0455630682408809,-2.4355733394622803,0
2023-10-21 17:02:59.430,-2.7353672981262207,-0.4096124172210693,8.224542617797852,0.6923655867576599,-0.2510093152523041,0.6330168843269348,0.2385663986206054,-1.4980889558792114,0.0455630682408809,-2.4355733394622803,0
2023-10-21 17:02:59.460,0.2833106517791748,-0.8136839270591736,16.413206100463867,0.6952649354934692,-0.2493693530559539,0.6297968029975891,0.240369826555252,-1.4882811307907104,0.0440014414489269,-2.4353582859039307,0
2023-10-21 17:02:59.480,2.2502546310424805,-0.1740916967391967,19.82172966003418,0.7035925388336182,-0.2364133447408676,0.6280242204666138,0.2337770760059356,-1.4711670875549316,0.0390519201755523,-2.464676856994629,0
2023-10-21 17:02:59.500,2.2009315490722656,0.3508090674877167,12.238901138305664,0.7053930759429932,-0.2346187382936477,0.6267673373222351,0.2335323244333267,-1.4662963151931765,0.0382653586566448,-2.4677112102508545,0
2023-10-21 17:02:59.560,-1.4712995290756226,-0.7104760408401489,11.955486297607422,0.7117133736610413,-0.234145775437355,0.6188738942146301,0.2358706593513488,-1.446024775505066,0.0413527600467205,-2.465059995651245,0
2023-10-21 17:02:59.580,-2.7191293239593506,-0.8322658538818359,16.155303955078125,0.7117133736610413,-0.234145775437355,0.6188738942146301,0.2358706593513488,-1.446024775505066,0.0413527600467205,-2.465059995651245,0
2023-10-21 17:02:59.600,-1.1898250579833984,0.5674073696136475,17.428756713867188,0.7119126915931702,-0.2344929873943328,0.6182904839515686,0.2364537715911865,-1.4448961019515991,0.0414947420358657,-2.463667631149292,0
2023-10-21 17:02:59.630,3.347172498703003,0.8949981331825256,7.990442276000977,0.7150166630744934,-0.2347065806388855,0.6127515435218811,0.2412460893392563,-1.431336760520935,0.0400010608136653,-2.4560024738311768,0
2023-10-21 17:02:59.650,2.197671890258789,0.3133718967437744,2.4546117782592773,0.7184364795684814,-0.2248470485210418,0.6139304637908936,0.2374497205018997,-1.425143480300903,0.0315266326069831,-2.4759397506713867,0
2023-10-21 17:02:59.710,0.2047088146209716,0.0768646597862243,-6.546178817749023,0.7353876829147339,-0.1992193013429641,0.5992660522460938,0.2457581013441085,-1.3670047521591189,-0.0015421515563502,-2.497808694839477,0
2023-10-21 17:02:59.730,1.7299773693084717,0.1323837041854858,-10.927461624145508,0.7353876829147339,-0.1992193013429641,0.5992660522460938,0.2457581013441085,-1.3670047521591189,-0.0015421515563502,-2.497808694839477,0
2023-10-21 17:02:59.750,4.755375385284424,0.365990400314331,-18.540542602539062,0.7362090945243835,-0.1984276920557022,0.5980784296989441,0.2468297630548477,-1.3634556531906128,-0.00307855498977,-2.497103691101074,0
2023-10-21 17:02:59.810,2.057291984558105,1.6585161685943604,-15.436933517456056,0.745032787322998,-0.1806011497974395,0.5986006855964661,0.2323504388332367,-1.3508986234664917,-0.0090628312900662,-2.544239044189453,0
2023-10-21 17:02:59.860,-1.4852157831192017,0.8315046429634094,-6.721620559692383,0.7358914613723755,-0.1952906250953674,0.601063072681427,0.2429990172386169,-1.3682423830032349,-0.0046900981105864,-2.507542848587036,0
2023-10-21 17:02:59.880,-1.190055251121521,0.7380884885787964,-5.310535907745361,0.7414484024047852,-0.1953341662883758,0.5945694446563721,0.2420456707477569,-1.352400541305542,0.0018345128046348,-2.509035587310791,0
2023-10-21 17:02:59.900,-1.179261565208435,0.798988401889801,-4.557020664215088,0.7446550130844116,-0.1887069940567016,0.5960519909858704,0.2336680293083191,-1.3508020639419556,0.0024866487365216,-2.5314745903015137,0
2023-10-21 17:02:59.960,-0.0611061453819274,-0.5459796190261841,-8.923694610595703,0.7438586950302124,-0.2031446695327758,0.5888627171516418,0.2421720921993255,-1.3449018001556396,0.0170104652643203,-2.498567819595337,0
2023-10-21 17:02:59.980,0.3205458521842956,-0.7726806402206421,-11.216022491455078,0.7252861261367798,-0.2263254821300506,0.6014063358306885,0.2470776587724685,-1.3956433534622192,0.0311183482408523,-2.4588329792022705,0
2023-10-21 17:03:00.010,3.632002353668213,0.2388680726289749,-13.370040893554688,0.7238514423370361,-0.2275788784027099,0.602965772151947,0.2463317662477493,-1.4006067514419556,0.0324130468070507,-2.45824670791626,0
2023-10-21 17:03:00.030,5.40079927444458,0.8093258142471313,-13.721685409545898,0.6952365040779114,-0.2431945353746414,0.6336871981620789,0.2365228533744812,-1.4920631647109983,0.0384018905460834,-2.450256109237671,0
2023-10-21 17:03:00.050,5.02470588684082,0.1846016943454742,-12.6632661819458,0.6952365040779114,-0.2431945353746414,0.6336871981620789,0.2365228533744812,-1.4920631647109983,0.0384018905460834,-2.450256109237671,0
2023-10-21 17:03:00.110,-4.96945333480835,-9.899088859558104,16.187091827392578,0.6881778836250305,-0.2426642626523971,0.645778238773346,0.2247127741575241,-1.5225623846054075,0.0437771119177341,-2.468641519546509,0
2023-10-21 17:03:00.130,-5.268455505371094,-5.628839492797852,63.26019287109375,0.6882286667823792,-0.2426178604364395,0.6457533836364746,0.2246788889169693,-1.5224529504776,0.0437928326427936,-2.468763828277588,0
2023-10-21 17:03:00.150,1.458772897720337,-0.2780259251594543,53.369083404541016,0.693547248840332,-0.2360962033271789,0.6421808004379272,0.2255095690488815,-1.5069825649261477,0.037860944867134,-2.4773311614990234,0
2023-10-21 17:03:00.180,2.5057075023651123,0.5659976601600647,14.158158302307127,0.696700394153595,-0.2310598045587539,0.6414082646369934,0.2231939136981964,-1.5002795457839966,0.0356496088206768,-2.48831558227539,0
2023-10-21 17:03:00.200,0.1330325603485107,5.763416767120361,18.31614112854004,0.6969563364982605,-0.2306276261806488,0.6413695216178894,0.2229529321193695,-1.4997799396514893,0.035491794347763,-2.489320039749145,0
2023-10-21 17:03:00.260,1.8915252685546875,-0.1708385646343231,18.499099731445312,0.695549488067627,-0.2237915992736816,0.6478075385093689,0.2155773490667343,-1.5102027654647827,0.0320164710283279,-2.510360717773437,0
2023-10-21 17:03:00.280,1.451198935508728,0.4378688037395477,11.519678115844728,0.6955043077468872,-0.2234231680631637,0.6480876207351685,0.2152634859085083,-1.5106005668640137,0.0317697040736675,-2.5113680362701416,0
2023-10-21 17:03:00.300,3.366406917572021,0.1936252117156982,4.027738571166992,0.7000429630279541,-0.2169198244810104,0.6459680199623108,0.2135673463344574,-1.4993658065795898,0.0277946311980485,-2.52349853515625,0
2023-10-21 17:03:00.360,4.597068309783936,-0.8576806783676147,-13.054898262023926,0.7301907539367676,-0.2066095024347305,0.6125859618186951,0.2210710793733596,-1.405869483947754,0.0308835133910179,-2.527453660964966,0
2023-10-21 17:03:00.410,3.9394612312316895,-1.1994390487670898,-21.164691925048828,0.7568798661231995,-0.1965422630310058,0.5824187397956848,0.2220191210508346,-1.323788046836853,0.0389114171266555,-2.54061222076416,0
2023-10-21 17:03:00.430,0.0517108738422393,1.119773030281067,-14.373916625976562,0.7568798661231995,-0.1965422630310058,0.5824187397956848,0.2220191210508346,-1.323788046836853,0.0389114171266555,-2.54061222076416,0
2023-10-21 17:03:00.450,-2.179471969604492,2.291921615600586,-10.885066986083984,0.754770815372467,-0.1898456662893295,0.5836068391799927,0.231695294380188,-1.3214654922485352,0.0161427110433578,-2.5333592891693115,0
2023-10-21 17:03:00.510,-1.7782799005508425,0.2014929205179214,-6.240251541137695,0.718489408493042,-0.2120541334152221,0.622098982334137,0.2275940477848053,-1.4342894554138184,0.0215469282120466,-2.5092673301696777,0
2023-10-21 17:03:00.530,-1.514481544494629,0.5189765095710754,-6.181057929992676,0.718489408493042,-0.2120541334152221,0.622098982334137,0.2275940477848053,-1.4342894554138184,0.0215469282120466,-2.5092673301696777,0
2023-10-21 17:03:00.550,-0.3242007791996002,0.6446223258972168,-6.837925910949707,0.7172898650169373,-0.2129041105508804,0.623360812664032,0.2271311432123184,-1.4381890296936035,0.0222604479640722,-2.5087785720825195,0
2023-10-21 17:03:00.560,0.970302939414978,0.3859076499938965,-7.750123977661133,0.7166914343833923,-0.2091275006532669,0.6253835558891296,0.2269681543111801,-1.440085768699646,0.0158761255443096,-2.5142741203308105,0
2023-10-21 17:03:00.580,2.20499587059021,0.0174019336700439,-8.833251953125,0.7166428565979004,-0.2087411135435104,0.6255725622177124,0.2269562482833862,-1.4402384757995603,0.0152310356497764,-2.51482892036438,0
2023-10-21 17:03:00.600,2.683432579040528,-0.0970165133476257,-9.903213500976562,0.7054089307785034,-0.2066551148891449,0.6411703824996948,0.2204370349645614,-1.4782723188400269,0.0088774533942341,-2.5277395248413086,0
2023-10-21 17:03:00.660,1.070717453956604,1.190911889076233,-11.352771759033203,0.6832298040390015,-0.2116551548242569,0.667073667049408,0.2083552330732345,-1.5503640174865725,0.0112418811768293,-2.5385830402374268,0
2023-10-21 17:03:00.680,2.4581503868103027,0.4159384369850158,-10.29171657562256,0.6730658411979675,-0.2187760472297668,0.676336407661438,0.2041777670383453,-1.5813860893249512,0.0183166675269603,-2.534017562866211,0
2023-10-21 17:03:00.700,-4.071561336517334,-3.3134989738464355,-4.794463157653809,0.6720398664474487,-0.2194850444793701,0.6772531270980835,0.2037570774555206,-1.584490180015564,0.019016308709979,-2.5335490703582764,0
2023-10-21 17:03:00.730,-6.674825668334961,1.338804006576538,54.8189697265625,0.6837219595909119,-0.2220829576253891,0.6648308038711548,0.2029866427183151,-1.5534272193908691,0.0337888821959495,-2.5311930179595947,0
2023-10-21 17:03:00.750,6.627010345458984,1.682774543762207,56.60923004150391,0.6952550411224365,-0.2200149893760681,0.6528577208518982,0.2049163579940796,-1.5199967622756958,0.038380030542612,-2.531873941421509,0
2023-10-21 17:03:00.810,-2.005921602249145,-0.6647170782089233,-4.919153213500977,0.6984227299690247,-0.2175181061029434,0.6480801701545715,0.211857870221138,-1.5053657293319702,0.0292415861040353,-2.525172233581543,0
2023-10-21 17:03:00.830,-0.322802186012268,-0.7354031801223755,-7.288511276245117,0.6984227299690247,-0.2175181061029434,0.6480801701545715,0.211857870221138,-1.5053657293319702,0.0292415861040353,-2.525172233581543,0
2023-10-21 17:03:00.850,-0.0968502759933471,0.6958634257316589,-11.7273588180542,0.6983931064605713,-0.2175479084253311,0.6480061411857605,0.2121512442827224,-1.5052000284194946,0.0289213135838508,-2.524683952331543,0
2023-10-21 17:03:00.910,2.740891695022583,-1.0918749570846558,-8.248699188232422,0.688644289970398,-0.2261375784873962,0.6568505764007568,0.20779350399971,-1.5359452962875366,0.0384876355528831,-2.51831316947937,0
2023-10-21 17:03:00.960,0.0333739817142486,0.3091554641723633,-4.233889579772949,0.6834839582443237,-0.2310554087162017,0.6627417802810669,0.2005908489227295,-1.5560038089752195,0.0499862842261791,-2.521405935287476,0
2023-10-21 17:03:00.980,-0.1370645463466644,0.6414711475372314,-3.5194077491760254,0.6780929565429688,-0.2301111668348312,0.6680236458778381,0.202443316578865,-1.5692083835601809,0.0416116975247859,-2.519798755645752,0
2023-10-21 17:03:01.000,-1.4576817750930786,0.4242522120475769,-0.3759489059448242,0.6775562763214111,-0.2300115674734115,0.668544352054596,0.2026344090700149,-1.5705097913742063,0.0407626554369926,-2.519641399383545,0
2023-10-21 17:03:01.060,-0.2358787059783935,-0.7679921388626099,8.619365692138672,0.7081120610237122,-0.2109909504652023,0.6339842081069946,0.2283071875572204,-1.4634921550750732,0.0093243280425667,-2.5094313621521,0
2023-10-21 17:03:01.080,-0.1080879569053649,-0.1068437099456787,7.496993064880371,0.7093270421028137,-0.2095620781183242,0.6324607729911804,0.2300703227519989,-1.458403468132019,0.0062752477824687,-2.508697986602783,0
2023-10-21 17:03:01.100,0.4882063865661621,0.1269575357437133,4.512580871582031,0.6743890047073364,-0.2222012430429458,0.669105052947998,0.2193729728460312,-1.5649460554122925,0.0061330585740506,-2.5065042972564697,0
2023-10-21 17:03:01.110,0.452339231967926,0.0503693670034408,0.8017787933349609,0.6707883477210999,-0.2234310656785965,0.6726667284965515,0.2182684987783432,-1.5756003856658936,0.0061060269363224,-2.506286144256592,0
2023-10-21 17:03:01.130,0.087862879037857,-0.2490031421184539,-1.9275016784667969,0.6586659550666809,-0.2291584610939026,0.6845268607139587,0.212293654680252,-1.612992763519287,0.0112365763634443,-2.5062804222106934,0
2023-10-21 17:03:01.150,-0.2214078903198242,-0.5415350198745728,-3.2451839447021484,0.6586659550666809,-0.2291584610939026,0.6845268607139587,0.212293654680252,-1.612992763519287,0.0112365763634443,-2.5062804222106934,0
2023-10-21 17:03:01.210,-0.7033308148384094,0.0583487749099731,-3.138392448425293,0.6844837069511414,-0.2312487065792083,0.6575449705123901,0.2136369794607162,-1.5424572229385376,0.0356276296079158,-2.501893997192383,0
2023-10-21 17:03:01.230,-0.3735761046409607,-0.0041472613811492,-1.8997268676757808,0.6844837069511414,-0.2312487065792083,0.6575449705123901,0.2136369794607162,-1.5424572229385376,0.0356276296079158,-2.501893997192383,0
2023-10-21 17:03:01.250,-0.1598693430423736,-0.3999459743499756,-0.1382198333740234,0.6908916234970093,-0.2307771444320678,0.6497842073440552,0.2172353267669677,-1.5216989517211914,0.0365799888968467,-2.497485876083374,0
2023-10-21 17:03:01.280,-0.1279895305633545,0.0944157242774963,4.819777488708496,0.6924865245819092,-0.2269206047058105,0.6484238505363464,0.2202633172273636,-1.5146366357803345,0.0286348555237054,-2.4986088275909424,0
2023-10-21 17:03:01.300,-0.6742212772369385,0.7940517663955688,4.563067436218262,0.6925770044326782,-0.2265398353338241,0.6483709216117859,0.2205268144607544,-1.5141544342041016,0.0278298128396272,-2.498767375946045,0
2023-10-21 17:03:01.360,-0.3021472990512848,0.1625019013881683,-0.9071626663208008,0.7017346620559692,-0.2174006551504135,0.6405834555625916,0.2235137224197387,-1.4858999252319336,0.0187578778713941,-2.507650852203369,0
2023-10-21 17:03:01.380,-0.4695289731025696,-0.2188788652420044,-1.5550060272216797,0.7022247910499573,-0.2170532345771789,0.6400752067565918,0.2237675786018371,-1.484290599822998,0.0183851942420005,-2.507767677307129,0
2023-10-21 17:03:01.400,-0.3297612071037292,-0.4098418354988098,-1.836881160736084,0.7000696063041687,-0.2161031812429428,0.6429247260093689,0.223270758986473,-1.490807056427002,0.0154825672507286,-2.5098438262939453,0
2023-10-21 17:03:01.460,-0.4481374025344848,0.1266336739063263,-0.2856826782226562,0.6891791820526123,-0.2190425843000412,0.6561543941497803,0.2156707197427749,-1.527811884880066,0.018893739208579,-2.51692533493042,0
2023-10-21 17:03:01.510,0.1369727849960327,0.1249736100435257,1.493971824645996,0.691615104675293,-0.2189957350492477,0.6537259817123413,0.215294599533081,-1.5213985443115234,0.0214357990771532,-2.5176215171813965,0
2023-10-21 17:03:01.530,0.2131403088569641,0.1812564432621002,1.2214469909667969,0.691615104675293,-0.2189957350492477,0.6537259817123413,0.215294599533081,-1.5213985443115234,0.0214357990771532,-2.5176215171813965,0
2023-10-21 17:03:01.550,0.018130213022232,0.2149906158447265,0.6156949996948242,0.694001317024231,-0.2177960723638534,0.6504878401756287,0.2186150699853897,-1.5118919610977173,0.0178895890712738,-2.5143930912017822,0
2023-10-21 17:03:01.610,-0.5949954986572266,-0.1189171969890594,-0.9411182403564452,0.6941779851913452,-0.21756611764431,0.649808406829834,0.2202976644039154,-1.5099231004714966,0.0157573483884334,-2.5121712684631348,0
2023-10-21 17:03:01.630,-0.4815262258052826,-0.0825337171554565,-0.8094921112060547,0.6941779851913452,-0.21756611764431,0.649808406829834,0.2202976644039154,-1.5099231004714966,0.0157573483884334,-2.5121712684631348,0
2023-10-21 17:03:01.650,-0.3336504697799682,-0.0911037027835846,-0.3394079208374023,0.6939451694488525,-0.217700257897377,0.6500542163848877,0.2201731950044632,-1.5106803178787231,0.0158957075327634,-2.512162208557129,0
2023-10-21 17:03:01.660,-0.2267449498176574,-0.1518216729164123,0.1595497131347656,0.6914070844650269,-0.2191866338253021,0.6527398824691772,0.218732938170433,-1.5189894437789917,0.0175438579171895,-2.512141227722168,0
2023-10-21 17:03:01.680,-0.0541547834873199,-0.128798097372055,0.5344381332397461,0.691154956817627,-0.2193337082862854,0.6530053615570068,0.2185899466276168,-1.519812822341919,0.017707260325551,-2.512138605117798,0
2023-10-21 17:03:01.700,0.0354778468608856,-0.0253642499446868,0.7424402236938477,0.6889456510543823,-0.2203981131315231,0.6552741527557373,0.2177023887634277,-1.5266937017440796,0.0183761920779943,-2.51188063621521,0
2023-10-21 17:03:01.760,-0.2119648158550262,0.0207406282424926,-0.0430612564086914,0.6899167895317078,-0.2194658666849136,0.654489278793335,0.2179299741983413,-1.5238147974014282,0.0175616238266229,-2.5129175186157227,0
2023-10-21 17:03:01.780,-0.2653625011444092,-0.0095299482345581,-0.312744140625,0.692516028881073,-0.2187220454216003,0.6515029072761536,0.2193766981363296,-1.515350580215454,0.0170887392014265,-2.511863470077514,0
2023-10-21 17:03:01.800,-0.3220832645893097,-0.0541976690292358,-0.3708181381225586,0.692775309085846,-0.2186474502086639,0.6512036323547363,0.219521164894104,-1.5145041942596436,0.0170419719070196,-2.5117578506469727,0
2023-10-21 17:03:01.850,-0.0521514117717742,-0.0872445106506347,0.07403564453125,0.6927626729011536,-0.219665378332138,0.6513441801071167,0.2181233465671539,-1.5157614946365356,0.0202065743505954,-2.512401342391968,0
2023-10-21 17:03:01.910,0.1106108427047729,-0.1407754719257354,0.0912141799926757,0.6909992098808289,-0.2200989872217178,0.6537436842918396,0.2160923033952713,-1.5224149227142334,0.0216401722282171,-2.514796257019043,0
2023-10-21 17:03:01.930,0.1776158511638641,-0.1458109319210052,-0.0190687179565429,0.6916270852088928,-0.2198171764612198,0.6532593965530396,0.2158345431089401,-1.5208983421325684,0.0220729149878025,-2.515612363815308,0
2023-10-21 17:03:01.950,0.2049067616462707,-0.1423928141593933,-0.1701440811157226,0.6916898488998413,-0.2197889983654022,0.6532109379768372,0.2158087641000747,-1.5207467079162598,0.0221161395311355,-2.5156939029693604,0
2023-10-21 17:03:02.010,0.4119408130645752,-0.1618473827838897,-0.5272083282470703,0.6948227882385254,-0.2195131778717041,0.6496186256408691,0.216866135597229,-1.511125564575195,0.023287046700716,-2.514583110809326,0
2023-10-21 17:03:02.060,1.6556744575500488,-0.0589314699172973,-2.7584657669067383,0.694002091884613,-0.2198471128940582,0.6505420804023743,0.2163873314857483,-1.5138251781463623,0.0236127860844135,-2.514800786972046,0
2023-10-21 17:03:02.080,2.043961763381958,-0.2525018453598022,-4.451319217681885,0.693402886390686,-0.2198329120874405,0.651382565498352,0.2157934159040451,-1.516005039215088,0.023739630356431,-2.515702247619629,0
2023-10-21 17:03:02.100,1.8734334707260127,-0.2222479283809662,-6.124563217163086,0.6933436393737793,-0.2198311686515808,0.6514657139778137,0.215734452009201,-1.5162204504013062,0.0237521212548017,-2.51579213142395,0
2023-10-21 17:03:02.160,-3.339444637298584,0.8735984563827515,-7.252638339996338,0.695385754108429,-0.2187346816062927,0.6494966149330139,0.2162130773067474,-1.5101239681243896,0.0233527794480323,-2.5167160034179688,0
2023-10-21 17:03:02.180,-3.2072153091430664,0.673997163772583,-6.689626216888428,0.6966608166694641,-0.2181974351406097,0.6481319069862366,0.2167457640171051,-1.5061042308807373,0.0230615604668855,-2.516720771789551,0
2023-10-21 17:03:02.200,0.1709487438201904,-0.0425900369882583,-5.3305344581604,0.6966608166694641,-0.2181974351406097,0.6481319069862366,0.2167457640171051,-1.5061042308807373,0.0230615604668855,-2.516720771789551,0
2023-10-21 17:03:02.210,1.3242799043655396,-1.208033800125122,-1.367074489593506,0.6967734694480896,-0.2181508094072342,0.6480104327201843,0.2167937159538269,-1.5057477951049805,0.0230362527072429,-2.51671838760376,0
2023-10-21 17:03:02.230,-1.1312990188598633,0.0612067729234695,4.569601058959961,0.6975138783454895,-0.2177099734544754,0.6472060680389404,0.2172579616308212,-1.5032745599746704,0.0224920101463794,-2.5166690349578857,0
2023-10-21 17:03:02.250,-2.0744943618774414,1.22184956073761,7.95393180847168,0.6975138783454895,-0.2177099734544754,0.6472060680389404,0.2172579616308212,-1.5032745599746704,0.0224920101463794,-2.5166690349578857,0
2023-10-21 17:03:02.310,1.0234593152999878,-0.949539303779602,16.54833984375,0.6990747451782227,-0.2169132232666015,0.6449317336082458,0.2197868525981903,-1.4966906309127808,0.0197833571583032,-2.513999462127685,0
2023-10-21 17:03:02.330,0.1728866100311279,-0.2727249562740326,11.400752067565918,0.6990747451782227,-0.2169132232666015,0.6449317336082458,0.2197868525981903,-1.4966906309127808,0.0197833571583032,-2.513999462127685,0
2023-10-21 17:03:02.350,-0.256366491317749,0.2255780845880508,10.52245044708252,0.7001674771308899,-0.2165736705064773,0.6427386403083801,0.2230436652898788,-1.4907341003417969,0.0165588669478893,-2.509521245956421,0
2023-10-21 17:03:02.400,-0.3214819431304931,0.2525248229503631,12.864982604980469,0.7046676278114319,-0.2149946391582489,0.636290967464447,0.2288113385438919,-1.4728105068206787,0.0118186241015791,-2.5029430389404297,0
2023-10-21 17:03:02.460,2.227114200592041,0.8500857353210449,7.007542610168457,0.7145395874977112,-0.2088163495063781,0.6258760094642639,0.2326119244098663,-1.4410796165466309,0.0072427131235599,-2.505791187286377,0
2023-10-21 17:03:02.480,2.185876846313477,0.273154616355896,2.953497886657715,0.7146981358528137,-0.208577886223793,0.6257690191268921,0.2326265126466751,-1.4406088590621948,0.0069995797239243,-2.506101369857788,0
2023-10-21 17:03:02.500,0.6602617502212524,-0.1187160313129425,-0.6824550628662109,0.7149420976638794,-0.2074950188398361,0.6243155598640442,0.2367145866155624,-1.4360369443893433,0.0011246504727751,-2.501138687133789,0
2023-10-21 17:03:02.560,-1.2365338802337646,0.0589865446090698,-6.657845973968506,0.7324521541595459,-0.1927711069583892,0.6014900207519531,0.2540926039218902,-1.3672406673431396,-0.0232792068272829,-2.492724895477295,0
2023-10-21 17:03:02.610,1.302456974983215,0.3343824744224548,-21.660648345947266,0.7329348921775818,-0.1949067115783691,0.5992533564567566,0.2563462257385254,-1.3634525537490845,-0.0215264800935983,-2.486152410507202,0
2023-10-21 17:03:02.630,4.743631839752197,-0.0974081158638,-22.329137802124023,0.7329348921775818,-0.1949067115783691,0.5992533564567566,0.2563462257385254,-1.3634525537490845,-0.0215264800935983,-2.486152410507202,0
2023-10-21 17:03:02.650,4.637729644775391,1.080669641494751,-16.8306884765625,0.7259684801101685,-0.2009091526269912,0.6052055358886719,0.257549375295639,-1.382932186126709,-0.020034521818161,-2.476347684860229,0
2023-10-21 17:03:02.710,-1.746386170387268,0.7006645202636719,-6.233078002929688,0.7303382754325867,-0.2056536972522735,0.5972514748573303,0.2600063383579254,-1.3673917055130005,-0.0101850004866719,-2.4658570289611816,0
2023-10-21 17:03:02.730,-1.4154634475708008,0.4073753356933594,-5.396918773651123,0.7303382754325867,-0.2056536972522735,0.5972514748573303,0.2600063383579254,-1.3673917055130005,-0.0101850004866719,-2.4658570289611816,0
2023-10-21 17:03:02.750,-1.3479520082473757,0.5668854713439941,-4.930029392242432,0.7307866811752319,-0.2057533711194992,0.5967029929161072,0.2599267363548279,-1.36613929271698,-0.0094746276736259,-2.4658493995666504,0
2023-10-21 17:03:02.760,-0.6990147233009338,0.7445898056030273,-5.178980350494385,0.7320199608802795,-0.2082273215055465,0.5951590538024902,0.2580194473266601,-1.3644810914993286,-0.0022721011191606,-2.4656808376312256,0
2023-10-21 17:03:02.780,0.6130049228668213,0.3788866400718689,-6.493402004241943,0.7321382761001587,-0.2084735631942749,0.5950096845626831,0.257829338312149,-1.3643277883529663,-0.0015589600661769,-2.4656646251678467,0
2023-10-21 17:03:02.800,1.862147331237793,-0.1689843535423278,-8.587291717529297,0.7307237982749939,-0.2112861275672912,0.5977806448936462,0.2530992329120636,-1.3734817504882812,0.0061879851855337,-2.4696483612060547,0
2023-10-21 17:03:02.860,4.2331366539001465,-0.7610222101211548,-15.116164207458496,0.7011411190032959,-0.2270437180995941,0.634966254234314,0.2316685020923614,-1.4801075458526611,0.0241783577948808,-2.481267213821411,0
2023-10-21 17:03:02.880,4.164924144744873,-1.489579439163208,-10.869820594787598,0.7011411190032959,-0.2270437180995941,0.634966254234314,0.2316685020923614,-1.4801075458526611,0.0241783577948808,-2.481267213821411,0
2023-10-21 17:03:02.900,1.0171518325805664,-2.143637657165528,-4.826171398162842,0.6991661190986633,-0.2279779314994812,0.6372140049934387,0.2305455356836319,-1.4867023229599,0.0249778069555759,-2.4815988540649414,0
2023-10-21 17:03:02.950,-14.464374542236328,-2.611294746398926,68.73223114013672,0.6823696494102478,-0.2382275611162185,0.655504047870636,0.218937948346138,-1.543649196624756,0.0380983129143714,-2.483567953109741,0
2023-10-21 17:03:03.010,5.214303493499756,2.6905083656311035,11.568904876708984,0.6892726421356201,-0.2348348051309585,0.6488234400749207,0.220871165394783,-1.5229836702346802,0.0371261574327945,-2.485994338989258,0
2023-10-21 17:03:03.030,-5.836794376373291,-0.555061936378479,16.567100524902344,0.6892880797386169,-0.2329043596982956,0.6497045159339905,0.2202761620283126,-1.523470759391785,0.0348546132445335,-2.489722728729248,0
2023-10-21 17:03:03.050,-4.875207424163818,0.2533293962478637,23.70806884765625,0.6892894506454468,-0.2327112704515457,0.649792492389679,0.220216616988182,-1.5235199928283691,0.0346275605261325,-2.490095615386963,0
2023-10-21 17:03:03.110,4.904580116271973,1.1750807762145996,0.6033315658569336,0.6839787364006042,-0.2337680906057357,0.6551355123519897,0.2198252230882644,-1.538474440574646,0.0317595340311527,-2.4889132976531982,0
2023-10-21 17:03:03.130,4.014591217041016,1.0739623308181765,-3.462604522705078,0.6895960569381714,-0.2315893620252609,0.6488234996795654,0.2232753485441208,-1.5199631452560425,0.0296779926866292,-2.487135410308838,0
2023-10-21 17:03:03.160,2.4920597076416016,-0.994478166103363,-10.478363037109377,0.6901562213897705,-0.2313701808452606,0.6481872200965881,0.2236192673444748,-1.5181066989898682,0.0294731017202138,-2.4869558811187744,0
2023-10-21 17:03:03.180,0.905003309249878,-1.478332757949829,-14.92803192138672,0.7011578679084778,-0.2331285625696182,0.6321961879730225,0.2331454455852508,-1.4786604642868042,0.03213806822896,-2.470259189605713,0
2023-10-21 17:03:03.200,0.2336963415145874,-1.7901229858398438,-20.94580841064453,0.7022345066070557,-0.2333006262779235,0.630587100982666,0.2340887188911438,-1.4747366905212402,0.0324425399303436,-2.468597412109375,0
2023-10-21 17:03:03.260,-0.6870400309562683,1.5966413021087646,-12.375740051269531,0.7460633516311646,-0.2167487740516662,0.5786257982254028,0.2481969147920608,-1.331952691078186,0.0361982360482215,-2.4708330631256104,0
2023-10-21 17:03:03.280,-1.4275469779968262,3.493215799331665,-9.952176094055176,0.7482728958129883,-0.2150432765483856,0.5758508443832397,0.2494794279336929,-1.3238439559936523,0.0345030650496482,-2.471073627471924,0
2023-10-21 17:03:03.300,-0.5670968890190125,2.9126596450805664,-8.643363952636719,0.728834331035614,-0.2272969186305999,0.5973101258277893,0.2456773221492767,-1.3865103721618652,0.0378415286540985,-2.4599099159240723,0
2023-10-21 17:03:03.310,-0.830600380897522,1.975776553153992,-7.982064247131348,0.7268499135971069,-0.2285099327564239,0.5994234681129456,0.2452834844589233,-1.3927793502807615,0.0381367541849613,-2.458782434463501,0
2023-10-21 17:03:03.330,-0.823445200920105,1.759404182434082,-7.417804718017578,0.7157782316207886,-0.2288440614938736,0.6143486499786377,0.2405572682619094,-1.4298458099365234,0.0320365987718105,-2.4653429985046387,0
2023-10-21 17:03:03.350,-0.3322687447071075,1.7296793460845947,-7.316866874694824,0.7157782316207886,-0.2288440614938736,0.6143486499786377,0.2405572682619094,-1.4298458099365234,0.0320365987718105,-2.4653429985046387,0
2023-10-21 17:03:03.410,0.2425445914268493,1.5614217519760132,-8.716232299804688,0.7127038836479187,-0.2108033746480941,0.6263096332550049,0.2352688312530517,-1.4438573122024536,0.0057785236276686,-2.4988160133361816,0
2023-10-21 17:03:03.430,0.4252822697162628,0.1916188597679138,-10.521501541137695,0.7127038836479187,-0.2108033746480941,0.6263096332550049,0.2352688312530517,-1.4438573122024536,0.0057785236276686,-2.4988160133361816,0
2023-10-21 17:03:03.450,4.223198413848877,-1.3070237636566162,-9.082171440124512,0.6993210911750793,-0.2177551090717315,0.6419197916984558,0.2268739491701126,-1.4896568059921265,0.0132921375334262,-2.501922607421875,0
2023-10-21 17:03:03.500,-1.1958352327346802,-0.6631436347961426,52.34638595581055,0.6800603866577148,-0.235155701637268,0.657193124294281,0.2243145406246185,-1.5451874732971191,0.0250068139284849,-2.4800026416778564,0
2023-10-21 17:03:03.560,-2.2872085571289062,1.8416391611099243,4.58372688293457,0.6875095367431641,-0.2508318424224853,0.6432507634162903,0.2250391542911529,-1.524083971977234,0.0554137080907821,-2.456040859222412,0
2023-10-21 17:03:03.580,-2.750279903411865,0.63167804479599,-2.4396209716796875,0.6883867383003235,-0.2511221468448639,0.6422207951545715,0.2249754220247268,-1.5217173099517822,0.0568010732531547,-2.455765724182129,0
2023-10-21 17:03:03.600,-0.8001779317855835,-0.7267946600914001,-3.233806133270264,0.6930801272392273,-0.250332623720169,0.6349213719367981,0.2320526987314224,-1.5022318363189695,0.0523546151816844,-2.4465441703796387,0
2023-10-21 17:03:03.660,3.241644382476806,0.8340163230895996,-7.972252368927002,0.6975163221359253,-0.2565155029296875,0.625430703163147,0.237712413072586,-1.4844586849212646,0.0605392046272754,-2.4291563034057617,0
2023-10-21 17:03:03.680,2.614985942840576,-0.2849050760269165,-6.263683795928955,0.6975163221359253,-0.2565155029296875,0.625430703163147,0.237712413072586,-1.4844586849212646,0.0605392046272754,-2.4291563034057617,0
2023-10-21 17:03:03.710,2.984335422515869,-1.6100308895111084,-5.36131477355957,0.6912094354629517,-0.2655659914016723,0.6298893094062805,0.2344007194042205,-1.505151391029358,0.0718923360109329,-2.420374631881714,0
2023-10-21 17:03:03.730,1.729548454284668,-0.370931327342987,-5.63566255569458,0.6912094354629517,-0.2655659914016723,0.6298893094062805,0.2344007194042205,-1.505151391029358,0.0718923360109329,-2.420374631881714,0
2023-10-21 17:03:03.750,0.8600743412971497,0.2406370341777801,-5.901694297790527,0.6820868849754333,-0.2704674005508423,0.6383959650993347,0.2324984967708587,-1.5320899486541748,0.0721749663352966,-2.4151318073272705,0
2023-10-21 17:03:03.810,-3.77085280418396,0.0113772749900817,8.20442008972168,0.7087008357048035,-0.2479003816843032,0.6110042929649353,0.2509230375289917,-1.439853310585022,0.0447592549026012,-2.421764612197876,0
2023-10-21 17:03:03.830,-1.6991009712219238,0.5135430693626404,9.894546508789062,0.7087008357048035,-0.2479003816843032,0.6110042929649353,0.2509230375289917,-1.439853310585022,0.0447592549026012,-2.421764612197876,0
2023-10-21 17:03:03.850,0.0249816179275512,-0.0680839121341705,11.466360092163086,0.7100379467010498,-0.2465915977954864,0.6094892024993896,0.2521142959594726,-1.4348222017288208,0.042870033532381,-2.421815872192383,0
2023-10-21 17:03:03.860,-0.1504500806331634,-0.5608605146408081,4.7903547286987305,0.6803874969482422,-0.2527069449424743,0.644692063331604,0.2399670481681823,-1.5297377109527588,0.0344744063913822,-2.430363655090332,0
2023-10-21 17:03:03.880,0.8547644019126892,-0.3501342535018921,-0.0601348876953125,0.6773208975791931,-0.2532994747161865,0.648146390914917,0.2387092411518097,-1.539281964302063,0.0336993634700775,-2.431260108947754,0
2023-10-21 17:03:03.900,0.8558733463287354,-0.0518474280834198,-2.90852689743042,0.6651327013969421,-0.2520020604133606,0.6640588045120239,0.2304766923189163,-1.5797585248947144,0.0291335955262184,-2.445068120956421,0
2023-10-21 17:03:03.960,-0.5006580352783203,0.076395183801651,-4.737796783447266,0.675197422504425,-0.2479149401187896,0.6564173698425293,0.2275145947933197,-1.5554769039154053,0.036101821810007,-2.45601749420166,0
2023-10-21 17:03:03.980,-1.2865469455718994,0.2084230184555053,-2.398855686187744,0.6894788146018982,-0.2435261905193328,0.6432811617851257,0.2269437313079834,-1.5169498920440674,0.0438490957021713,-2.464076280593872,0
2023-10-21 17:03:04.000,-1.5410394668579102,-0.0452669858932495,-0.0076789855957031,0.6908920407295227,-0.2430819571018219,0.6419534087181091,0.226881667971611,-1.5130929946899414,0.0446066334843635,-2.4648988246917725,0
2023-10-21 17:03:04.050,0.5187605619430542,-0.9033368825912476,4.137871742248535,0.6950516104698181,-0.2403592616319656,0.6381800770759583,0.2277211993932724,-1.500765681266785,0.0434836074709892,-2.467830181121826,0
2023-10-21 17:03:04.110,-0.6728827357292175,0.3545171618461609,-0.732600212097168,0.6945425271987915,-0.2365631312131881,0.6400571465492249,0.2279813736677169,-1.5019659996032717,0.0367723703384399,-2.472936153411865,0
2023-10-21 17:03:04.130,-0.7149694561958313,0.3677619993686676,-2.07716703414917,0.6920632719993591,-0.2349205315113067,0.6432189345359802,0.2283203899860382,-1.5085619688034058,0.0314449034631252,-2.4747085571289062,0
2023-10-21 17:03:04.150,-0.6740247011184692,0.0089905261993408,-2.567146778106689,0.6918146014213562,-0.2347560375928878,0.6435344815254211,0.2283540666103363,-1.5092220306396484,0.0309127923101186,-2.4748876094818115,0
2023-10-21 17:03:04.210,-0.0601301193237304,-0.1550703048706054,0.2105598449707031,0.6861122846603394,-0.2360358983278274,0.6494976878166199,0.227354034781456,-1.5258833169937134,0.0285663120448589,-2.4743242263793945,0
2023-10-21 17:03:04.230,0.1958808302879333,-0.0404949188232421,0.8925790786743164,0.6830858588218689,-0.2349133789539337,0.6542719602584839,0.2239142060279846,-1.5372891426086426,0.0279340706765651,-2.48105788230896,0
2023-10-21 17:03:04.260,0.223678708076477,-0.0305022597312927,1.234588623046875,0.682787299156189,-0.2347984462976455,0.6547418832778931,0.2235719859600067,-1.5384125709533691,0.0278745032846927,-2.48173189163208,0
2023-10-21 17:03:04.280,0.0538021624088287,-0.0341771841049194,0.9863576889038086,0.686805248260498,-0.2318971753120422,0.6524356603622437,0.2210202813148498,-1.5296632051467896,0.0301379282027483,-2.489982843399048,0
2023-10-21 17:03:04.300,-0.1855540871620178,-0.0631833970546722,0.5630054473876953,0.6872086524963379,-0.2316077351570129,0.6521990299224854,0.2207681089639663,-1.5287760496139526,0.0303608328104019,-2.49080228805542,0
2023-10-21 17:03:04.360,-0.4466944336891174,0.0213308632373809,-0.8389348983764648,0.6922071576118469,-0.2299583852291107,0.647585928440094,0.2204563319683075,-1.5152345895767212,0.0328347384929657,-2.493880271911621,0
2023-10-21 17:03:04.380,-0.275851309299469,0.0655312538146972,-0.8558435440063477,0.6920495629310608,-0.2299553453922271,0.6477609276771545,0.2204400897026062,-1.5156863927841189,0.0327018685638904,-2.493902921676636,0
2023-10-21 17:03:04.400,-0.1554679125547409,-0.0060207843780517,-0.5673055648803711,0.6868191361427307,-0.2300033569335937,0.6535592079162598,0.2196322530508041,-1.5308514833450315,0.0288600753992795,-2.4948527812957764,0
2023-10-21 17:03:04.430,0.0189469158649444,-0.0276486277580261,0.5329875946044922,0.6836878061294556,-0.2303422093391418,0.6570544838905334,0.2186159491539001,-1.5403361320495603,0.0276826806366443,-2.495770215988159,0
2023-10-21 17:03:04.450,0.1837463527917862,0.0459352731704711,0.6999788284301758,0.6836878061294556,-0.2303422093391418,0.6570544838905334,0.2186159491539001,-1.5403361320495603,0.0276826806366443,-2.495770215988159,0
2023-10-21 17:03:04.510,0.0091428309679031,0.1266835629940033,0.0455513000488281,0.6877698302268982,-0.231578841805458,0.6515830159187317,0.2208700031042099,-1.5271402597427368,0.0307204164564609,-2.490712404251098,0
2023-10-21 17:03:04.530,-0.0597335249185562,0.1493959128856659,-0.0098505020141601,0.6877698302268982,-0.231578841805458,0.6515830159187317,0.2208700031042099,-1.5271402597427368,0.0307204164564609,-2.490712404251098,0
2023-10-21 17:03:04.550,-0.0467807054519653,0.1453865766525268,-0.1149969100952148,0.6888282895088196,-0.2314478009939193,0.6499864459037781,0.222407728433609,-1.522857666015625,0.029735954478383,-2.4886255264282227,0
2023-10-21 17:03:04.600,0.1696683466434478,-0.018841415643692,-0.4488706588745117,0.6871507167816162,-0.2315637618303299,0.6517342329025269,0.2223616242408752,-1.5275239944458008,0.0284008719027042,-2.488465547561645,0
2023-10-21 17:03:04.660,0.6664279103279114,0.2350376099348068,-0.3270015716552734,0.6839547157287598,-0.2329232543706894,0.6550332903862,0.2210975140333175,-1.5374199151992798,0.028969494625926,-2.488253355026245,0
2023-10-21 17:03:04.680,0.5909634828567505,0.3606891930103302,-0.4447813034057617,0.6838831305503845,-0.2329955101013183,0.6550903916358948,0.2210736870765686,-1.5376369953155518,0.0290409605950117,-2.488179922103882,0
2023-10-21 17:03:04.700,0.4958193898200989,0.3655588030815124,-0.559168815612793,0.6848587393760681,-0.233118399977684,0.6537522673606873,0.2218835651874542,-1.5342450141906738,0.0291967149823904,-2.4868178367614746,0
2023-10-21 17:03:04.760,1.58386492729187,0.0362717509269714,-2.0864577293396,0.6868767142295837,-0.2327631711959839,0.6512645483016968,0.2233300507068634,-1.5274131298065186,0.02886931784451,-2.48523497581482,0
2023-10-21 17:03:04.780,1.800257921218872,0.098165214061737,-3.23131799697876,0.6868767142295837,-0.2327631711959839,0.6512645483016968,0.2233300507068634,-1.5274131298065186,0.02886931784451,-2.48523497581482,0
2023-10-21 17:03:04.810,0.2407094240188598,0.0640181005001068,-5.327965259552002,0.6863316297531128,-0.2325994819402694,0.6519976258277893,0.2230370342731475,-1.5291743278503418,0.0284453835338354,-2.485898017883301,0
2023-10-21 17:03:04.830,-0.8915924429893494,0.0963665843009948,-6.115721702575684,0.6863316297531128,-0.2325994819402694,0.6519976258277893,0.2230370342731475,-1.5291743278503418,0.0284453835338354,-2.485898017883301,0
2023-10-21 17:03:04.850,-2.0426135063171387,0.201802596449852,-6.741148948669434,0.6862377524375916,-0.2319018244743347,0.6524831652641296,0.2226323038339615,-1.5297945737838743,0.0277554560452699,-2.487529993057251,0
2023-10-21 17:03:04.910,-0.3670077323913574,0.2722858488559723,-4.843818664550781,0.6895621418952942,-0.2295359820127487,0.649732768535614,0.2228556871414184,-1.5204355716705322,0.0269686486572027,-2.4907712936401367,0
2023-10-21 17:03:04.930,-0.634902834892273,0.1742311865091323,-1.6283297538757324,0.6895621418952942,-0.2295359820127487,0.649732768535614,0.2228556871414184,-1.5204355716705322,0.0269686486572027,-2.4907712936401367,0
2023-10-21 17:03:04.950,-2.461621761322021,0.0177402645349502,5.310742378234863,0.6897730231285095,-0.229415476322174,0.6495429873466492,0.2228805720806121,-1.5198308229446411,0.0269514471292495,-2.4909167289733887,0
2023-10-21 17:03:04.980,0.2469470500946045,-1.016913890838623,10.906371116638184,0.6932637095451355,-0.2274161726236343,0.6465600728988647,0.2227722108364105,-1.5102529525756836,0.0272508915513753,-2.494110345840454,0
2023-10-21 17:03:05.000,0.6820528507232666,-1.611109733581543,16.423282623291016,0.6968961954116821,-0.2252770960330963,0.6435903310775757,0.2222105711698532,-1.500627875328064,0.0279679987579584,-2.498188734054565,0
2023-10-21 17:03:05.060,0.2596871852874756,0.5198934674263,8.966456413269043,0.7020037770271301,-0.2228733152151107,0.6388986706733704,0.2220961451530456,-1.4863884449005127,0.0291260834783315,-2.502004861831665,0
2023-10-21 17:03:05.080,-0.1641229391098022,0.2550622224807739,9.664331436157228,0.7087900638580322,-0.2199829965829849,0.631794810295105,0.223739668726921,-1.465672731399536,0.0291325226426124,-2.5038418769836426,0
2023-10-21 17:03:05.100,-0.8484920263290405,-0.0191074907779693,11.528678894042969,0.7094644904136658,-0.2196926772594452,0.6310807466506958,0.2239027321338653,-1.4636013507843018,0.0291310027241706,-2.50402569770813,0
2023-10-21 17:03:05.150,-0.1979569196701049,0.5409872531890869,15.616535186767578,0.7222665548324585,-0.2128035277128219,0.6166478991508484,0.2297633290290832,-1.4212768077850342,0.0240379180759191,-2.5049214363098145,0
2023-10-21 17:03:05.210,2.7819032669067383,-0.1781733632087707,2.26126766204834,0.7266704440116882,-0.2097203582525253,0.610521137714386,0.2350138276815414,-1.4034268856048584,0.017834298312664,-2.500929117202759,0
2023-10-21 17:03:05.230,1.411121845245361,-0.1801830828189849,-2.403657913208008,0.7354950308799744,-0.2038870304822921,0.5982784032821655,0.2440085709095001,-1.368425369262695,0.0079457703977823,-2.4944422245025635,0
2023-10-21 17:03:05.250,0.5182023048400879,-0.0179994702339172,-5.556449890136719,0.7363636493682861,-0.2032998204231262,0.5970427393913269,0.2449034750461578,-1.364921808242798,0.0069695678539574,-2.4937744140625,0
2023-10-21 17:03:05.310,1.333841323852539,0.5831023454666138,-12.775152206420898,0.7486304044723511,-0.1922356635332107,0.5788499712944031,0.2598669230937958,-1.3119370937347412,-0.0130213601514697,-2.483395576477051,0
2023-10-21 17:03:05.330,2.62166428565979,0.1981373727321624,-20.26698303222656,0.7486709356307983,-0.1922089159488678,0.57878577709198,0.2599128186702728,-1.3117618560791016,-0.0130655905231833,-2.483351945877075,0
2023-10-21 17:03:05.360,7.053518772125244,0.9747209548950196,-20.85948944091797,0.7424352765083313,-0.1981619000434875,0.5851686596870422,0.2590356171131134,-1.3319021463394165,-0.00891441013664,-2.477207660675049,0
2023-10-21 17:03:05.380,3.514730930328369,1.897028923034668,-14.922276496887209,0.7388953566551208,-0.2001164108514785,0.5886824727058411,0.2596922218799591,-1.3419808149337769,-0.010022509843111,-2.4735991954803467,0
2023-10-21 17:03:05.400,0.3237465322017669,1.6467403173446655,-10.844661712646484,0.7385459542274475,-0.2003061473369598,0.5890271663665771,0.2597582638263702,-1.3429701328277588,-0.0101389242336153,-2.4732449054718018,0
2023-10-21 17:03:05.460,-1.3708055019378662,0.91090989112854,-4.437090396881104,0.7426661849021912,-0.2004565745592117,0.5860925912857056,0.2544790506362915,-1.3360201120376587,-0.0005519390106201,-2.4817934036254883,0
2023-10-21 17:03:05.480,-1.109442949295044,1.0709080696105957,-4.95674991607666,0.7426515817642212,-0.2006544470787048,0.586235761642456,0.2540355920791626,-1.3365285396575928,0.0001831650733947,-2.4822702407836914,0
2023-10-21 17:03:05.500,-0.5914498567581177,1.018789529800415,-5.778252601623535,0.7373590469360352,-0.2044317126274109,0.5934138298034668,0.2497385889291763,-1.3570339679718018,0.0050824801437556,-2.4843616485595703,0
2023-10-21 17:03:05.530,0.3437452912330627,0.2188621163368225,-8.355461120605469,0.7278212308883667,-0.2111579030752182,0.6054475903511047,0.2431499063968658,-1.3921414613723757,0.0129417218267917,-2.48593544960022,0
2023-10-21 17:03:05.550,1.1072068214416504,0.4171316623687744,-9.61354923248291,0.7278212308883667,-0.2111579030752182,0.6054475903511047,0.2431499063968658,-1.3921414613723757,0.0129417218267917,-2.48593544960022,0
2023-10-21 17:03:05.610,6.733943939208984,-1.724320411682129,-12.964757919311523,0.6870754957199097,-0.2364565879106521,0.6485986709594727,0.2265732884407043,-1.5239405632019043,0.0310217719525098,-2.4749205112457275,0
2023-10-21 17:03:05.630,5.908813953399658,-3.067594528198242,-9.783957481384276,0.6870754957199097,-0.2364565879106521,0.6485986709594727,0.2265732884407043,-1.5239405632019043,0.0310217719525098,-2.4749205112457275,0
2023-10-21 17:03:05.650,2.8136982917785645,-4.717020988464356,-4.952840805053711,0.6742526888847351,-0.245200514793396,0.6604079604148865,0.2216336280107498,-1.5633147954940796,0.0379260778427124,-2.4687814712524414,0
2023-10-21 17:03:05.710,-2.3958027362823486,1.3182458877563477,64.71735382080078,0.6919052004814148,-0.2413579672574997,0.6419755220413208,0.2255682796239853,-1.5114755630493164,0.044389609247446,-2.4694693088531494,0
2023-10-21 17:03:05.760,-1.6162493228912354,3.157975673675537,14.599831581115724,0.6931866407394409,-0.2391382455825805,0.6418588161468506,0.2243270277976989,-1.5090382099151611,0.0435760840773582,-2.474666118621826,0
2023-10-21 17:03:05.780,-2.624762296676636,-0.0519336462020874,18.891796112060547,0.6932152509689331,-0.2389514744281768,0.641951322555542,0.2241726517677307,-1.5090975761413574,0.0434874556958675,-2.4751744270324707,0
2023-10-21 17:03:05.800,1.8580493927001955,-0.6735517978668213,15.523401260375977,0.6897175908088684,-0.2384403795003891,0.6471109390258789,0.2206429094076156,-1.5219438076019287,0.0433657765388488,-2.481064319610596,0
2023-10-21 17:03:05.860,5.247720241546631,-0.922228455543518,-4.963741302490234,0.6880895495414734,-0.2359344810247421,0.6512852311134338,0.2160909473896026,-1.5304226875305176,0.0432278737425804,-2.4914920330047607,0
2023-10-21 17:03:05.880,4.385170936584473,-0.4588730335235595,-8.671122550964355,0.6880895495414734,-0.2359344810247421,0.6512852311134338,0.2160909473896026,-1.5304226875305176,0.0432278737425804,-2.4914920330047607,0
2023-10-21 17:03:05.910,3.366147518157959,-1.2363288402557373,-19.228633880615234,0.6926102042198181,-0.2368253469467163,0.6434826850891113,0.2239082306623459,-1.5110256671905518,0.039903737604618,-2.4786508083343506,0
2023-10-21 17:03:05.930,0.5974916219711304,-0.10572350025177,-24.750080108642575,0.6926102042198181,-0.2368253469467163,0.6434826850891113,0.2239082306623459,-1.5110256671905518,0.039903737604618,-2.4786508083343506,0
2023-10-21 17:03:05.950,1.7020318508148191,0.4769637584686279,-20.165084838867188,0.7050267457962036,-0.2369270324707031,0.628815770149231,0.2267017662525177,-1.4736144542694092,0.0489921122789382,-2.4749252796173096,0
2023-10-21 17:03:06.010,-2.662850379943848,3.742979526519776,-9.018980979919434,0.7484827637672424,-0.2064939439296722,0.5832313299179077,0.238694354891777,-1.3340784311294556,0.0306910779327154,-2.500006914138794,0
2023-10-21 17:03:06.030,-2.049036741256714,2.084132194519043,-7.873807907104492,0.7277083992958069,-0.2146955281496048,0.6046103239059448,0.2424720674753189,-1.3931258916854858,0.0192704498767852,-2.4822139739990234,0
2023-10-21 17:03:06.050,-1.682151436805725,0.4877936542034149,-7.293246269226074,0.7255918383598328,-0.215504378080368,0.6067163348197937,0.2428369671106338,-1.3990185260772705,0.0180710852146148,-2.4804728031158447,0
2023-10-21 17:03:06.080,-0.0363236665725708,-1.068005919456482,-6.547758102416992,0.7093943357467651,-0.2271485775709152,0.6236576437950134,0.2370958924293518,-1.451562762260437,0.0265456028282642,-2.472935199737549,0
2023-10-21 17:03:06.100,0.7655208110809326,-1.3796015977859497,-7.207648277282715,0.7103644013404846,-0.2287532687187194,0.6215193867683411,0.2382605373859405,-1.447663187980652,0.0288332719355821,-2.4688777923583984,0
2023-10-21 17:03:06.160,-0.2949553728103637,-1.8280901908874512,-10.957924842834473,0.7050179839134216,-0.2274868041276931,0.6280052065849304,0.2383463680744171,-1.462843656539917,0.0214006844907999,-2.4703686237335205,0
2023-10-21 17:03:06.180,-1.1321418285369873,-1.64644455909729,-10.076005935668944,0.6886885166168213,-0.2326836436986923,0.6470465660095215,0.2299939692020416,-1.516377091407776,0.0228614751249551,-2.475314855575561,0
2023-10-21 17:03:06.200,2.3012616634368896,-3.049239158630371,-6.6479597091674805,0.6870278716087341,-0.2331940829753875,0.6489250659942627,0.2291494309902191,-1.5217300653457642,0.0230220928788185,-2.4758050441741943,0
2023-10-21 17:03:06.260,10.579675674438477,8.065483093261719,50.689918518066406,0.6811363697052002,-0.2436336874961853,0.6556389331817627,0.2164106667041778,-1.5492092370986938,0.0481395982205867,-2.479214191436768,0
2023-10-21 17:03:06.310,-1.4099843502044678,-0.0915958359837532,-1.1429414749145508,0.694798469543457,-0.2344767451286316,0.6440339684486389,0.2179360538721084,-1.5102158784866333,0.0451270304620265,-2.4912219047546387,0
2023-10-21 17:03:06.330,-1.86310613155365,-2.5942225456237797,-4.97657585144043,0.6994708180427551,-0.2218954861164093,0.640153706073761,0.2273900806903839,-1.488757848739624,0.0192908383905887,-2.4951984882354736,0
2023-10-21 17:03:06.350,-1.0306036472320557,-0.1490843743085861,-7.432365417480469,0.6994708180427551,-0.2218954861164093,0.640153706073761,0.2273900806903839,-1.488757848739624,0.0192908383905887,-2.4951984882354736,0
2023-10-21 17:03:06.410,1.8308647871017456,-0.8002300262451172,-8.160858154296875,0.7013044357299805,-0.2152554988861084,0.6373910307884216,0.2357325702905655,-1.475858211517334,0.0014116172678768,-2.4917702674865723,0
2023-10-21 17:03:06.430,0.5957674384117126,-0.8728146553039551,-6.193068504333496,0.6945441365242004,-0.2232622802257537,0.6411511898040771,0.2380915284156799,-1.492557406425476,0.0048257000744342,-2.4766335487365723,0
2023-10-21 17:03:06.460,2.272040367126465,-0.4633683264255523,-4.859993934631348,0.6938644647598267,-0.2240606695413589,0.6415222883224487,0.2383235096931457,-1.4942286014556885,0.0051557947881519,-2.475121021270752,0
2023-10-21 17:03:06.480,1.969423532485962,-0.4514834284782409,-3.959406852722168,0.680566668510437,-0.2353854477405548,0.6499466896057129,0.2428824603557586,-1.526455283164978,0.0046696830540895,-2.4515390396118164,0
2023-10-21 17:03:06.500,1.5441352128982544,-0.9544976353645324,-2.057806491851806,0.6792289614677429,-0.2365049421787262,0.6507714986801147,0.2433308213949203,-1.5296605825424194,0.0045764902606606,-2.449197292327881,0
2023-10-21 17:03:06.560,-0.6330329775810242,1.4719884395599363,11.757773399353027,0.7095956206321716,-0.2283124923706054,0.6113470792770386,0.2657110095024109,-1.4219914674758911,-0.0008642078610137,-2.425753116607666,0
2023-10-21 17:03:06.580,-0.0621179342269897,-0.1029465794563293,5.035208702087402,0.7113816738128662,-0.2276868969202041,0.6089849472045898,0.2668935358524322,-1.4155817031860352,-0.001123726600781,-2.42470383644104,0
2023-10-21 17:03:06.600,-0.6289494633674622,0.0523989796638488,-1.8492798805236816,0.6835205554962158,-0.2350823134183883,0.6399871110916138,0.2606773674488067,-1.5004273653030396,-0.0122934393584728,-2.4243550300598145,0
2023-10-21 17:03:06.630,-0.5952298045158386,-0.1762208044528961,-7.245745658874512,0.6624849438667297,-0.2440808564424514,0.6624209880828857,0.250473290681839,-1.5675503015518188,-0.0084378533065319,-2.427064180374145,0
2023-10-21 17:03:06.650,-0.0017801821231842,-0.8170294761657715,-6.006224155426025,0.6624849438667297,-0.2440808564424514,0.6624209880828857,0.250473290681839,-1.5675503015518188,-0.0084378533065319,-2.427064180374145,0
2023-10-21 17:03:06.710,-1.3536571264266968,0.2048133760690689,0.5692472457885742,0.6819235682487488,-0.2386777848005294,0.6468865275382996,0.2440307736396789,-1.5216326713562012,0.0097997263073921,-2.4449498653411865,0
2023-10-21 17:03:06.730,-1.171912670135498,0.1065617501735687,3.177288055419922,0.6819235682487488,-0.2386777848005294,0.6468865275382996,0.2440307736396789,-1.5216326713562012,0.0097997263073921,-2.4449498653411865,0
2023-10-21 17:03:06.750,0.2180649042129516,0.0778313279151916,4.104265213012695,0.6930703520774841,-0.2369512021541595,0.6336167454719543,0.2490730732679367,-1.4859195947647097,0.012814306654036,-2.4398155212402344,0
2023-10-21 17:03:06.810,-0.4260589480400085,-0.2676700949668884,1.615372657775879,0.7011191844940186,-0.2371172606945037,0.6243334412574768,0.2498302459716797,-1.4625961780548096,0.0205415934324264,-2.4385547637939453,0
2023-10-21 17:03:06.860,-0.8785725831985474,0.3303218185901642,-2.921517848968506,0.693378746509552,-0.2400547415018081,0.6327219009399414,0.2475129216909408,-1.4866071939468384,0.0196852888911962,-2.4377636909484863,0
2023-10-21 17:03:06.880,-0.7168024778366089,0.2865107655525207,-2.614202976226806,0.6925662159919739,-0.2403586655855178,0.6335804462432861,0.2472966760396957,-1.48908269405365,0.0195651315152645,-2.437640428543091,0
2023-10-21 17:03:06.900,-0.5474980473518372,0.2061924338340759,-1.268265724182129,0.6870057582855225,-0.2391029298305511,0.6410763263702393,0.2446917295455932,-1.5070443153381348,0.0147985853254795,-2.4433846473693848,0
2023-10-21 17:03:06.960,0.5762532353401184,-0.1839539408683776,1.8413572311401367,0.6886519193649292,-0.2360591739416122,0.6418119072914124,0.2410648465156555,-1.5060360431671145,0.0156892724335193,-2.45344352722168,0
2023-10-21 17:03:06.980,0.7398687601089478,-0.2550413012504577,1.8530759811401367,0.6886519193649292,-0.2360591739416122,0.6418119072914124,0.2410648465156555,-1.5060360431671145,0.0156892724335193,-2.45344352722168,0
2023-10-21 17:03:07.010,-0.080365240573883,-0.1896186470985412,0.3466758728027344,0.6977542638778687,-0.233902171254158,0.6319664716720581,0.2429965287446975,-1.4788333177566528,0.0192823428660631,-2.453767776489258,0
2023-10-21 17:03:07.030,-0.2720522880554199,-0.0931692719459533,-0.4837141036987304,0.6977542638778687,-0.233902171254158,0.6319664716720581,0.2429965287446975,-1.4788333177566528,0.0192823428660631,-2.453767776489258,0
2023-10-21 17:03:07.050,-0.1553224325180053,-0.0650012195110321,-1.1628189086914062,0.7028997540473938,-0.2344642728567123,0.6256043910980225,0.2440853118896484,-1.4632664918899536,0.0242104344069957,-2.4514005184173584,0
2023-10-21 17:03:07.110,0.4492540955543518,-0.0484021008014678,-0.9775629043579102,0.6996079087257385,-0.2358914166688919,0.6292272210121155,0.2428520768880844,-1.4737584590911863,0.0244471635669469,-2.4511852264404297,0
2023-10-21 17:03:07.130,0.8011165857315063,0.0898070335388183,-0.7080068588256836,0.693260669708252,-0.2365526705980301,0.6367599964141846,0.2407679855823516,-1.4935427904129028,0.0213641077280044,-2.453287124633789,0
2023-10-21 17:03:07.150,1.214170217514038,0.2446425110101699,-0.6273937225341797,0.6926220655441284,-0.2366174608469009,0.6375096440315247,0.2405582219362259,-1.4955213069915771,0.0210581198334693,-2.453500509262085,0
2023-10-21 17:03:07.180,2.201807975769043,0.0825025141239166,-1.8350110054016116,0.690729558467865,-0.2358728647232055,0.6401139497756958,0.2398141771554947,-1.5014923810958862,0.0188330523669719,-2.455683469772339,0
2023-10-21 17:03:07.200,2.5106759071350098,0.0692454278469085,-3.4633259773254395,0.6954472661018372,-0.2339426726102829,0.6353877782821655,0.2406374514102935,-1.48757803440094,0.0195946414023637,-2.45731782913208,0
2023-10-21 17:03:07.260,-0.7718927264213562,0.4239833056926727,-6.770883560180664,0.7009122967720032,-0.2330823689699173,0.6293889284133911,0.2413796037435531,-1.4715229272842407,0.0228993035852909,-2.45754337310791,0
2023-10-21 17:03:07.280,-2.179450511932373,0.3664060831069946,-7.671469688415527,0.7007486820220947,-0.2332327216863632,0.6298874020576477,0.2404073625802993,-1.4729232788085938,0.0240182131528854,-2.458837509155273,0
2023-10-21 17:03:07.300,-2.28615140914917,0.6554089784622192,-7.660656929016113,0.7007322907447815,-0.2332477420568466,0.6299371719360352,0.2403101176023483,-1.4730631113052368,0.0241302419453859,-2.4589669704437256,0
2023-10-21 17:03:07.360,-2.861717939376831,-0.4604777991771698,3.0928993225097656,0.6963614821434021,-0.2315242290496826,0.636387825012207,0.2376716136932373,-1.487870693206787,0.0199478082358837,-2.4654183387756348,0
2023-10-21 17:03:07.410,1.7174994945526123,-0.9499365091323853,15.741989135742188,0.6983239054679871,-0.2303115129470825,0.6345155239105225,0.2380977720022201,-1.4819693565368652,0.0195118356496095,-2.466550827026367,0
2023-10-21 17:03:07.430,0.208482027053833,-1.69386887550354,22.94928741455078,0.7024272680282593,-0.2295334041118621,0.6297568678855896,0.2394090592861175,-1.4691578149795532,0.0209235623478889,-2.4657278060913086,0
2023-10-21 17:03:07.450,1.315155267715454,-2.268718242645264,15.791379928588867,0.7024272680282593,-0.2295334041118621,0.6297568678855896,0.2394090592861175,-1.4691578149795532,0.0209235623478889,-2.4657278060913086,0
2023-10-21 17:03:07.510,-3.1586947441101074,0.3425482213497162,15.78436279296875,0.7113204598426819,-0.2283428460359573,0.6182021498680115,0.2443542331457138,-1.4390099048614502,0.0227312054485082,-2.4598913192749023,0
2023-10-21 17:03:07.530,-5.332286834716797,0.2588865756988525,19.779773712158203,0.7180949449539185,-0.2251188904047012,0.6101961135864258,0.2476326525211334,-1.4161823987960815,0.0211060810834169,-2.459368228912353,0
2023-10-21 17:03:07.550,-2.3854217529296875,-0.1889533400535583,20.152002334594727,0.7180949449539185,-0.2251188904047012,0.6101961135864258,0.2476326525211334,-1.4161823987960815,0.0211060810834169,-2.459368228912353,0
2023-10-21 17:03:07.560,-0.131736159324646,-0.0134532004594802,16.1585636138916,0.7187627553939819,-0.224795863032341,0.6093971133232117,0.2479558289051056,-1.4139153957366943,0.0209441892802715,-2.4593169689178467,0
2023-10-21 17:03:07.580,1.2519360780715942,1.1069141626358032,10.568723678588867,0.7230368256568909,-0.2205965369939804,0.6051622629165649,0.2496670335531234,-1.3997071981430054,0.0168214924633502,-2.462459087371826,0
2023-10-21 17:03:07.600,3.3249306678771973,0.8036581873893738,2.97371768951416,0.7234553694725037,-0.2201791554689407,0.6047449111938477,0.2498341649770736,-1.3983097076416016,0.0164084341377019,-2.462770700454712,0
2023-10-21 17:03:07.660,6.45225191116333,0.1253734529018402,-10.347044944763184,0.7341963648796082,-0.2118829637765884,0.5904470086097717,0.2596801817417145,-1.3561948537826538,0.0044726282358169,-2.4580676555633545,0
2023-10-21 17:03:07.680,7.566341400146484,1.009010910987854,-14.859684944152832,0.7349266409873962,-0.2114640474319458,0.5893594026565552,0.2604251503944397,-1.3532048463821411,0.0038530922029167,-2.457399368286133,0
2023-10-21 17:03:07.700,7.425306797027588,0.3327935039997101,-19.09151268005371,0.7444782257080078,-0.2062097191810608,0.5758655667304993,0.2675978541374206,-1.316346526145935,-0.0011634828988462,-2.452366590499878,0
2023-10-21 17:03:07.730,1.1693226099014282,-1.3416775465011597,-19.97136878967285,0.7481195330619812,-0.2059700787067413,0.5689287781715393,0.2724215388298034,-1.2996944189071655,-0.001796425320208,-2.444523334503174,0
2023-10-21 17:03:07.750,-2.870910167694092,0.2652164399623871,-13.879318237304688,0.7481195330619812,-0.2059700787067413,0.5689287781715393,0.2724215388298034,-1.2996944189071655,-0.001796425320208,-2.444523334503174,0
2023-10-21 17:03:07.810,-0.4450681507587433,0.5123952627182007,-6.803589344024658,0.728023886680603,-0.2165552377700805,0.591120183467865,0.2714076340198517,-1.3619160652160645,-0.0055543170310556,-2.432411432266236,0
2023-10-21 17:03:07.830,-0.6226764917373657,-0.0986141562461853,-5.392168045043945,0.728023886680603,-0.2165552377700805,0.591120183467865,0.2714076340198517,-1.3619160652160645,-0.0055543170310556,-2.432411432266236,0
2023-10-21 17:03:07.850,-0.2094943225383758,-0.0989236831665039,-4.676507949829102,0.7266879677772522,-0.2182864695787429,0.5919092893600464,0.2718804776668548,-1.3653634786605835,-0.004604862537235,-2.4293100833892822,0
2023-10-21 17:03:07.910,1.2438604831695557,0.5927460193634033,-8.496893882751465,0.7036523818969727,-0.233839601278305,0.6128037571907043,0.2732470631599426,-1.4307554960250854,-0.0058100847527384,-2.4058353900909424,0
2023-10-21 17:03:07.960,0.5037705898284912,0.1353546679019928,-10.44370460510254,0.6845456957817078,-0.248025581240654,0.6327418684959412,0.2636633515357971,-1.4944789409637451,0.0059080468490719,-2.400813341140747,0
2023-10-21 17:03:07.980,0.9761576652526855,0.2266719043254852,-10.294596672058104,0.682738184928894,-0.2493350952863693,0.6345776319503784,0.2627010941505432,-1.5004501342773438,0.0070527782663702,-2.4003922939300537,0
2023-10-21 17:03:08.000,2.36423134803772,1.38648784160614,-10.91732120513916,0.6691768169403076,-0.2584197223186493,0.6504020094871521,0.2497976124286651,-1.550397515296936,0.0209207590669393,-2.4065513610839844,0
2023-10-21 17:03:08.060,-0.0578930974006652,0.0945086777210235,-7.771759033203125,0.6754152178764343,-0.2530350387096405,0.6487533450126648,0.2427070140838623,-1.5405961275100708,0.0268966797739267,-2.425545215606689,0
2023-10-21 17:03:08.080,-5.812003135681152,-2.5751028060913086,-3.3074264526367188,0.6754152178764343,-0.2530350387096405,0.6487533450126648,0.2427070140838623,-1.5405961275100708,0.0268966797739267,-2.425545215606689,0
2023-10-21 17:03:08.100,3.713815689086914,-4.6387786865234375,3.7538070678710938,0.6756845712661743,-0.2528058886528015,0.648472785949707,0.2429457455873489,-1.5396358966827393,0.0265497770160436,-2.42553448677063,0
2023-10-21 17:03:08.110,2.083944797515869,-9.905827522277832,51.27140808105469,0.6795827746391296,-0.2512028515338897,0.643511176109314,0.2468965500593185,-1.5251867771148682,0.0236670710146427,-2.422022581100464,0
2023-10-21 17:03:08.130,0.6794805526733398,-0.338995099067688,69.02357482910156,0.6795827746391296,-0.2512028515338897,0.643511176109314,0.2468965500593185,-1.5251867771148682,0.0236670710146427,-2.422022581100464,0
2023-10-21 17:03:08.150,6.949862480163574,0.4004892110824585,46.32185745239258,0.6837477684020996,-0.2510489821434021,0.6382722854614258,0.2491423487663269,-1.511577010154724,0.0252697244286537,-2.4189255237579346,0
2023-10-21 17:03:08.210,-0.4436920881271362,0.3137737214565277,12.852998733520508,0.6823398470878601,-0.2534272074699402,0.6397493481636047,0.246795117855072,-1.5177565813064575,0.0300774630159139,-2.418968677520752,0
2023-10-21 17:03:08.230,2.113455057144165,-1.38465678691864,6.242433547973633,0.6803451180458069,-0.2548422217369079,0.6424410343170166,0.2438350468873977,-1.5261064767837524,0.0334682948887348,-2.421312093734741,0
2023-10-21 17:03:08.250,1.844225645065308,-0.601668655872345,0.5118293762207031,0.6801448464393616,-0.2549834251403808,0.6427094340324402,0.2435387521982193,-1.526941180229187,0.0338084436953067,-2.4215450286865234,0
2023-10-21 17:03:08.280,3.9543070793151855,-1.27314555644989,-8.46353530883789,0.6829787492752075,-0.2516532838344574,0.6416654586791992,0.2418185472488403,-1.5208755731582642,0.0334206745028495,-2.429217338562012,0
2023-10-21 17:03:08.300,4.091797828674316,-0.7439056038856506,-11.743030548095703,0.6896765232086182,-0.2472006976604461,0.6367926597595215,0.2402773648500442,-1.503931760787964,0.034970436245203,-2.4384031295776367,0
2023-10-21 17:03:08.360,2.3669183254241943,1.0892961025238037,-21.024511337280277,0.6979796290397644,-0.2469645291566848,0.6260476112365723,0.2447396665811538,-1.4764413833618164,0.0383244380354881,-2.4322333335876465,0
2023-10-21 17:03:08.380,-0.5764214396476746,2.1302502155303955,-17.222843170166016,0.6940312385559082,-0.2501678466796875,0.6304941177368164,0.2412753105163574,-1.4908509254455566,0.0430165566504001,-2.432736158370972,0
2023-10-21 17:03:08.400,-3.475186824798584,3.3220856189727783,-14.405561447143556,0.6936273574829102,-0.2504871785640716,0.6309460997581482,0.2409239113330841,-1.4923152923583984,0.0434831902384758,-2.4327893257141118,0
2023-10-21 17:03:08.460,-2.3606834411621094,0.2606862187385559,-10.287046432495115,0.736582338809967,-0.2242615669965744,0.5808509588241577,0.2641314268112182,-1.3441611528396606,0.0235343836247921,-2.434252977371216,0
2023-10-21 17:03:08.510,0.8877226114273071,-1.5607824325561523,-8.087030410766602,0.7069634795188904,-0.2391560673713684,0.614462673664093,0.2558178305625915,-1.4399060010910034,0.0237704552710056,-2.426353693008423,0
2023-10-21 17:03:08.530,0.9660990238189696,-1.3854358196258545,-8.568228721618652,0.6969932317733765,-0.2451370656490326,0.6242612600326538,0.253783643245697,-1.4701842069625854,0.0248657166957855,-2.4207284450531006,0
2023-10-21 17:03:08.550,-0.0928385257720947,-1.503079533576965,-8.794267654418945,0.6969932317733765,-0.2451370656490326,0.6242612600326538,0.253783643245697,-1.4701842069625854,0.0248657166957855,-2.4207284450531006,0
2023-10-21 17:03:08.610,5.609783172607422,-1.6286044120788574,-3.669735431671143,0.6873162984848022,-0.2519904673099518,0.6335200667381287,0.2504985332489013,-1.500402331352234,0.0290066748857498,-2.41556453704834,0
2023-10-21 17:03:08.630,-5.117727279663086,-4.000129699707031,9.520461082458496,0.6872430443763733,-0.2520373165607452,0.6335915327072144,0.2504715621471405,-1.500631332397461,0.0290325246751308,-2.4155349731445312,0
2023-10-21 17:03:08.650,-3.7160000801086426,0.0875961035490036,33.05655670166016,0.683512270450592,-0.2504952549934387,0.6407151222229004,0.2440232783555984,-1.5172746181488037,0.0297387260943651,-2.4275856018066406,0
2023-10-21 17:03:08.660,9.856576919555664,8.594841003417969,53.51582717895508,0.6831350326538086,-0.2503395080566406,0.6414236426353455,0.2433769553899765,-1.5189383029937744,0.0298203323036432,-2.4287898540496826,0
2023-10-21 17:03:08.680,2.1533987522125244,-2.061391830444336,23.49299430847168,0.6947041153907776,-0.240395501255989,0.6366775631904602,0.2328902035951614,-1.4969741106033323,0.0374643206596374,-2.459871292114258,0
2023-10-21 17:03:08.700,2.124770402908325,-1.7810783386230469,11.198168754577637,0.6958509683609009,-0.2393977791070938,0.6361830830574036,0.2318432629108429,-1.4947481155395508,0.0381901115179061,-2.462977170944214,0
2023-10-21 17:03:08.760,-0.4374411404132843,-0.9967163801193236,-3.875909328460693,0.7126797437667847,-0.2246211320161819,0.6177106499671936,0.2450849115848541,-1.434395432472229,0.0173836164176464,-2.463985681533813,0
2023-10-21 17:03:08.780,-1.674379587173462,0.7768527865409851,-5.755961894989014,0.713382363319397,-0.2238271981477737,0.6167126893997192,0.246277168393135,-1.4311927556991575,0.0155848609283566,-2.4632160663604736,0
2023-10-21 17:03:08.800,-0.8364843130111694,1.2910895347595217,-8.26723575592041,0.7227656841278076,-0.2195424735546112,0.603360116481781,0.2556706070899963,-1.3943601846694946,0.0088327778503298,-2.454191207885742,0
2023-10-21 17:03:08.850,1.3129419088363647,0.0565688610076904,-6.167559146881104,0.7315739393234253,-0.2203473895788192,0.5886862874031067,0.2639982402324676,-1.3594207763671875,0.0115767922252416,-2.4395971298217773,0
2023-10-21 17:03:08.910,2.5672390460968018,-0.0274699032306671,-5.163882732391357,0.711694061756134,-0.2327421158552169,0.6058406829833984,0.2688491940498352,-1.4125580787658691,0.0055228453129529,-2.41450572013855,0
2023-10-21 17:03:08.930,1.3872532844543457,0.4688785076141357,-3.3441128730773926,0.711694061756134,-0.2327421158552169,0.6058406829833984,0.2688491940498352,-1.4125580787658691,0.0055228453129529,-2.41450572013855,0
2023-10-21 17:03:08.950,-0.8410686254501343,0.4011198282241821,1.2390270233154297,0.7194575667381287,-0.2259746044874191,0.5976174473762512,0.2723414003849029,-1.386171579360962,-0.0003536641597747,-2.4181504249572754,0
2023-10-21 17:03:09.010,0.6131709814071655,0.8424042463302612,8.429352760314941,0.6966195702552795,-0.240081325173378,0.6163449883460999,0.2778508067131042,-1.445505142211914,-0.0080133043229579,-2.389620542526245,0
2023-10-21 17:03:09.060,1.2003272771835327,-0.3722060322761535,-2.4504542350769043,0.6830568909645081,-0.2392978370189666,0.6351380944252014,0.2697583436965942,-1.4920328855514526,-0.0157601796090602,-2.4039053916931152,0
2023-10-21 17:03:09.080,0.9361076354980468,-0.6989547610282898,-3.791892528533936,0.681999683380127,-0.2391254305839538,0.6366709470748901,0.2689714431762695,-1.4957777261734009,-0.0163264069706201,-2.4054224491119385,0
2023-10-21 17:03:09.100,0.2614675760269165,-0.602065920829773,-4.307955741882324,0.6882174611091614,-0.238480806350708,0.6328374743461609,0.2626792192459106,-1.48540461063385,-0.004213226493448,-2.416231155395508,0
2023-10-21 17:03:09.160,-1.314354419708252,0.2889161109924316,0.6874418258666992,0.6987259984016418,-0.2446045726537704,0.6193869709968567,0.2613624930381775,-1.4574787616729736,0.0180551093071699,-2.409590482711792,0
2023-10-21 17:03:09.180,-0.4915144145488739,0.1695733964443206,2.2637243270874023,0.6987259984016418,-0.2446045726537704,0.6193869709968567,0.2613624930381775,-1.4574787616729736,0.0180551093071699,-2.409590482711792,0
2023-10-21 17:03:09.200,0.4045135974884033,-0.2123035788536071,3.382078170776367,0.6988781690597534,-0.2449235916137695,0.6190062165260315,0.26155886054039,-1.4568428993225098,0.0185314584523439,-2.4088258743286133,0
2023-10-21 17:03:09.210,0.778849720954895,-0.8057337403297424,3.335604667663574,0.6995168924331665,-0.242772564291954,0.6196425557136536,0.260347455739975,-1.4563207626342771,0.0170031040906906,-2.413837194442749,0
2023-10-21 17:03:09.230,0.4434917569160461,-0.9945011138916016,2.281327247619629,0.6995168924331665,-0.242772564291954,0.6196425557136536,0.260347455739975,-1.4563207626342771,0.0170031040906906,-2.413837194442749,0
2023-10-21 17:03:09.250,-0.2920124530792236,-0.5139501690864563,0.8643102645874023,0.6983304023742676,-0.2365287095308303,0.6248363256454468,0.2568431496620178,-1.4633173942565918,0.0093806572258472,-2.428289890289306,0
2023-10-21 17:03:09.310,-0.3389107584953308,-0.0833934545516967,-2.1851611137390137,0.6934020519256592,-0.2384550273418426,0.6327589750289917,0.2488953620195388,-1.485170602798462,0.0157095100730657,-2.4379255771636963,0
2023-10-21 17:03:09.330,-0.2954038381576538,-0.2979318499565124,-1.850491523742676,0.6934020519256592,-0.2384550273418426,0.6327589750289917,0.2488953620195388,-1.485170602798462,0.0157095100730657,-2.4379255771636963,0
2023-10-21 17:03:09.350,-0.3553652167320251,-0.2929322123527527,-0.9081964492797852,0.6932482123374939,-0.2386960238218307,0.6330335140228271,0.2483945339918136,-1.4860981702804563,0.016467809677124,-2.438354730606079,0
2023-10-21 17:03:09.400,0.3806253671646118,-0.0452058315277099,1.4729156494140625,0.6899867057800293,-0.239007294178009,0.6395923495292664,0.240240529179573,-1.5031332969665527,0.0225135926157236,-2.450445413589477,0
2023-10-21 17:03:09.460,0.7525586485862732,-0.2502678632736206,0.053847312927246,0.6946290135383606,-0.233335331082344,0.6376607418060303,0.2375582307577133,-1.492812991142273,0.0212014708667993,-2.462935447692871,0
2023-10-21 17:03:09.480,0.7807102799415588,-0.0216251015663146,-0.5531301498413086,0.7002003192901611,-0.2294732332229614,0.6331724524497986,0.2369690686464309,-1.477771878242493,0.0212714914232492,-2.4695515632629395,0
2023-10-21 17:03:09.500,0.8685684204101562,0.2043414413928985,-1.1529769897460938,0.7007506489753723,-0.2290910929441452,0.6327232718467712,0.2369114309549331,-1.476277232170105,0.0212743245065212,-2.4702024459838867,0
2023-10-21 17:03:09.560,1.729212522506714,0.2518467307090759,-2.181828498840332,0.6956532597541809,-0.2301428765058517,0.6389615535736084,0.2341559678316116,-1.4931765794754028,0.0209675002843141,-2.472819566726685,0
2023-10-21 17:03:09.610,1.3517658710479736,-0.0698269009590148,-5.743020534515381,0.6919179558753967,-0.2318893373012542,0.6431517601013184,0.2320187985897064,-1.50556743144989,0.0224520955234766,-2.473471641540528,0
2023-10-21 17:03:09.630,-0.7988981008529663,0.6499613523483276,-5.751175880432129,0.6936808228492737,-0.2314706146717071,0.6416346430778503,0.2313728183507919,-1.5012671947479248,0.0242222100496292,-2.475119113922119,0
2023-10-21 17:03:09.650,-2.772938966751098,1.1456066370010376,-5.801734447479248,0.6936808228492737,-0.2314706146717071,0.6416346430778503,0.2313728183507919,-1.5012671947479248,0.0242222100496292,-2.475119113922119,0
2023-10-21 17:03:09.710,0.209610104560852,1.036479115486145,-5.184667110443115,0.6999781131744385,-0.2289860248565673,0.6342819333076477,0.2351225316524505,-1.480146050453186,0.0223042983561754,-2.473106622695923,0
2023-10-21 17:03:09.730,1.4921445846557615,-0.5864866971969604,-1.4683809280395508,0.6999978423118591,-0.2289796024560928,0.6342549920082092,0.2351426482200622,-1.4800715446472168,0.0222915094345808,-2.473085165023804,0
2023-10-21 17:03:09.750,-4.360966682434082,-1.3740227222442627,7.08382511138916,0.699367344379425,-0.2298593521118164,0.6339945197105408,0.236856535077095,-1.4802210330963137,0.021182332187891,-2.46915054321289,0
2023-10-21 17:03:09.760,-5.02451229095459,-0.7084844708442688,8.623041152954102,0.6993041038513184,-0.2299472540616989,0.6339682936668396,0.2370278537273407,-1.480235576629639,0.0210714135318994,-2.468757152557373,0
2023-10-21 17:03:09.780,0.6275482177734375,-1.2472625970840454,15.79434585571289,0.6984403133392334,-0.2309021055698394,0.6339749097824097,0.2386234998703003,-1.4811383485794067,0.0199813731014728,-2.4648897647857666,0
2023-10-21 17:03:09.800,1.4622881412506104,-2.7772555351257324,23.671545028686523,0.6983544230461121,-0.2309966534376144,0.6339756846427917,0.2387812882661819,-1.481228232383728,0.0198732875287532,-2.4645071029663086,0
2023-10-21 17:03:09.860,0.0174274444580078,1.343498945236206,11.194894790649414,0.7063242793083191,-0.2296984195709228,0.6230259537696838,0.245323047041893,-1.4523440599441528,0.0187990106642246,-2.4563212394714355,0
2023-10-21 17:03:09.880,-1.519924521446228,1.605424880981445,13.2824068069458,0.7068751454353333,-0.2295674979686737,0.6222999095916748,0.2457014322280883,-1.4504014253616333,0.0187522433698177,-2.455923080444336,0
2023-10-21 17:03:09.900,-2.2624995708465576,1.092048406600952,16.429471969604492,0.7169871926307678,-0.2263382971286773,0.609502375125885,0.251410573720932,-1.4155930280685425,0.0180936194956302,-2.4516046047210693,0
2023-10-21 17:03:09.950,3.734821796417236,0.3789383769035339,6.41009521484375,0.7283772230148315,-0.2211370468139648,0.5952164530754089,0.2574537098407745,-1.375909686088562,0.0156616419553756,-2.4492087364196777,0
2023-10-21 17:03:10.010,1.1320258378982544,-0.6954228281974792,-7.032863616943359,0.7301971316337585,-0.2142963111400604,0.5927696228027344,0.2636540532112121,-1.363921284675598,0.0003848671913146,-2.4482710361480717,0
2023-10-21 17:03:10.030,2.61024808883667,-0.0047275125980377,-8.849580764770508,0.7301971316337585,-0.2142963111400604,0.5927696228027344,0.2636540532112121,-1.363921284675598,0.0003848671913146,-2.4482710361480717,0
2023-10-21 17:03:10.050,3.653500556945801,0.0918500423431396,-12.515748977661133,0.7355055809020996,-0.2090688943862915,0.585157573223114,0.2700231373310089,-1.3410096168518066,-0.0084695937111973,-2.444610834121704,0
2023-10-21 17:03:10.110,4.629772186279297,-0.4191281795501709,-21.61415100097656,0.7372128367424011,-0.2104337364435196,0.5790112018585205,0.2774544656276703,-1.3274600505828855,-0.0110297948122024,-2.4303011894226074,0
2023-10-21 17:03:10.130,1.750491499900818,0.9646831154823304,-16.01995086669922,0.7372128367424011,-0.2104337364435196,0.5790112018585205,0.2774544656276703,-1.3274600505828855,-0.0110297948122024,-2.4303011894226074,0
2023-10-21 17:03:10.160,-2.388798952102661,2.312276840209961,-8.54658317565918,0.7268646359443665,-0.2151148021221161,0.5907045602798462,0.276516854763031,-1.359622359275818,-0.0139612918719649,-2.4258432388305664,0
2023-10-21 17:03:10.180,-1.4810370206832886,0.9748905897140504,-6.144604206085205,0.725858747959137,-0.2155231237411499,0.5918362140655518,0.276421457529068,-1.3627175092697144,-0.0143142463639378,-2.425473928451538,0
2023-10-21 17:03:10.200,-1.2056152820587158,0.3818204402923584,-4.679736614227295,0.7267478108406067,-0.2145579606294632,0.5915548801422119,0.2754367291927337,-1.3611890077590942,-0.0140132717788219,-2.428394317626953,0
2023-10-21 17:03:10.260,0.0331548452377319,-0.1030342876911163,-5.730982303619385,0.7268232703208923,-0.2165313065052032,0.5941274762153625,0.2680572867393493,-1.369178295135498,-0.003760406281799,-2.438002586364746,0
2023-10-21 17:03:10.280,0.936761736869812,-0.3212705552577972,-7.760983943939209,0.7268232703208923,-0.2165313065052032,0.5941274762153625,0.2680572867393493,-1.369178295135498,-0.003760406281799,-2.438002586364746,0
2023-10-21 17:03:10.300,1.1729021072387695,-0.3462202548980713,-10.353912353515623,0.726410984992981,-0.2167918533086776,0.5947064757347107,0.2676802277565002,-1.3708138465881348,-0.0034223564434796,-2.438276529312134,0
2023-10-21 17:03:10.310,2.2444264888763428,0.0334479212760925,-12.649165153503418,0.713415801525116,-0.2253010869026184,0.609683096408844,0.2618469893932342,-1.4151160717010498,0.0021793560590595,-2.4361937046051025,0
2023-10-21 17:03:10.330,3.9190709590911865,0.8872597217559814,-13.516641616821287,0.713415801525116,-0.2253010869026184,0.609683096408844,0.2618469893932342,-1.4151160717010498,0.0021793560590595,-2.4361937046051025,0
2023-10-21 17:03:10.350,4.533669948577881,1.0286129713058472,-13.00322723388672,0.6903640031814575,-0.2392934262752533,0.6342141032218933,0.2528018951416015,-1.4896812438964844,0.0097382115200161,-2.430571317672729,0
2023-10-21 17:03:10.410,-1.228155255317688,-6.621065616607666,-1.952622890472412,0.6812170743942261,-0.2405425012111663,0.6500972509384155,0.2354914397001266,-1.5317516326904297,0.0215403102338314,-2.4552133083343506,0
2023-10-21 17:03:10.430,9.036462783813477,-12.119318962097168,33.4787712097168,0.6812170743942261,-0.2405425012111663,0.6500972509384155,0.2354914397001266,-1.5317516326904297,0.0215403102338314,-2.4552133083343506,0
2023-10-21 17:03:10.450,-11.92046356201172,0.0862680673599243,69.13160705566406,0.6817379593849182,-0.2400266975164413,0.6499565839767456,0.2348977774381637,-1.530888915061951,0.0219256561249494,-2.4568891525268555,0
2023-10-21 17:03:10.500,2.153740882873535,4.030860900878906,16.92635726928711,0.6965590119361877,-0.227388396859169,0.6386122703552246,0.2351053059101104,-1.489758849143982,0.0164973475039005,-2.475346326828003,0
2023-10-21 17:03:10.560,2.190521240234375,-0.6524237394332886,10.290812492370604,0.6971305012702942,-0.2253964245319366,0.6401643753051758,0.2310738861560821,-1.4919291734695437,0.0184119306504726,-2.484443426132202,0
2023-10-21 17:03:10.580,3.607701063156128,0.7632960081100464,2.9922971725463867,0.6946598887443542,-0.2257463783025741,0.6440940499305725,0.2272205203771591,-1.5023651123046875,0.0209326837211847,-2.4897923469543457,0
2023-10-21 17:03:10.600,4.6103386878967285,0.7280732989311218,-2.0837345123291016,0.6944114565849304,-0.2257822602987289,0.6444840431213379,0.2268382012844085,-1.5034048557281494,0.0211859699338674,-2.490318775177002,0
2023-10-21 17:03:10.660,3.3080756664276123,-1.078554630279541,-15.669955253601074,0.7051841616630554,-0.2247070372104644,0.6327458024024963,0.2277168184518814,-1.4723175764083862,0.0287499092519283,-2.49084734916687,0
2023-10-21 17:03:10.680,2.1487622261047363,-1.6187642812728882,-23.313514709472656,0.7116014957427979,-0.2257412672042846,0.6214337944984436,0.2376641929149627,-1.444698452949524,0.0258934218436479,-2.474100351333618,0
2023-10-21 17:03:10.710,3.698827028274536,-1.2814631462097168,-17.738222122192383,0.7121433019638062,-0.2258453369140625,0.6204127073287964,0.2386082857847213,-1.4422365427017212,0.0256000403314828,-2.472487449645996,0
2023-10-21 17:03:10.730,-0.2941507399082184,1.1556761264801023,-12.600183486938477,0.748293936252594,-0.205248937010765,0.5816571712493896,0.2441394627094268,-1.3292958736419678,0.0231641978025436,-2.492696523666382,0
2023-10-21 17:03:10.750,-2.31861424446106,2.687921524047852,-9.686073303222656,0.748293936252594,-0.205248937010765,0.5816571712493896,0.2441394627094268,-1.3292958736419678,0.0231641978025436,-2.492696523666382,0
2023-10-21 17:03:10.810,-1.6706303358078003,0.8875019550323486,-7.049762725830078,0.7103245854377747,-0.2130531221628189,0.6235992908477783,0.247328370809555,-1.4389479160308838,-0.0057939020916819,-2.4765448570251465,0
2023-10-21 17:03:10.830,-0.5758056044578552,0.6561411619186401,-7.171926498413086,0.7100799083709717,-0.213135078549385,0.6238834857940674,0.2472436130046844,-1.439733624458313,-0.0058165518566966,-2.47656774520874,0
2023-10-21 17:03:10.850,0.5819870233535767,0.4988914430141449,-7.88572883605957,0.7007241249084473,-0.2177073806524276,0.6361013650894165,0.2386719435453415,-1.4746912717819214,0.0014665430644527,-2.4836947917938232,0
2023-10-21 17:03:10.860,2.1845192909240723,-0.0955598354339599,-8.941166877746582,0.6997756958007812,-0.2181606590747833,0.6373116374015808,0.2378103882074356,-1.4781842231750488,0.0022084135562181,-2.484393358230591,0
2023-10-21 17:03:10.880,2.2014968395233154,-0.1036918759346008,-8.71431827545166,0.6965458393096924,-0.2156667113304138,0.6435251235961914,0.2327816933393478,-1.491988182067871,0.0008417667122557,-2.4957642555236816,0
2023-10-21 17:03:10.900,2.979399919509888,-0.1701953709125518,-8.89816951751709,0.6962293386459351,-0.2154118567705154,0.644131600856781,0.2322864234447479,-1.493334412574768,0.0007060766802169,-2.4968953132629395,0
2023-10-21 17:03:10.960,2.031681060791016,-1.4262816905975342,-5.919440746307373,0.6654775142669678,-0.223832756280899,0.6789381504058838,0.214666336774826,-1.5929148197174072,0.0064210738055408,-2.5109541416168213,0
2023-10-21 17:03:10.980,-8.829261779785156,-3.116654634475708,10.29210090637207,0.663670003414154,-0.2246860414743423,0.680669367313385,0.2138869613409042,-1.598389744758606,0.0070622256025671,-2.5107951164245605,0
2023-10-21 17:03:11.000,-9.36630916595459,3.221974849700928,43.36767578125,0.6650800108909607,-0.2338161170482635,0.677118182182312,0.2109732180833816,-1.597125768661499,0.025307971984148,-2.501260757446289,0
2023-10-21 17:03:11.050,-1.9526368379592896,0.631220281124115,7.002617835998535,0.6796941161155701,-0.2321231067180633,0.6640327572822571,0.2078349143266677,-1.560429334640503,0.0395373292267322,-2.5089662075042725,0
2023-10-21 17:03:11.110,-3.048032283782959,0.2891377210617065,-4.622673034667969,0.6839247345924377,-0.2181126177310943,0.660718560218811,0.2193739861249923,-1.539034128189087,0.0084564201533794,-2.5126209259033203,0
2023-10-21 17:03:11.130,0.3194480538368225,1.2474405765533447,-7.369253635406494,0.6839247345924377,-0.2181126177310943,0.660718560218811,0.2193739861249923,-1.539034128189087,0.0084564201533794,-2.5126209259033203,0
2023-10-21 17:03:11.150,1.6696820259094238,0.8585224747657776,-6.569265365600586,0.6825200915336609,-0.2195661067962646,0.6603221297264099,0.2234543710947036,-1.539259910583496,0.0046128495596349,-2.5043280124664307,0
2023-10-21 17:03:11.210,3.8512282371521,-0.1675074398517608,-6.868535041809082,0.6685463786125183,-0.2389758378267288,0.6675346493721008,0.2243518233299255,-1.5762213468551636,0.0200089756399393,-2.473929643630981,0
2023-10-21 17:03:11.230,3.445685386657715,-0.7524438500404358,-8.026844024658203,0.6685463786125183,-0.2389758378267288,0.6675346493721008,0.2243518233299255,-1.5762213468551636,0.0200089756399393,-2.473929643630981,0
2023-10-21 17:03:11.260,-1.0375990867614746,-1.4338020086288452,-0.3903331756591797,0.6597892045974731,-0.2410154193639755,0.6757741570472717,0.2234258353710174,-1.600322723388672,0.0160686131566762,-2.4720187187194824,0
2023-10-21 17:03:11.280,-3.507487297058105,-0.7658886313438416,9.460853576660156,0.6590158939361572,-0.2411035001277923,0.6765261292457581,0.2233373820781707,-1.602442502975464,0.0155955618247389,-2.4719996452331543,0
2023-10-21 17:03:11.300,-5.463164806365967,1.0778038501739502,13.194024085998535,0.6777341961860657,-0.2287638336420059,0.6584441661834717,0.2340830266475677,-1.542555809020996,0.001820922945626,-2.4746973514556885,0
2023-10-21 17:03:11.360,0.0558942556381225,0.2869885563850403,-0.4318923950195312,0.6478947997093201,-0.2382623851299286,0.6864407658576965,0.228609949350357,-1.6267660856246948,-0.0051164552569389,-2.4685800075531006,0
2023-10-21 17:03:11.380,-0.4008008241653442,0.6710047721862793,-3.787819862365722,0.6478947997093201,-0.2382623851299286,0.6864407658576965,0.228609949350357,-1.6267660856246948,-0.0051164552569389,-2.4685800075531006,0
2023-10-21 17:03:11.400,-0.1316883116960525,0.4839281141757965,-5.650851249694824,0.6450710296630859,-0.2387175858020782,0.689255952835083,0.2276477217674255,-1.6349611282348633,-0.0058355364017188,-2.469297170639038,0
2023-10-21 17:03:11.430,-0.6787859201431274,0.1446197628974914,-3.661464214324951,0.647711992263794,-0.2338546514511108,0.6885088682174683,0.2274573445320129,-1.6282960176467896,-0.0102720577269792,-2.477038621902466,0
2023-10-21 17:03:11.450,-1.5037848949432373,0.4264089167118072,-1.6333227157592771,0.6653210520744324,-0.2307642549276352,0.6723283529281616,0.2281892746686935,-1.581351637840271,0.0002283751964569,-2.4805541038513184,0
2023-10-21 17:03:11.510,0.8879290223121643,-0.0127070844173431,3.726839065551758,0.6785238981246948,-0.2286559045314788,0.6585702300071716,0.2315321862697601,-1.542788863182068,0.0053366078063845,-2.478723526000977,0
2023-10-21 17:03:11.530,1.3518511056900024,-0.3936688601970672,3.495415687561035,0.6785238981246948,-0.2286559045314788,0.6585702300071716,0.2315321862697601,-1.542788863182068,0.0053366078063845,-2.478723526000977,0
2023-10-21 17:03:11.550,0.6127058267593384,-0.6434881687164307,2.224201202392578,0.6786038875579834,-0.2286686599254608,0.6584458947181702,0.2316386550664901,-1.5424728393554688,0.0053078783676028,-2.478544235229492,0
2023-10-21 17:03:11.600,-0.8884434103965759,0.1278190612792968,-1.879697322845459,0.6898695230484009,-0.2272632122039795,0.645675003528595,0.235659509897232,-1.50784170627594,0.0092451395466923,-2.4745678901672363,0
2023-10-21 17:03:11.660,-0.2888007462024688,0.1767786294221878,-0.8575162887573242,0.6838303208351135,-0.2315590679645538,0.6492824554443359,0.2391418069601059,-1.5211496353149414,0.0061531155370175,-2.4629061222076416,0
2023-10-21 17:03:11.680,0.1652321517467498,0.0432574450969696,-0.1292991638183593,0.6759282350540161,-0.2329031527042389,0.6573560833930969,0.2382439374923706,-1.5435147285461426,0.0016294426750391,-2.462261199951172,0
2023-10-21 17:03:11.700,0.5412077903747559,-0.123885303735733,0.6265058517456055,0.6751390695571899,-0.233032152056694,0.658155083656311,0.2381495237350464,-1.545737862586975,0.0011795761529356,-2.462212324142456,0
2023-10-21 17:03:11.760,0.4316970109939575,-0.0949322581291198,0.8438339233398438,0.6826106905937195,-0.2291970700025558,0.6518492698669434,0.2379158735275268,-1.525658369064331,0.0027341579552739,-2.468235492706299,0
2023-10-21 17:03:11.780,0.4449452757835388,-0.0404828786849975,0.0527715682983398,0.6919003129005432,-0.2277389019727707,0.641947329044342,0.2394007891416549,-1.4986543655395508,0.0077799153514206,-2.468132495880127,0
2023-10-21 17:03:11.810,0.3010056018829345,0.0060519576072692,-0.7585897445678711,0.6927365064620972,-0.2276245653629303,0.6410351991653442,0.2395352870225906,-1.496202826499939,0.0082666920498013,-2.468097686767578,0
2023-10-21 17:03:11.830,0.293433129787445,0.0281628966331481,-0.9545602798461914,0.6930157542228699,-0.2280492633581161,0.6412664651870728,0.2376976609230041,-1.4971835613250732,0.0112286182120442,-2.4703288078308105,0
2023-10-21 17:03:11.850,0.4328126311302185,0.0025933384895324,-1.0451173782348633,0.6930157542228699,-0.2280492633581161,0.6412664651870728,0.2376976609230041,-1.4971835613250732,0.0112286182120442,-2.4703288078308105,0
2023-10-21 17:03:11.910,1.6535375118255615,-0.1444491147994995,-0.9557723999023438,0.6824668049812317,-0.2279418408870697,0.6544196605682373,0.2324147969484329,-1.5312302112579346,0.0069319265894591,-2.4784650802612305,0
2023-10-21 17:03:11.930,2.0964465141296387,-0.1870059967041015,-1.8088645935058596,0.6824668049812317,-0.2279418408870697,0.6544196605682373,0.2324147969484329,-1.5312302112579346,0.0069319265894591,-2.4784650802612305,0
2023-10-21 17:03:11.950,2.242802143096924,-0.0075128972530364,-3.271994113922119,0.6861434578895569,-0.2260929942131042,0.6512863636016846,0.232196420431137,-1.521358609199524,0.0078118345700204,-2.4815361499786377,0
2023-10-21 17:03:11.980,-1.031454086303711,0.5741917490959167,-5.5280938148498535,0.6920190453529358,-0.2248532921075821,0.645236074924469,0.2328544110059738,-1.5045212507247925,0.0107135735452175,-2.4823968410491943,0
2023-10-21 17:03:12.000,-3.404890537261963,0.3661020994186401,-5.80341386795044,0.6925634741783142,-0.224748820066452,0.6446638107299805,0.2329216599464416,-1.5029470920562744,0.0109935235232114,-2.482451915740967,0
2023-10-21 17:03:12.060,-0.6071304082870483,-1.5145224332809448,-4.729393005371094,0.6972988843917847,-0.223569631576538,0.6401659250259399,0.2323329448699951,-1.49029278755188,0.0143269430845975,-2.4851322174072266,0
2023-10-21 17:03:12.080,-0.4103412628173828,-1.9363867044448853,-1.2955026626586914,0.6973783373832703,-0.2234996408224105,0.6401242613792419,0.2322764098644256,-1.49012291431427,0.0143565703183412,-2.485321283340454,0
2023-10-21 17:03:12.100,-2.9254229068756104,0.06446373462677,4.223424911499023,0.6984136700630188,-0.222173735499382,0.6394801139831543,0.2322119325399398,-1.4872838258743286,0.0133489165455102,-2.4873411655426025,0
2023-10-21 17:03:12.150,1.3004658222198486,-1.139307141304016,24.78075790405273,0.7015608549118042,-0.220115378499031,0.6365184187889099,0.2328218966722488,-1.4778684377670288,0.0124581400305032,-2.4893887042999268,0
2023-10-21 17:03:12.210,0.2848647832870483,0.9664881825447084,12.774134635925291,0.7135405540466309,-0.2151266187429428,0.623359203338623,0.2366511523723602,-1.440127730369568,0.011966067366302,-2.4906129837036133,0
2023-10-21 17:03:12.230,-0.2814269065856933,0.2571140229701996,12.7313232421875,0.7135405540466309,-0.2151266187429428,0.623359203338623,0.2366511523723602,-1.440127730369568,0.011966067366302,-2.4906129837036133,0
2023-10-21 17:03:12.250,0.6181966066360474,0.170985072851181,10.036383628845217,0.7205913066864014,-0.2108427435159683,0.6160169839859009,0.238362580537796,-1.4180585145950315,0.0101922722533345,-2.493934392929077,0
2023-10-21 17:03:12.310,1.455600023269653,0.6777908802032471,-0.5005979537963867,0.7304095029830933,-0.2038130611181259,0.6070724129676819,0.2375400960445404,-1.3899577856063845,0.0093260565772652,-2.504964590072632,0
2023-10-21 17:03:12.330,1.0416052341461182,0.6496217250823975,-4.178590297698975,0.7304095029830933,-0.2038130611181259,0.6070724129676819,0.2375400960445404,-1.3899577856063845,0.0093260565772652,-2.504964590072632,0
2023-10-21 17:03:12.360,0.317290186882019,0.9364142417907716,-8.506897926330566,0.7313717007637024,-0.20111083984375,0.6061049103736877,0.2393464148044586,-1.3853511810302734,0.0040355138480663,-2.50570011138916,0
2023-10-21 17:03:12.380,1.1718153953552246,0.5273056030273438,-10.511035919189451,0.7314594984054565,-0.2008494436740875,0.6060093641281128,0.2395394742488861,-1.3849021196365356,0.0035001409705728,-2.50573992729187,0
2023-10-21 17:03:12.400,1.04708731174469,0.0474996268749237,-15.83515739440918,0.7365912795066833,-0.191746637225151,0.5993102192878723,0.2479797005653381,-1.3611197471618652,-0.0147562911733984,-2.504058837890625,0
2023-10-21 17:03:12.460,3.724170684814453,1.101271152496338,-16.477590560913086,0.7458980679512024,-0.1824921220541,0.5879306197166443,0.254303514957428,-1.3262096643447876,-0.0267878025770187,-2.505362272262573,0
2023-10-21 17:03:12.480,0.5266460180282593,1.5770080089569092,-12.880250930786133,0.7435258626937866,-0.1906454712152481,0.5864253640174866,0.2587064802646637,-1.3288767337799072,-0.0199257209897041,-2.487512826919556,0
2023-10-21 17:03:12.500,-2.6152760982513428,1.3491427898406982,-9.41522216796875,0.7432847619056702,-0.1914598494768142,0.5862718224525452,0.259145438671112,-1.3291501998901367,-0.0192421320825815,-2.485727071762085,0
2023-10-21 17:03:12.530,-2.1740870475769043,-0.279274582862854,-5.12337064743042,0.7313122153282166,-0.203268826007843,0.5941658616065979,0.2661411762237549,-1.3578553199768066,-0.0189591981470584,-2.4588429927825928,0
2023-10-21 17:03:12.550,-1.7170604467391968,-0.2841976881027221,-4.31260871887207,0.7259806990623474,-0.2099514752626419,0.5951569080352783,0.2732411026954651,-1.3659062385559082,-0.020402655005455,-2.4382400512695312,0
2023-10-21 17:03:12.610,4.396583557128906,-0.1269948482513427,-8.757000923156738,0.7221830487251282,-0.2206425368785858,0.5991637706756592,0.2660289108753204,-1.3850915431976318,-0.0001011788845062,-2.4357898235321045,0
2023-10-21 17:03:12.630,5.656882286071777,-0.8778812885284424,-12.091341018676758,0.7221830487251282,-0.2206425368785858,0.5991637706756592,0.2660289108753204,-1.3850915431976318,-0.0001011788845062,-2.4357898235321045,0
2023-10-21 17:03:12.650,4.33780574798584,-0.868468165397644,-13.79766845703125,0.7216925024986267,-0.2212890088558197,0.5998043417930603,0.2653788328170776,-1.3872352838516235,0.001054466003552,-2.4359748363494877,0
2023-10-21 17:03:12.710,3.455130100250244,-3.826380491256714,5.491401672363281,0.687290608882904,-0.2386969476938247,0.6412150263786316,0.2439235299825668,-1.5070115327835083,0.015294075012207,-2.445166826248169,0
2023-10-21 17:03:12.760,2.96185040473938,-2.0861589908599854,34.91709899902344,0.6767998337745667,-0.2409961968660354,0.6556052565574646,0.2324749082326889,-1.5465832948684692,0.0213904604315757,-2.458984375,0
2023-10-21 17:03:12.780,4.4737629890441895,-0.7320848703384399,17.141517639160156,0.6853538155555725,-0.2337500900030136,0.6487886905670166,0.2339325249195099,-1.5219017267227173,0.0168582741171121,-2.467676877975464,0
2023-10-21 17:03:12.800,3.644754409790039,1.491388916969299,14.955902099609377,0.6862120628356934,-0.2330211997032165,0.6480879187583923,0.2340863943099975,-1.5194004774093628,0.016387540847063,-2.4685275554656982,0
2023-10-21 17:03:12.860,2.133824110031128,-0.4536672234535217,13.836383819580078,0.6920250058174133,-0.2300078123807907,0.6400282979011536,0.2419949471950531,-1.4958029985427856,0.0085752168670296,-2.460838556289673,0
2023-10-21 17:03:12.880,3.851613759994507,-0.0680138766765594,3.297107696533203,0.6904139518737793,-0.2325180470943451,0.6395930647850037,0.2453257143497467,-1.497015357017517,0.0072501935064792,-2.4520256519317627,0
2023-10-21 17:03:12.910,8.043519973754883,1.0361042022705078,-6.503440856933594,0.690250039100647,-0.2327467203140258,0.639572262763977,0.245624154806137,-1.4971753358840942,0.0071181361563503,-2.4512298107147217,0
2023-10-21 17:03:12.930,7.053596496582031,0.1814630180597305,-11.128002166748049,0.6949781179428101,-0.2315960973501205,0.6327894926071167,0.2508907914161682,-1.478784203529358,0.004386349581182,-2.444701910018921,0
2023-10-21 17:03:12.950,4.872436046600342,-0.7905745506286621,-14.324625015258787,0.6949781179428101,-0.2315960973501205,0.6327894926071167,0.2508907914161682,-1.478784203529358,0.004386349581182,-2.444701910018921,0
2023-10-21 17:03:13.010,0.2154593914747238,-1.6580376625061035,-19.196796417236328,0.7204346656799316,-0.2293000519275665,0.5984612107276917,0.2650274336338043,-1.3912869691848757,0.0131744975224137,-2.4255805015563965,0
2023-10-21 17:03:13.030,-2.06376314163208,1.3590689897537231,-14.632447242736816,0.7221212387084961,-0.2288667112588882,0.5963470935821533,0.2655768692493438,-1.3857442140579224,0.0137874679639935,-2.425306797027588,0
2023-10-21 17:03:13.050,-2.4020705223083496,2.7991585731506348,-10.943503379821776,0.7386165857315063,-0.2236405909061432,0.5725771188735962,0.2767415642738342,-1.3239957094192505,0.0134579129517078,-2.4141323566436768,0
2023-10-21 17:03:13.080,-2.884750366210937,1.5642049312591553,-7.815213680267334,0.720247209072113,-0.2379675507545471,0.5899465680122375,0.2767283618450165,-1.3789269924163818,0.0162817575037479,-2.3945229053497314,0
2023-10-21 17:03:13.100,-2.224104642868042,1.1055773496627808,-7.1346821784973145,0.7181939482688904,-0.2394453734159469,0.5919130444526672,0.2765907645225525,-1.3850960731506348,0.0165018178522586,-2.392675876617432,0
2023-10-21 17:03:13.160,1.654523849487305,0.2865456938743591,-8.63741683959961,0.6953923106193542,-0.2400912195444107,0.6197178363800049,0.2733781635761261,-1.4539169073104858,-0.0049194893799722,-2.39683198928833,0
2023-10-21 17:03:13.180,1.9468114376068115,0.083130732178688,-9.207613945007324,0.694588303565979,-0.2398710250854492,0.6207990050315857,0.2731623649597168,-1.4564040899276731,-0.0059346607886254,-2.39749813079834,0
2023-10-21 17:03:13.200,1.8527345657348635,-0.282501220703125,-9.87789821624756,0.6865725517272949,-0.2395977526903152,0.6333268880844116,0.2647793591022491,-1.487719178199768,-0.0063813463784754,-2.4113082885742188,0
2023-10-21 17:03:13.260,2.0697762966156006,-1.6302481889724731,-9.161052703857422,0.6620423197746277,-0.2505969107151031,0.6619622111320496,0.2463884353637695,-1.5727819204330444,0.0056118662469089,-2.423405408859253,0
2023-10-21 17:03:13.310,-0.3347569704055786,-0.1520400941371917,54.51252746582031,0.673636794090271,-0.2474008351564407,0.6530394554138184,0.2419625371694564,-1.5461255311965942,0.017295328900218,-2.435045003890991,0
2023-10-21 17:03:13.330,9.52270221710205,2.3716742992401123,36.768585205078125,0.673636794090271,-0.2474008351564407,0.6530394554138184,0.2419625371694564,-1.5461255311965942,0.017295328900218,-2.435045003890991,0
2023-10-21 17:03:13.350,-1.8771164417266848,1.8337076902389529,11.010153770446776,0.6835840940475464,-0.2380709946155548,0.6451280117034912,0.2446320801973343,-1.5165029764175415,0.0098452372476458,-2.4449362754821777,0
2023-10-21 17:03:13.410,-0.9751793742179872,-1.7839667797088623,-4.768004894256592,0.6938982605934143,-0.2204842716455459,0.63611900806427,0.2554301023483276,-1.4771641492843628,-0.0189817324280738,-2.453444480895996,0
2023-10-21 17:03:13.430,-2.1441333293914795,-0.783837080001831,-6.539128303527832,0.6938982605934143,-0.2204842716455459,0.63611900806427,0.2554301023483276,-1.4771641492843628,-0.0189817324280738,-2.453444480895996,0
2023-10-21 17:03:13.460,2.3552937507629395,0.5598927140235901,-7.352182388305664,0.6953215003013611,-0.2190617322921753,0.6347552537918091,0.2561753094196319,-1.4724215269088743,-0.0205820426344871,-2.454252004623413,0
2023-10-21 17:03:13.480,1.991754651069641,-0.5586906671524048,-6.661880016326904,0.6954208016395569,-0.2189827561378479,0.6346613764762878,0.2562059462070465,-1.4721122980117798,-0.0206391867250204,-2.454313039779663,0
2023-10-21 17:03:13.500,1.9342577457427976,-0.6453089714050293,-5.529885768890381,0.6910741925239563,-0.2224345803260803,0.6395050883293152,0.2529280185699463,-1.4875773191452026,-0.016060596331954,-2.4546685218811035,0
2023-10-21 17:03:13.560,2.034623384475708,0.0943280458450317,-3.460554599761963,0.6829257011413574,-0.2308087199926376,0.6478123068809509,0.246331438422203,-1.5166363716125488,-0.0039026539307087,-2.452939033508301,0
2023-10-21 17:03:13.580,0.9365863800048828,0.1058426201343536,-1.8482880592346191,0.6775641441345215,-0.231995478272438,0.6547616124153137,0.2416036278009414,-1.5358585119247437,-0.0020019426010549,-2.458482265472412,0
2023-10-21 17:03:13.600,-0.5538520812988281,0.1688797771930694,1.6783218383789062,0.677024245262146,-0.2321128696203231,0.6554529070854187,0.2411295026540756,-1.5377800464630127,-0.0018059918656945,-2.4590346813201904,0
2023-10-21 17:03:13.630,-1.5257683992385864,0.3113859295845032,8.702019691467285,0.702917754650116,-0.2159611880779266,0.6283535361289978,0.2538488805294037,-1.4534480571746826,-0.0154083808884024,-2.462169647216797,0
2023-10-21 17:03:13.650,0.0702689886093139,0.2487313002347946,7.777061462402344,0.686219334602356,-0.2102688699960708,0.6496831178665161,0.250603049993515,-1.5033011436462402,-0.037052497267723,-2.475933790206909,0
2023-10-21 17:03:13.710,0.4449206590652466,-0.0471959710121154,-3.373815059661865,0.6610840559005737,-0.2215144783258438,0.677065908908844,0.2355442941188812,-1.5857758522033691,-0.0260815974324941,-2.483515501022339,0
2023-10-21 17:03:13.730,0.8331839442253113,-0.0468318164348602,-4.835307121276856,0.6610840559005737,-0.2215144783258438,0.677065908908844,0.2355442941188812,-1.5857758522033691,-0.0260815974324941,-2.483515501022339,0
2023-10-21 17:03:13.750,0.3655437231063843,0.1472120881080627,-4.765600681304932,0.6614652276039124,-0.2220312356948852,0.6767407655715942,0.2349209487438202,-1.5853530168533323,-0.0242316294461488,-2.4836645126342773,0
2023-10-21 17:03:13.810,-1.3936889171600342,0.3866339325904846,1.9671001434326167,0.6841334700584412,-0.2328932285308838,0.6496186256408691,0.236046478152275,-1.5232622623443604,0.011980015784502,-2.465688705444336,0
2023-10-21 17:03:13.860,0.2841713726520538,-0.3895115554332733,2.153040885925293,0.6882908940315247,-0.2333923876285553,0.6440442800521851,0.2387272417545318,-1.5092817544937134,0.0137823121622204,-2.4609181880950928,0
2023-10-21 17:03:13.880,-0.1929879337549209,-0.2936780452728271,1.6641130447387695,0.68869549036026,-0.2307713329792022,0.644193708896637,0.2397031635046005,-1.5072327852249146,0.00903195515275,-2.4632372856140137,0
2023-10-21 17:03:13.900,-0.6609088182449341,-0.1086283326148986,0.6450090408325195,0.6887319684028625,-0.2305087000131607,0.6442133188247681,0.2397982478141784,-1.5070409774780271,0.008555069565773,-2.463472843170166,0
2023-10-21 17:03:13.960,-0.5301071405410767,0.1265400946140289,-2.281225204467773,0.6829047203063965,-0.2281795144081115,0.6508044600486755,0.2408917397260666,-1.5220015048980713,-0.0018970977980643,-2.465161800384521,0
2023-10-21 17:03:13.980,-0.6730003952980042,0.1549631059169769,-1.5557937622070312,0.6785381436347961,-0.2309946566820144,0.6551379561424255,0.2387923747301101,-1.5359177589416504,0.0005934835062362,-2.464247941970825,0
2023-10-21 17:03:14.000,-0.7647810578346252,0.0533465147018432,-0.6709699630737305,0.6785381436347961,-0.2309946566820144,0.6551379561424255,0.2387923747301101,-1.5359177589416504,0.0005934835062362,-2.464247941970825,0
2023-10-21 17:03:14.010,-0.3925676941871643,-0.1405619978904724,0.2104711532592773,0.6781412363052368,-0.2312703281641006,0.6555266380310059,0.2385863363742828,-1.5371923446655271,0.0008684993954375,-2.464155435562134,0
2023-10-21 17:03:14.030,-0.1909284889698028,-0.2681826651096344,0.8184947967529297,0.6759228706359863,-0.2327025681734085,0.6575941443443298,0.237797662615776,-1.5439541339874268,0.0018292675958946,-2.463235855102539,0
2023-10-21 17:03:14.050,0.046264499425888,-0.3544449806213379,1.1010503768920898,0.6759228706359863,-0.2327025681734085,0.6575941443443298,0.237797662615776,-1.5439541339874268,0.0018292675958946,-2.463235855102539,0
2023-10-21 17:03:14.110,-0.1281360387802124,0.0351949632167816,0.1296653747558593,0.683491051197052,-0.225168377161026,0.6525200605392456,0.2373959422111511,-1.5237454175949097,-0.0020101084373891,-2.4749245643615723,0
2023-10-21 17:03:14.130,-0.2821569442749023,0.2736332416534424,-0.5500650405883789,0.683491051197052,-0.225168377161026,0.6525200605392456,0.2373959422111511,-1.5237454175949097,-0.0020101084373891,-2.4749245643615723,0
2023-10-21 17:03:14.150,-0.2195168137550354,0.3272668421268463,-1.012897491455078,0.6861848831176758,-0.2246661335229873,0.6501861810684204,0.2365023791790008,-1.517204523086548,0.0007838607416488,-2.4770255088806152,0
2023-10-21 17:03:14.180,0.4459357261657715,0.2709674835205078,-1.1423053741455078,0.6843932271003723,-0.2251974046230316,0.6522173881530762,0.2355944663286209,-1.5229809284210205,0.0009295345516875,-2.4776411056518555,0
2023-10-21 17:03:14.200,1.3320807218551636,0.1184403002262115,-1.2649517059326172,0.6841845512390137,-0.2252555191516876,0.652445375919342,0.2355133444070816,-1.523628830909729,0.0009135009022429,-2.477679967880249,0
2023-10-21 17:03:14.260,2.246634721755981,-0.1927469968795776,-3.4207777976989746,0.6822146773338318,-0.2225692272186279,0.6559322476387024,0.2340918183326721,-1.5303534269332886,-0.0034167834091931,-2.4837818145751958,0
2023-10-21 17:03:14.280,1.1031320095062256,-0.1944094002246856,-5.092297554016113,0.6823341846466064,-0.2223523408174514,0.6558983325958252,0.2340447604656219,-1.530071258544922,-0.0035819488111883,-2.484170436859131,0
2023-10-21 17:03:14.300,-0.1817796230316162,0.0330704748630523,-6.409420490264893,0.6869498491287231,-0.2200044691562652,0.6515576839447021,0.2348841726779937,-1.5166281461715698,-0.0038171205669641,-2.486285448074341,0
2023-10-21 17:03:14.360,-4.07090425491333,1.2341561317443848,-6.676290035247803,0.6943827867507935,-0.2191173881292343,0.6423724889755249,0.2391190081834793,-1.492024302482605,-0.0029042703099548,-2.480990409851074,0
2023-10-21 17:03:14.410,-2.3065714836120605,0.1774339824914932,7.766813278198242,0.6949578523635864,-0.2188367992639541,0.6414042115211487,0.2403012216091156,-1.4892832040786743,-0.0040957448072731,-2.4795498847961426,0
2023-10-21 17:03:14.430,-2.601524591445923,1.024708867073059,12.420876502990724,0.6949578523635864,-0.2188367992639541,0.6414042115211487,0.2403012216091156,-1.4892832040786743,-0.0040957448072731,-2.4795498847961426,0
2023-10-21 17:03:14.450,1.5759789943695068,0.3868524432182312,19.651531219482425,0.6966957449913025,-0.2180174738168716,0.6393728256225586,0.2414245754480362,-1.4833422899246216,-0.0049369535408914,-2.47895884513855,0
2023-10-21 17:03:14.510,1.9109076261520384,-0.0925881564617157,12.833285331726074,0.7082245349884033,-0.2152533084154129,0.6261203289031982,0.2450659722089767,-1.4472029209136963,-0.0019862367771565,-2.4770824909210205,0
2023-10-21 17:03:14.530,0.40428626537323,0.569216787815094,13.293618202209473,0.7082245349884033,-0.2152533084154129,0.6261203289031982,0.2450659722089767,-1.4472029209136963,-0.0019862367771565,-2.4770824909210205,0
2023-10-21 17:03:14.550,-1.1188905239105225,0.3725307881832123,13.54413890838623,0.7088967561721802,-0.2151222079992294,0.6253242492675781,0.2452701926231384,-1.4450812339782717,-0.0017479369416832,-2.476940155029297,0
2023-10-21 17:03:14.560,-0.2813353538513183,0.2627183794975281,11.375466346740724,0.7160539627075195,-0.2141819447278976,0.6162504553794861,0.2482504993677139,-1.4215195178985596,0.0007627010927535,-2.4734857082366943,0
2023-10-21 17:03:14.580,1.520374417304993,0.4737929403781891,7.624531745910644,0.7167574167251587,-0.2140875458717346,0.6153461933135986,0.2485445439815521,-1.419184923171997,0.0010157825890928,-2.473145008087158,0
2023-10-21 17:03:14.600,1.9131243228912356,0.7029906511306763,3.619664192199707,0.7228750586509705,-0.2128353416919708,0.6070731282234192,0.2522202432155609,-1.3976049423217771,0.0014744406798854,-2.468942165374756,0
2023-10-21 17:03:14.660,0.2429900169372558,0.352057546377182,-7.165984630584717,0.7225998044013977,-0.2112311571836471,0.6070277094841003,0.2544568479061126,-1.3961106538772583,-0.0036535344552248,-2.467496395111084,0
2023-10-21 17:03:14.680,-0.0762967467308044,0.4786692559719085,-8.567545890808105,0.7184655666351318,-0.2080622166395187,0.612200915813446,0.2563734352588653,-1.4061954021453855,-0.0149335749447345,-2.4687492847442627,0
2023-10-21 17:03:14.700,0.7985001802444458,0.5211256742477417,-10.021018981933594,0.718049943447113,-0.2077446728944778,0.6127163171768188,0.2565642893314361,-1.4072048664093018,-0.0160608347505331,-2.4688808917999268,0
2023-10-21 17:03:14.730,2.299268960952759,-0.0186662971973419,-20.469602584838867,0.7232673168182373,-0.2000372409820556,0.6068698763847351,0.2618749737739563,-1.3862886428833008,-0.0284911189228296,-2.4704813957214355,0
2023-10-21 17:03:14.750,6.11543083190918,-0.0097222924232482,-21.308563232421875,0.73558509349823,-0.1947471052408218,0.592000424861908,0.2655629515647888,-1.345592379570007,-0.0279242321848869,-2.4709222316741943,0
2023-10-21 17:03:14.810,-0.6751816868782043,0.6645265817642212,-10.019744873046877,0.7337375283241272,-0.2017054557800293,0.5922225117683411,0.2649845778942108,-1.3518415689468384,-0.0178628824651241,-2.462782621383667,0
2023-10-21 17:03:14.830,-2.870867252349853,0.5263606309890747,-6.738657474517822,0.721500039100647,-0.2071784734725952,0.6055748462677002,0.2641853988170624,-1.389045000076294,-0.0210110805928707,-2.4570958614349365,0
2023-10-21 17:03:14.850,-2.541003942489624,-0.1800264418125152,-5.581108093261719,0.7202619910240173,-0.2077217102050781,0.6068981885910034,0.2641002535820007,-1.392764449119568,-0.0213374588638544,-2.456533670425415,0
2023-10-21 17:03:14.910,-0.3495794534683227,0.2770529389381408,-5.157325744628906,0.7150567770004272,-0.2027862966060638,0.6162021160125732,0.2605120539665222,-1.4117043018341064,-0.0310537051409482,-2.469305992126465,0
2023-10-21 17:03:14.960,4.875259399414063,-1.9625098705291748,-13.082048416137695,0.7115030288696289,-0.2058854699134826,0.6228395700454712,0.2518840134143829,-1.430946707725525,-0.0207918956875801,-2.479165315628052,0
2023-10-21 17:03:14.980,5.21292781829834,-2.4476981163024902,-14.313994407653809,0.7009091377258301,-0.2139151841402053,0.6363608241081238,0.2408562302589416,-1.472063422203064,-0.006672759540379,-2.485652446746826,0
2023-10-21 17:03:15.000,5.963912963867188,-1.9372950792312624,-9.451812744140623,0.6998345255851746,-0.2147097736597061,0.6376903057098389,0.2397548705339431,-1.4761521816253662,-0.0052561108022928,-2.4862606525421143,0
2023-10-21 17:03:15.060,3.632208585739136,0.1225585639476776,60.49093627929688,0.6680496335029602,-0.2295040190219879,0.674013614654541,0.2162021994590759,-1.5847313404083252,0.0151942856609821,-2.500197172164917,0
2023-10-21 17:03:15.080,-3.41867733001709,-2.800821304321289,68.1066665649414,0.6667236685752869,-0.2298799902200698,0.6755703687667847,0.2150336056947708,-1.5892800092697144,0.0159928761422634,-2.501322031021118,0
2023-10-21 17:03:15.100,2.975205898284912,-1.8694181442260744,26.431415557861328,0.6771483421325684,-0.222255602478981,0.6677584648132324,0.2148748785257339,-1.561393141746521,0.0140314530581235,-2.5131468772888184,0
2023-10-21 17:03:15.110,4.925573348999023,2.544631004333496,15.22432804107666,0.6781823635101318,-0.2214903682470321,0.6669688820838928,0.2148563265800476,-1.5586057901382446,0.0138171836733818,-2.5143260955810547,0
2023-10-21 17:03:15.130,0.3476065397262573,4.377926826477051,16.46636390686035,0.68745356798172,-0.2138229012489318,0.6593447327613831,0.2166838198900222,-1.5316964387893677,0.008248034864664,-2.522979497909546,0
2023-10-21 17:03:15.150,-5.552684307098389,-0.6189666986465454,20.752124786376957,0.68745356798172,-0.2138229012489318,0.6593447327613831,0.2166838198900222,-1.5316964387893677,0.008248034864664,-2.522979497909546,0
2023-10-21 17:03:15.210,4.891641139984131,1.45196795463562,0.6609363555908203,0.6847261786460876,-0.2184029072523117,0.659997284412384,0.2187553793191909,-1.5373808145523071,0.0103366430848836,-2.51313591003418,0
2023-10-21 17:03:15.230,7.785147666931152,0.8266068696975708,-4.765796661376953,0.6847261786460876,-0.2184029072523117,0.659997284412384,0.2187553793191909,-1.5373808145523071,0.0103366430848836,-2.51313591003418,0
2023-10-21 17:03:15.250,8.642499923706055,1.0096197128295898,-8.534042358398438,0.6822323203086853,-0.2219444066286087,0.6592453122138977,0.2251565307378769,-1.5385175943374634,0.0059685464948415,-2.498266220092773,0
2023-10-21 17:03:15.300,1.8233773708343504,-0.5802897810935974,-20.90122413635254,0.686008870601654,-0.2265549451112747,0.6486814618110657,0.2393261939287185,-1.514996886253357,0.0003444850444793,-2.469935894012451,0
2023-10-21 17:03:15.360,-3.0338611602783203,0.2140798866748809,-13.805444717407228,0.7393057346343994,-0.2049647718667984,0.5850051045417786,0.2630316317081451,-1.3371570110321045,-0.0046864324249327,-2.4616618156433105,0
2023-10-21 17:03:15.380,-2.146071195602417,0.9047912359237672,-11.08293914794922,0.7432370781898499,-0.2026219964027404,0.5801674127578735,0.264478474855423,-1.3235818147659302,-0.0056912312284111,-2.462278127670288,0
2023-10-21 17:03:15.400,-2.182527780532837,1.2364542484283447,-9.078004837036133,0.724253237247467,-0.2160590291023254,0.5995194911956787,0.2633481323719024,-1.381884217262268,-0.0028017796576023,-2.446408271789551,0
2023-10-21 17:03:15.460,-0.6589959859848022,1.3262192010879517,-6.861957550048828,0.7004858255386353,-0.2252080887556076,0.6273178458213806,0.2550949156284332,-1.4590555429458618,-0.0045410552993416,-2.4471707344055176,0
2023-10-21 17:03:15.510,2.1619462966918945,-0.095683604478836,-9.364988327026367,0.6915572881698608,-0.2243734300136566,0.6399347186088562,0.2487745732069015,-1.490427017211914,-0.0080648940056562,-2.458399534225464,0
2023-10-21 17:03:15.530,1.7050905227661133,-0.2880786061286926,-9.802484512329102,0.6915572881698608,-0.2243734300136566,0.6399347186088562,0.2487745732069015,-1.490427017211914,-0.0080648940056562,-2.458399534225464,0
2023-10-21 17:03:15.550,0.7583580613136292,-1.1625680923461914,-11.135225296020508,0.6819836497306824,-0.2245953232049942,0.6547397375106812,0.2361592650413513,-1.529038429260254,-0.0029050451703369,-2.4776597023010254,0
2023-10-21 17:03:15.610,-9.571019172668455,-7.436173439025879,14.401267051696776,0.6703077554702759,-0.2260985970497131,0.6706355214118958,0.2231929302215576,-1.5725414752960205,0.0037490813992917,-2.4949886798858643,0
2023-10-21 17:03:15.630,-9.625411987304688,7.098160743713379,49.68982696533203,0.6703077554702759,-0.2260985970497131,0.6706355214118958,0.2231929302215576,-1.5725414752960205,0.0037490813992917,-2.4949886798858643,0
2023-10-21 17:03:15.650,8.456645965576172,2.956986904144287,47.94223403930664,0.6708574891090393,-0.2258035987615585,0.6702079176902771,0.2231242358684539,-1.571128249168396,0.0038848021067678,-2.4955337047576904,0
2023-10-21 17:03:15.660,1.84588086605072,2.07343864440918,20.177888870239254,0.6790890097618103,-0.2209098786115646,0.6638623476028442,0.2220896333456039,-1.54982328414917,0.0051610697992146,-2.5043859481811523,0
2023-10-21 17:03:15.680,-4.38574743270874,0.4189736843109131,3.192014694213867,0.6799017786979675,-0.2204218357801437,0.6632272601127625,0.2219852358102798,-1.5477062463760376,0.005277092102915,-2.505267143249512,0
2023-10-21 17:03:15.700,-2.706024408340454,-1.5105541944503784,-1.388650894165039,0.6878143548965454,-0.2128107696771621,0.6565336585044861,0.2249146252870559,-1.523428201675415,-0.0025794534012675,-2.511975049972534,0
2023-10-21 17:03:15.740,-1.5992755889892578,-0.6934648752212524,-6.793144702911377,0.6938760280609131,-0.2039910554885864,0.65237957239151,0.2265495657920837,-1.505167007446289,-0.012503920122981,-2.5221283435821533,0
2023-10-21 17:03:15.760,2.039316177368164,1.0541263818740845,-7.458687782287598,0.6944444179534912,-0.2031113356351852,0.6519994139671326,0.2266926616430282,-1.5034542083740234,-0.0135083133354783,-2.5231575965881348,0
2023-10-21 17:03:15.780,2.584502696990967,1.194559097290039,-6.762308120727539,0.6962345838546753,-0.1996197700500488,0.6510822176933289,0.2269390970468521,-1.498233675956726,-0.0175485387444496,-2.527726411819458,0
2023-10-21 17:03:15.800,1.910430073738098,1.2697280645370483,-5.302990436553955,0.696412980556488,-0.1992704272270202,0.6509898900985718,0.22696353495121,-1.4977126121520996,-0.0179538838565349,-2.5281822681427,0
2023-10-21 17:03:15.850,2.7222225666046143,-0.9321606159210204,-5.91684627532959,0.6783381104469299,-0.2110976576805114,0.6680322289466858,0.2214230895042419,-1.5524530410766602,-0.0094444965943694,-2.519834280014038,0
2023-10-21 17:03:15.910,-0.6107381582260132,-0.2848890423774719,-1.3500137329101562,0.6666392683982849,-0.2143330425024032,0.6799032092094421,0.2176812142133712,-1.5872119665145874,-0.0102388560771942,-2.520761251449585,0
2023-10-21 17:03:15.930,-2.930990934371948,0.6999388933181763,4.825778961181641,0.6940065026283264,-0.1980853229761123,0.6535866856575012,0.2279068678617477,-1.5035545825958252,-0.0229708198457956,-2.528473138809204,0
2023-10-21 17:03:15.950,-3.1983354091644287,1.2665319442749023,10.625421524047852,0.6966750025749207,-0.1964403539896011,0.6508892178535461,0.2289070636034011,-1.4951932430267334,-0.0242784917354583,-2.52918553352356,0
2023-10-21 17:03:16.010,0.7921173572540283,-0.0105445086956024,1.142435073852539,0.6511163711547852,-0.2165517210960388,0.6905220746994019,0.2287624776363372,-1.6182721853256226,-0.0339368470013141,-2.501445770263672,0
2023-10-21 17:03:16.060,0.1800402253866195,0.2046594768762588,-5.7811279296875,0.6571462750434875,-0.2198815792798996,0.6841351985931396,0.2275301218032837,-1.6035881042480469,-0.0223358664661645,-2.4980313777923584,0
2023-10-21 17:03:16.080,-0.3741870820522308,0.1979290097951889,-4.886877059936523,0.6727509498596191,-0.221900388598442,0.6688414812088013,0.2254275828599929,-1.5639736652374268,-0.0029832466971129,-2.497906446456909,0
2023-10-21 17:03:16.100,-1.131847858428955,0.2323800176382064,-2.4344048500061035,0.6742879152297974,-0.2220934778451919,0.667300283908844,0.2252124398946762,-1.5600265264511108,-0.0010587575379759,-2.497938394546509,0
2023-10-21 17:03:16.160,-0.2670933306217193,0.1659282892942428,2.9468297958374023,0.6863301992416382,-0.2252272069454193,0.6508517265319824,0.233700156211853,-1.5194436311721802,0.0049521825276315,-2.48050308227539,0
2023-10-21 17:03:16.180,0.5687925815582275,-0.077142983675003,3.291916847229004,0.6865318417549133,-0.2254556566476822,0.6504120230674744,0.2341112792491912,-1.5185039043426514,0.0050274045206606,-2.479542016983032,0
2023-10-21 17:03:16.210,-0.1162613630294799,0.0047385096549987,2.466036796569824,0.6886425614356995,-0.2250658869743347,0.6477524638175964,0.2356556206941604,-1.511236310005188,0.0046868794597685,-2.477752923965454,0
2023-10-21 17:03:16.230,-0.5931226015090942,0.1411652863025665,0.5440587997436523,0.6919707655906677,-0.2238364070653915,0.6437140703201294,0.2381304800510406,-1.499677062034607,0.0032006257679313,-2.475733518600464,0
2023-10-21 17:03:16.250,-0.6193296313285828,0.0965737998485565,-1.2930593490600586,0.6919707655906677,-0.2238364070653915,0.6437140703201294,0.2381304800510406,-1.499677062034607,0.0032006257679313,-2.475733518600464,0
2023-10-21 17:03:16.310,-0.3048601150512695,0.1314961612224578,-2.1817946434021,0.6887781023979187,-0.2281426042318344,0.6440552473068237,0.242340013384819,-1.5044599771499634,0.0021185593213886,-2.4629833698272705,0
2023-10-21 17:03:16.330,-0.3076011836528778,0.3958093523979187,-0.8314123153686523,0.6887781023979187,-0.2281426042318344,0.6440552473068237,0.242340013384819,-1.5044599771499634,0.0021185593213886,-2.4629833698272705,0
2023-10-21 17:03:16.350,-0.0482296347618103,0.5794911980628967,0.4079999923706054,0.6833140850067139,-0.2300304919481277,0.6496286988258362,0.2411440312862396,-1.5206382274627686,0.0010579826775938,-2.4620680809021,0
2023-10-21 17:03:16.390,0.4569762945175171,0.1604614555835724,1.3898601531982422,0.6815769672393799,-0.2288706451654434,0.6517657041549683,0.2413972318172454,-1.5251408815383911,-0.0026829573325812,-2.463377952575684,0
2023-10-21 17:03:16.440,0.0664842426776886,-0.234404057264328,0.4880342483520508,0.6907714605331421,-0.2253661751747131,0.6423438787460327,0.2438018321990966,-1.4975218772888184,-0.0018561790930107,-2.4647321701049805,0
2023-10-21 17:03:16.460,-0.0446181893348693,0.005368947982788,-0.3437957763671875,0.6907714605331421,-0.2253661751747131,0.6423438787460327,0.2438018321990966,-1.4975218772888184,-0.0018561790930107,-2.4647321701049805,0
2023-10-21 17:03:16.480,-0.0597794353961944,0.12188620865345,-1.0586442947387695,0.6912395358085632,-0.2252995371818542,0.6418196558952332,0.2439170777797699,-1.496111512184143,-0.0016296512912958,-2.4646477699279785,0
2023-10-21 17:03:16.500,-0.0062670111656188,0.1387859433889389,-1.3729562759399414,0.6898757815361023,-0.2260485887527465,0.6430177092552185,0.243929773569107,-1.4998762607574463,-0.0018114160047844,-2.463549852371216,0
2023-10-21 17:03:16.560,0.6028386950492859,0.1679843962192535,-0.9370937347412108,0.6817381978034973,-0.2256125062704086,0.6527814865112305,0.2412640303373336,-1.5248281955718994,-0.0073681245557963,-2.468347787857056,0
2023-10-21 17:03:16.580,1.0077698230743408,0.0749710798263549,-0.8377714157104492,0.6817381978034973,-0.2256125062704086,0.6527814865112305,0.2412640303373336,-1.5248281955718994,-0.0073681245557963,-2.468347787857056,0
2023-10-21 17:03:16.610,2.1142587661743164,-0.0618311464786529,-2.100599765777588,0.6833311319351196,-0.2243747115135193,0.6514352560043335,0.2415506541728973,-1.5201969146728516,-0.0080648642033338,-2.469698667526245,0
2023-10-21 17:03:16.630,2.142660617828369,-0.1372065246105194,-3.748962879180908,0.6833311319351196,-0.2243747115135193,0.6514352560043335,0.2415506541728973,-1.5201969146728516,-0.0080648642033338,-2.469698667526245,0
2023-10-21 17:03:16.690,-1.5388660430908203,0.1406626552343368,-6.790524482727051,0.6909744143486023,-0.2216420918703079,0.6437751054763794,0.2428636401891708,-1.4978734254837036,-0.0064011653885245,-2.471558094024658,0
2023-10-21 17:03:16.710,-2.6233184337615967,0.1911233961582183,-7.230254650115967,0.6910019516944885,-0.2216326296329498,0.6437485814094543,0.2428642064332962,-1.4977965354919434,-0.0063898698426783,-2.4715704917907715,0
2023-10-21 17:03:16.730,-2.339006900787353,0.364675372838974,-6.87505578994751,0.6902022957801819,-0.2214450687170028,0.6450923085212708,0.2417414188385009,-1.5011025667190552,-0.0062072975561022,-2.4735918045043945,0
2023-10-21 17:03:16.760,0.7047165632247925,0.4565329551696777,-2.208664894104004,0.6881512403488159,-0.2209558486938476,0.6477957367897034,0.2408050894737243,-1.5076740980148315,-0.0078830048441886,-2.4757673740386963,0
2023-10-21 17:03:16.780,-2.5624592304229736,-0.8341179490089417,3.6253538131713863,0.6879545450210571,-0.2209088653326034,0.6480509042739868,0.2407236695289611,-1.5082950592041016,-0.0080519588664174,-2.4759633541107178,0
2023-10-21 17:03:16.860,1.5611305236816406,-1.4606674909591677,17.499649047851562,0.6916223764419556,-0.2185542732477188,0.6450011730194092,0.2405537515878677,-1.4983155727386477,-0.008000936359167,-2.479587316513061,0
2023-10-21 17:03:16.880,0.620419979095459,-0.8330628871917725,11.797407150268556,0.6958810091018677,-0.2180404961109161,0.6404111385345459,0.2410015165805816,-1.486029863357544,-0.0052196620963513,-2.479592084884644,0
2023-10-21 17:03:16.940,-2.3230948448181152,0.0655197277665138,13.551087379455566,0.707917332649231,-0.2169309556484222,0.6257585287094116,0.2453982383012771,-1.4477516412734983,1.82688236236e-05,-2.474205255508423,0
2023-10-21 17:03:16.990,2.087296485900879,-0.080035924911499,8.081005096435547,0.7111642360687256,-0.2140075117349624,0.6217844486236572,0.2486572712659835,-1.4352099895477295,-0.0048335082828998,-2.4730889797210693,0
2023-10-21 17:03:17.010,2.674161672592163,0.3784099221229553,3.4451847076416016,0.711188018321991,-0.2139818668365478,0.6217551827430725,0.2486843764781952,-1.4351142644882202,-0.0048789279535412,-2.473081111907959,0
2023-10-21 17:03:17.030,1.6149115562438965,0.1306591182947158,-0.6081638336181641,0.7074886560440063,-0.2120928317308426,0.6259000301361084,0.2504507899284363,-1.443913221359253,-0.0134081682190299,-2.4729318618774414,0
2023-10-21 17:03:17.050,0.9322201013565063,-0.0289660692214965,-3.638064861297608,0.7071172595024109,-0.2119035124778747,0.626313328742981,0.2506269216537475,-1.4447933435440063,-0.0142611628398299,-2.472921133041382,0
2023-10-21 17:03:17.090,0.9264036417007446,0.6628798842430115,-7.1433587074279785,0.7228745222091675,-0.2023069709539413,0.6065922379493713,0.2618591487407684,-1.3874778747558594,-0.0252010077238082,-2.4674644470214844,0
2023-10-21 17:03:17.110,1.6454981565475464,0.7679951190948486,-9.533489227294922,0.723812997341156,-0.2018228769302368,0.605383038520813,0.2624379992485046,-1.3840950727462769,-0.0255897548049688,-2.4671313762664795,0
2023-10-21 17:03:17.130,2.32680606842041,0.9743313193321228,-14.315123558044434,0.730251669883728,-0.2012045383453369,0.5959682464599609,0.2665918171405792,-1.3605132102966309,-0.0239029042422771,-2.460862159729004,0
2023-10-21 17:03:17.160,5.484849452972412,0.3989987969398498,-22.95775032043457,0.7308804392814636,-0.2011459767818451,0.595034122467041,0.2669993340969085,-1.3581894636154177,-0.0237223096191883,-2.460240840911865,0
2023-10-21 17:03:17.180,5.534064769744873,0.4320621490478515,-18.609901428222656,0.7248958945274353,-0.2064224034547805,0.599908709526062,0.2683753967285156,-1.3744888305664062,-0.0227339472621679,-2.451093435287476,0
2023-10-21 17:03:17.240,-2.1591451168060303,0.9762500524520874,-6.324872016906738,0.7175816893577576,-0.2146825641393661,0.6040356159210205,0.2722663581371307,-1.3916970491409302,-0.0208141040056943,-2.4336931705474854,0
2023-10-21 17:03:17.260,-1.6391602754592896,0.3371851444244385,-5.081367492675781,0.7175816893577576,-0.2146825641393661,0.6040356159210205,0.2722663581371307,-1.3916970491409302,-0.0208141040056943,-2.4336931705474854,0
2023-10-21 17:03:17.280,-1.9008889198303225,0.2760640382766723,-3.947449207305908,0.7176130414009094,-0.2150259017944336,0.6037675142288208,0.2725072503089905,-1.3913400173187256,-0.0204526744782924,-2.4328272342681885,0
2023-10-21 17:03:17.310,0.1202869415283203,0.1601674556732177,-5.0739850997924805,0.7178200483322144,-0.2200623601675033,0.6011072397232056,0.2738193571567535,-1.3893003463745115,-0.0132596502080559,-2.4237968921661377,0
2023-10-21 17:03:17.330,1.1780281066894531,0.0159144401550292,-6.815188407897949,0.715485692024231,-0.2260338962078094,0.6023512482643127,0.2723268270492553,-1.3977690935134888,-0.0046248002909123,-2.418105125427246,0
2023-10-21 17:03:17.390,5.019353866577148,-1.153618574142456,-15.244083404541016,0.6828463077545166,-0.2479295134544372,0.6381685733795166,0.2549369931221008,-1.5082063674926758,0.0132103534415364,-2.414547204971313,0
2023-10-21 17:03:17.410,7.407543659210205,-1.7733478546142578,-14.174798011779783,0.6807538270950317,-0.2490881532430648,0.6403530836105347,0.2539240717887878,-1.5149558782577517,0.0139337517321109,-2.4143764972686768,0
2023-10-21 17:03:17.430,6.747025012969971,-2.372843742370605,-9.77015781402588,0.6807538270950317,-0.2490881532430648,0.6403530836105347,0.2539240717887878,-1.5149558782577517,0.0139337517321109,-2.4143764972686768,0
2023-10-21 17:03:17.490,-10.965384483337402,-5.1676788330078125,63.41072082519531,0.660252571105957,-0.2611297965049743,0.6628284454345703,0.2377735823392868,-1.5858641862869265,0.0296213719993829,-2.4201889038085938,0
2023-10-21 17:03:17.540,0.8352632522583008,4.485923767089844,14.77584171295166,0.6715639233589172,-0.2540418803691864,0.6519238352775574,0.2438441216945648,-1.549873113632202,0.0232772380113601,-2.422204971313477,0
2023-10-21 17:03:17.560,-1.8818641901016235,2.6103932857513428,13.94865894317627,0.6745683550834656,-0.2509690225124359,0.6489120721817017,0.2467495054006576,-1.5389301776885986,0.0183550883084535,-2.4224720001220703,0
2023-10-21 17:03:17.580,-4.763485908508301,0.6717720031738281,20.384843826293945,0.6748675107955933,-0.2506612241268158,0.6486095786094666,0.2470395416021347,-1.537835955619812,0.0178627632558345,-2.4224958419799805,0
2023-10-21 17:03:17.640,3.661625623703003,0.4484733939170837,4.769513130187988,0.6676205992698669,-0.2591125667095184,0.6515812277793884,0.2501705288887024,-1.5541870594024658,0.0199662595987319,-2.4049055576324463,0
2023-10-21 17:03:17.660,6.5779948234558105,1.123222827911377,-0.716944694519043,0.6664236783981323,-0.2638408541679382,0.649425745010376,0.2539955675601959,-1.5535229444503784,0.021758783608675,-2.391934394836426,0
2023-10-21 17:03:17.680,8.207204818725586,1.0361011028289795,-6.53038501739502,0.6664236783981323,-0.2638408541679382,0.649425745010376,0.2539955675601959,-1.5535229444503784,0.021758783608675,-2.391934394836426,0
2023-10-21 17:03:17.690,6.833789348602295,0.2235532999038696,-11.663870811462402,0.666354775428772,-0.2642528116703033,0.6491854190826416,0.2543623447418213,-1.553333759307861,0.0219173692166805,-2.3907527923583984,0
2023-10-21 17:03:17.710,4.867470741271973,-0.0892257094383239,-15.976656913757324,0.6737672090530396,-0.2695327699184418,0.6350893974304199,0.264672189950943,-1.522733211517334,0.0270269624888896,-2.3672239780426025,0
2023-10-21 17:03:17.730,3.2433900833129883,0.2610321342945099,-23.18578338623047,0.6737672090530396,-0.2695327699184418,0.6350893974304199,0.264672189950943,-1.522733211517334,0.0270269624888896,-2.3672239780426025,0
2023-10-21 17:03:17.790,0.5122807621955872,1.9470157623291016,-13.331747055053713,0.7319482564926147,-0.2309066504240036,0.576526939868927,0.2802686393260956,-1.3401334285736084,0.0148591501638293,-2.3984479904174805,0
2023-10-21 17:03:17.810,-0.727449357509613,2.289412498474121,-10.256994247436523,0.7113829851150513,-0.2419099956750869,0.6000155806541443,0.2745818793773651,-1.4071273803710938,0.014675011858344,-2.3924126625061035,0
2023-10-21 17:03:17.830,-1.7222819328308103,1.5595946311950684,-8.927740097045898,0.7113829851150513,-0.2419099956750869,0.6000155806541443,0.2745818793773651,-1.4071273803710938,0.014675011858344,-2.3924126625061035,0
2023-10-21 17:03:17.860,-1.823330760002136,0.382677286863327,-6.471384048461914,0.6936160326004028,-0.2496997416019439,0.621321976184845,0.2655296921730041,-1.4673800468444824,0.0164333824068307,-2.395559787750244,0
2023-10-21 17:03:17.880,-1.1644070148468018,0.3975648880004883,-6.809497833251953,0.6920474767684937,-0.2503464818000793,0.6231703758239746,0.26468026638031,-1.4726547002792358,0.0166222658008337,-2.395937442779541,0
2023-10-21 17:03:17.940,2.4199752807617188,1.195331573486328,-8.258405685424805,0.6813187599182129,-0.2478295564651489,0.6401863694190979,0.2540603578090668,-1.5132763385772705,0.0124102141708135,-2.4160287380218506,0
2023-10-21 17:03:17.960,2.603924512863159,1.0869060754776,-8.748507499694824,0.680359959602356,-0.2476626932621002,0.6415793299674988,0.2532775700092315,-1.5166877508163452,0.0120045449584722,-2.417470693588257,0
2023-10-21 17:03:17.980,1.3020917177200315,0.2349872589111328,-9.756364822387695,0.6641255617141724,-0.2489223927259445,0.6616338491439819,0.2433424293994903,-1.5702396631240845,0.0086243627592921,-2.4305355548858643,0
2023-10-21 17:03:18.040,-8.211129188537598,-4.564713478088379,4.904149055480957,0.649114191532135,-0.2598374783992767,0.6747307181358337,0.2363764643669128,-1.616373896598816,0.0183485019952058,-2.423934936523437,0
2023-10-21 17:03:18.090,3.479362964630127,-2.682194709777832,18.473922729492188,0.6628590822219849,-0.2572465240955353,0.6632440090179443,0.2335583120584488,-1.582939386367798,0.0312291476875543,-2.432448625564575,0
2023-10-21 17:03:18.110,-0.2868331372737884,3.2935919761657715,2.64822769165039,0.6629780530929565,-0.2572184801101684,0.6631458401679993,0.2335305213928222,-1.5826499462127686,0.0313359536230564,-2.4325368404388428,0
2023-10-21 17:03:18.130,-3.9711594581604,3.370368480682373,-2.9185595512390137,0.6706863641738892,-0.2496189028024673,0.6577910780906677,0.23490671813488,-1.5607901811599731,0.0257957577705383,-2.4422619342803955,0
2023-10-21 17:03:18.190,-1.087526559829712,3.1990537643432617,-7.07051944732666,0.6794803738594055,-0.2451828271150589,0.6524654626846313,0.2290868014097213,-1.5424275398254397,0.0342580936849117,-2.4579296112060547,0
2023-10-21 17:03:18.210,2.491459846496582,1.3439940214157104,-6.468258380889893,0.6797430515289307,-0.2452615052461624,0.6522724628448486,0.2287725061178207,-1.5419998168945312,0.0349927432835102,-2.45829439163208,0
2023-10-21 17:03:18.230,2.0120749473571777,0.0339084267616272,-3.391326427459717,0.6797693371772766,-0.2452693730592727,0.6522531509399414,0.2287410646677017,-1.5419570207595823,0.035066220909357,-2.4583311080932617,0
2023-10-21 17:03:18.240,1.984088659286499,-1.4629194736480713,-3.0673727989196777,0.6777151226997375,-0.2495476156473159,0.653989315032959,0.2252249121665954,-1.5507278442382812,0.0436688847839832,-2.457097053527832,0
2023-10-21 17:03:18.260,3.0647900104522705,-2.4193248748779297,-3.575493335723877,0.6775082945823669,-0.2499749511480331,0.6541615724563599,0.2248728275299072,-1.5516058206558228,0.0445285961031913,-2.4569694995880127,0
2023-10-21 17:03:18.280,3.2025837898254395,-2.24475622177124,-3.795225620269776,0.6686864495277405,-0.254795640707016,0.6623029112815857,0.2220194190740585,-1.5779361724853516,0.046685516834259,-2.4534308910369877,0
2023-10-21 17:03:18.340,-0.0127449035644531,0.4432156085968017,-3.677371025085449,0.6770736575126648,-0.2362479865550995,0.6563218235969543,0.2345203906297683,-1.543933987617493,0.0120731843635439,-2.462958574295044,0
2023-10-21 17:03:18.360,-1.8516439199447632,0.1210837364196777,-0.6642274856567383,0.6770736575126648,-0.2362479865550995,0.6563218235969543,0.2345203906297683,-1.543933987617493,0.0120731843635439,-2.462958574295044,0
2023-10-21 17:03:18.380,-2.1946768760681152,0.2986140847206116,2.167953491210937,0.6789406538009644,-0.2347564995288849,0.6544004678726196,0.23598513007164,-1.537489652633667,0.0099140536040067,-2.4629716873168945,0
2023-10-21 17:03:18.430,-0.1808185577392578,-0.4470097720623016,6.197713851928711,0.6499871611595154,-0.2371846437454223,0.681745707988739,0.2376615405082702,-1.612881422042847,-0.0157161857932806,-2.456904888153076,0
2023-10-21 17:03:18.490,0.3296191692352295,-0.0037339925765991,-1.0321626663208008,0.6659767627716064,-0.2361775189638137,0.6685781478881836,0.2317293584346771,-1.5763496160507202,0.0047191260382533,-2.4671452045440674,0
2023-10-21 17:03:18.510,0.0211795568466186,-0.140085220336914,-2.5668091773986816,0.6677469611167908,-0.2359446287155151,0.6670368909835815,0.231313556432724,-1.5720125436782837,0.0065133138559758,-2.4681272506713867,0
2023-10-21 17:03:18.530,-0.3075426816940307,-0.2152617573738098,-2.946779251098633,0.6677469611167908,-0.2359446287155151,0.6670368909835815,0.231313556432724,-1.5720125436782837,0.0065133138559758,-2.4681272506713867,0
2023-10-21 17:03:18.590,-0.5654992461204529,-0.2320021986961364,-1.4501714706420898,0.6938967108726501,-0.2272219806909561,0.6462244987487793,0.2219716310501098,-1.509204387664795,0.0284540001302957,-2.4956302642822266,0
2023-10-21 17:03:18.640,-0.0587957203388214,0.0408573746681213,0.9700002670288086,0.6906706094741821,-0.2206956595182418,0.6533862948417664,0.2176096141338348,-1.5220072269439695,0.0204911567270755,-2.5116286277771,0
2023-10-21 17:03:18.660,-0.022564947605133,0.2542998492717743,2.4106521606445312,0.690268337726593,-0.2134469300508499,0.6568052768707275,0.2158170640468597,-1.524682641029358,0.0111719910055398,-2.524868965148926,0
2023-10-21 17:03:18.680,0.0879438817501068,0.3255275785923004,3.104495048522949,0.6902255415916443,-0.2127212285995483,0.6571446657180786,0.2156369835138321,-1.5249567031860352,0.0102420449256896,-2.526194334030152,0
2023-10-21 17:03:18.740,0.3371801674365997,-0.3861123621463775,-0.4490423202514648,0.6986616253852844,-0.2032143324613571,0.6507072448730469,0.2171542942523956,-1.5001695156097412,0.0013483767397701,-2.537638902664185,0
2023-10-21 17:03:18.760,0.1371922492980957,-0.1610417366027832,-0.8718643188476562,0.6995266675949097,-0.2033130675554275,0.6503036618232727,0.2154796868562698,-1.4991966485977173,0.0041913809254765,-2.540064573287964,0
2023-10-21 17:03:18.780,-0.0916884243488311,0.0656532943248748,-1.0330286026000977,0.6995266675949097,-0.2033130675554275,0.6503036618232727,0.2154796868562698,-1.4991966485977173,0.0041913809254765,-2.540064573287964,0
2023-10-21 17:03:18.790,-0.1199266016483306,0.2216977179050445,-0.8570308685302734,0.6995552182197571,-0.2033687829971313,0.6503123044967651,0.2153080850839615,-1.4992645978927612,0.0045004044659435,-2.540247917175293,0
2023-10-21 17:03:18.810,0.0491144955158233,0.2589695453643799,-0.7294740676879883,0.6976041197776794,-0.2035547196865081,0.6528785824775696,0.2136904299259185,-1.5061204433441162,0.0049734320491552,-2.542440414428711,0
2023-10-21 17:03:18.830,0.2684812247753143,0.1916183978319168,-0.6855258941650391,0.6976041197776794,-0.2035547196865081,0.6528785824775696,0.2136904299259185,-1.5061204433441162,0.0049734320491552,-2.542440414428711,0
2023-10-21 17:03:18.890,0.7625243663787842,0.0036497414112091,0.0469598770141601,0.6956166625022888,-0.2016460001468658,0.6559562087059021,0.2125507891178131,-1.512642741203308,0.001688600401394,-2.5469045639038086,0
2023-10-21 17:03:18.910,0.695361852645874,0.2399981319904327,0.6439094543457031,0.6956198215484619,-0.201635479927063,0.6559544205665588,0.2125557959079742,-1.5126296281814575,0.0016694375080987,-2.5469119548797607,0
2023-10-21 17:03:18.930,0.335301011800766,0.2278528362512588,0.8962764739990234,0.6962316036224365,-0.2014383971691131,0.6545003056526184,0.215206041932106,-1.5086524486541748,-0.0012092891847714,-2.543158054351806,0
2023-10-21 17:03:18.980,0.8742865324020386,-0.1333039999008178,-0.9277467727661132,0.696418285369873,-0.2025973796844482,0.6527350544929504,0.2188445031642913,-1.504965901374817,-0.0035099161323159,-2.5359349250793457,0
2023-10-21 17:03:19.040,0.513727068901062,0.0711326599121093,-0.9744482040405272,0.6952099800109863,-0.2063042819499969,0.6521079540252686,0.2210812717676162,-1.506364107131958,-0.0014881199458613,-2.527200937271118,0
2023-10-21 17:03:19.060,0.7330334782600403,0.0687901675701141,-1.2700672149658203,0.6951069235801697,-0.2064974009990692,0.6521416306495667,0.2211258262395858,-1.506611943244934,-0.0013351741945371,-2.526855707168579,0
2023-10-21 17:03:19.080,1.0821034908294678,0.1512776911258697,-1.833564281463623,0.69340980052948,-0.2080825716257095,0.6530482172966003,0.2222896814346313,-1.5103000402450562,-0.00175875518471,-2.5227997303009038,0
2023-10-21 17:03:19.140,-0.8269662857055664,0.8098883628845215,-4.343413352966309,0.6924139261245728,-0.2099298536777496,0.6515776515007019,0.2279013693332672,-1.5080018043518066,-0.0062742047011852,-2.511540412902832,0
2023-10-21 17:03:19.190,-4.765037059783936,-1.0215129852294922,-4.566601753234863,0.6933802962303162,-0.2101021558046341,0.6497715711593628,0.2299517095088958,-1.503435492515564,-0.0074708559550344,-2.508127450942993,0
2023-10-21 17:03:19.210,-3.665162086486816,-1.3386026620864868,-3.894089698791504,0.693388819694519,-0.210103377699852,0.6497563719749451,0.2299678921699524,-1.503396987915039,-0.0074796183034777,-2.5081005096435547,0
2023-10-21 17:03:19.230,-1.567740559577942,-1.2868036031723022,-2.664616107940674,0.6940101981163025,-0.2102321982383728,0.6487402319908142,0.2308430224657058,-1.5008602142333984,-0.0077078212052583,-2.506559133529663,0
2023-10-21 17:03:19.290,-3.2465522289276123,-0.5673072934150696,8.633467674255371,0.6965899467468262,-0.2102593183517456,0.6452087759971619,0.2329358905553817,-1.491718292236328,-0.0076555763371288,-2.5032548904418945,0
2023-10-21 17:03:19.310,-4.002847671508789,-1.8697047233581543,19.110187530517575,0.6967962384223938,-0.2102162092924118,0.6449679136276245,0.2330248355865478,-1.4910584688186646,-0.0076314355246722,-2.50317645072937,0
2023-10-21 17:03:19.330,1.081668496131897,0.1558059304952621,25.069805145263672,0.6968168616294861,-0.2102119028568267,0.6449438333511353,0.2330337315797805,-1.4909924268722534,-0.0076289917342364,-2.50316858291626,0
2023-10-21 17:03:19.340,2.0260913372039795,-0.1843139827251434,16.64028549194336,0.7022990584373474,-0.2089925110340118,0.6390681266784668,0.2338590025901794,-1.474819540977478,-0.0053532081656157,-2.503571033477783,0
2023-10-21 17:03:19.360,1.7243987321853638,-1.191728591918945,12.678719520568848,0.7028447389602661,-0.2088697850704193,0.6384782195091248,0.2339406609535217,-1.4732022285461426,-0.0051259920001029,-2.5036134719848637,0
2023-10-21 17:03:19.380,0.0071184635162353,-0.9386605620384216,12.873207092285156,0.7123067378997803,-0.2064843475818634,0.6285141110420227,0.2344212383031845,-1.4458026885986328,-0.0005137026309967,-2.506171703338623,0
2023-10-21 17:03:19.440,1.521081805229187,-0.1464693546295166,7.640691757202148,0.7405798435211182,-0.1999274343252182,0.5949949622154236,0.2398991286754608,-1.3571425676345823,0.0106471106410026,-2.5064728260040283,0
2023-10-21 17:03:19.460,1.260578751564026,0.4455251693725586,2.8564453125,0.7405798435211182,-0.1999274343252182,0.5949949622154236,0.2398991286754608,-1.3571425676345823,0.0106471106410026,-2.5064728260040283,0
2023-10-21 17:03:19.480,0.8153421878814697,0.8192605376243591,-1.1543817520141602,0.7417841553688049,-0.1997116208076477,0.5934067964553833,0.2402915209531784,-1.353100299835205,0.0111048119142651,-2.5061352252960205,0
2023-10-21 17:03:19.530,1.5477626323699951,0.2072110772132873,-9.78477668762207,0.7370510101318359,-0.1992398351430893,0.5976209044456482,0.2447623759508133,-1.3629984855651855,0.0011495950166136,-2.499409914016724,0
2023-10-21 17:03:19.590,4.03587818145752,0.2813116908073425,-22.10385131835937,0.7268312573432922,-0.1940870136022567,0.610743522644043,0.2470605224370956,-1.391152024269104,-0.0196454934775829,-2.5026681423187256,0
2023-10-21 17:03:19.610,6.585620403289795,0.3830137550830841,-20.55136108398437,0.72657310962677,-0.1939225047826767,0.6111143231391907,0.2470323890447616,-1.3919415473937988,-0.0201336629688739,-2.5029420852661133,0
2023-10-21 17:03:19.630,3.7896838188171382,1.6462565660476685,-14.958958625793455,0.72657310962677,-0.1939225047826767,0.6111143231391907,0.2470323890447616,-1.3919415473937988,-0.0201336629688739,-2.5029420852661133,0
2023-10-21 17:03:19.690,-1.8181331157684328,1.0850815773010254,-5.9315185546875,0.7162975668907166,-0.2132434993982315,0.6114590167999268,0.2599287927150726,-1.4087859392166138,-0.0123803205788135,-2.45591139793396,0
2023-10-21 17:03:19.710,-1.892152547836304,0.8130761384963989,-5.379519462585449,0.7154088616371155,-0.2202817052602768,0.6079907417297363,0.2646006643772125,-1.4064069986343384,-0.0065666013397276,-2.4386472702026367,0
2023-10-21 17:03:19.740,-0.2027860283851623,0.6452858448028564,-5.646100044250488,0.7153231501579285,-0.2209744304418563,0.607639729976654,0.2650607824325561,-1.406162142753601,-0.0059867263771593,-2.4369451999664307,0
2023-10-21 17:03:19.760,1.0082297325134275,0.5147877931594849,-6.879749298095703,0.7140330076217651,-0.22637939453125,0.6066274642944336,0.266294002532959,-1.4085748195648191,0.0002022087574005,-2.427487850189209,0
2023-10-21 17:03:19.780,2.590384006500244,0.563159167766571,-8.48117446899414,0.7139036059379578,-0.2269125580787658,0.6065286993980408,0.2664122283458709,-1.408821702003479,0.0008140803547576,-2.426558494567871,0
2023-10-21 17:03:19.840,4.564077377319336,-1.676607608795166,-10.639349937438965,0.687471330165863,-0.2455634325742721,0.6327776908874512,0.2582138478755951,-1.492128610610962,0.0108519243076443,-2.412970542907715,0
2023-10-21 17:03:19.860,3.612870216369629,-3.653266191482544,-7.888734817504883,0.6720994114875793,-0.257517009973526,0.6463465690612793,0.2533843517303467,-1.5389431715011597,0.0186069309711456,-2.4025158882141118,0
2023-10-21 17:03:19.880,6.345878601074219,-6.61460542678833,-1.480599880218506,0.6720994114875793,-0.257517009973526,0.6463465690612793,0.2533843517303467,-1.5389431715011597,0.0186069309711456,-2.4025158882141118,0
2023-10-21 17:03:19.890,3.548635721206665,-3.787571907043457,42.7896614074707,0.6707268953323364,-0.2585982978343963,0.6475082039833069,0.2529537081718445,-1.5430675745010376,0.0193196628242731,-2.4015214443206787,0
2023-10-21 17:03:19.910,-13.022178649902344,-4.379517555236816,69.13807678222656,0.6675544381141663,-0.2640947103500366,0.6499954462051392,0.2492610067129135,-1.5552695989608765,0.0285620186477899,-2.3987462520599365,0
2023-10-21 17:03:19.930,3.7365589141845694,-1.1894543170928955,40.02130889892578,0.6675544381141663,-0.2640947103500366,0.6499954462051392,0.2492610067129135,-1.5552695989608765,0.0285620186477899,-2.3987462520599365,0
2023-10-21 17:03:19.990,-3.4175353050231934,2.755310297012329,18.61951065063477,0.6860748529434204,-0.2550036907196045,0.6299907565116882,0.2595881819725036,-1.4945330619812012,0.0228288937360048,-2.397002696990967,0
2023-10-21 17:03:20.010,-2.509062528610229,-1.0455825328826904,22.06123352050781,0.6861233115196228,-0.2549704313278198,0.6299332976341248,0.2596325874328613,-1.4943538904190063,0.022781852632761,-2.3969836235046387,0
2023-10-21 17:03:20.030,2.280884265899658,-0.2409892678260803,16.43973731994629,0.6877734661102295,-0.2559593319892883,0.6261690855026245,0.2633720934391022,-1.4858791828155518,0.0222549922764301,-2.389734268188477,0
2023-10-21 17:03:20.080,6.898838996887207,1.4221901893615725,-4.8569746017456055,0.6897895336151123,-0.2569395303726196,0.6219984292984009,0.2670027613639831,-1.4764328002929688,0.0223196502774953,-2.3826498985290527,0
2023-10-21 17:03:20.140,3.3086514472961426,-0.4544243216514587,-16.367313385009766,0.7036056518554688,-0.2545741200447082,0.6000264883041382,0.2830182313919067,-1.4198776483535769,0.0186038017272949,-2.3607325553894043,0
2023-10-21 17:03:20.160,2.072812557220459,-1.1964960098266602,-22.889057159423828,0.7043259143829346,-0.2546628415584564,0.5986709594726562,0.2840158641338348,-1.4166804552078247,0.018668245524168,-2.358999252319336,0
2023-10-21 17:03:20.180,2.269162178039551,-2.1911070346832275,-22.92524719238281,0.7248209714889526,-0.2458392679691314,0.5793281197547913,0.2803152799606323,-1.361279010772705,0.0315951220691204,-2.37796688079834,0
2023-10-21 17:03:20.240,-0.8521811962127686,2.1796820163726807,-11.094308853149414,0.7298457622528076,-0.2376934587955474,0.5720689296722412,0.2890746295452118,-1.336140275001526,0.0162185989320278,-2.3745555877685547,0
2023-10-21 17:03:20.260,-1.3434605598449707,2.647557020187378,-9.590723991394045,0.7298457622528076,-0.2376934587955474,0.5720689296722412,0.2890746295452118,-1.336140275001526,0.0162185989320278,-2.3745555877685547,0
2023-10-21 17:03:20.290,-2.497549772262573,1.5316412448883057,-6.800481796264648,0.712428092956543,-0.2474602311849594,0.594262957572937,0.279394268989563,-1.3986817598342896,0.0205293409526348,-2.3768444061279297,0
2023-10-21 17:03:20.310,-0.5254884362220764,0.925186038017273,-7.652338027954102,0.7122872471809387,-0.2475341856479644,0.5944409966468811,0.2793092131614685,-1.3991856575012207,0.0205666311085224,-2.3768765926361084,0
2023-10-21 17:03:20.330,0.3912048935890198,0.9842615127563475,-8.475534439086914,0.7047189474105835,-0.2470232546329498,0.6068358421325684,0.2722152173519134,-1.428838133811951,0.0177849661558866,-2.3889315128326416,0
2023-10-21 17:03:20.390,1.0582163333892822,0.9491859674453736,-8.718623161315918,0.6778638362884521,-0.2416592389345169,0.6481127142906189,0.2491011172533035,-1.5276809930801392,0.0047329245135188,-2.432737112045288,0
2023-10-21 17:03:20.410,-0.6127886772155762,0.1753250956535339,-9.658599853515623,0.6762540936470032,-0.2415880560874939,0.6503481864929199,0.2477153837680816,-1.533422350883484,0.0045473435893654,-2.434959888458252,0
2023-10-21 17:03:20.430,-0.0860991179943084,-0.8561006188392639,-8.963691711425781,0.6760927438735962,-0.2415807992219925,0.6505714058876038,0.2475766688585281,-1.53399658203125,0.0045294617302715,-2.4351823329925537,0
2023-10-21 17:03:20.440,-2.770829916000366,-1.2791781425476074,-4.833209991455078,0.657936692237854,-0.2504561841487884,0.6677553653717041,0.2418549209833145,-1.5880485773086548,0.0065688365139067,-2.430382013320923,0
2023-10-21 17:03:20.460,-4.0835137367248535,-5.500776290893555,8.219170570373535,0.6560943126678467,-0.2513337135314941,0.6694470047950745,0.241272896528244,-1.5934545993804932,0.0067584430798888,-2.429896116256714,0
2023-10-21 17:03:20.480,-8.128875732421875,-1.7270238399505615,54.17098236083984,0.6585850119590759,-0.2601071298122406,0.6628245115280151,0.2434621900320053,-1.584783673286438,0.0198612157255411,-2.413264274597168,0
2023-10-21 17:03:20.540,0.3294839859008789,-0.0994211435317993,6.502608299255371,0.6842085719108582,-0.2501145005226135,0.6393336057662964,0.2460772395133972,-1.5133522748947144,0.0276135727763175,-2.425025701522827,0
2023-10-21 17:03:20.560,-1.936146140098572,-0.9068728685379028,1.466623306274414,0.6842085719108582,-0.2501145005226135,0.6393336057662964,0.2460772395133972,-1.5133522748947144,0.0276135727763175,-2.425025701522827,0
2023-10-21 17:03:20.580,-1.832545280456543,-2.100341320037842,-0.5807895660400391,0.6854821443557739,-0.2491623312234878,0.6381745934486389,0.2465067207813263,-1.5094329118728638,0.0269672777503728,-2.425809383392334,0
2023-10-21 17:03:20.630,2.4501841068267822,1.8464109897613523,-3.9604902267456055,0.6999073028564453,-0.2378119677305221,0.6239700317382812,0.2534496486186981,-1.4623552560806274,0.0166034586727619,-2.4318385124206543,0
2023-10-21 17:03:20.690,2.0729360580444336,-0.6365722417831421,-5.448448657989502,0.6952815055847168,-0.2490258663892746,0.6272712349891663,0.2471851259469986,-1.4815858602523804,0.0361897945404052,-2.425330400466919,0
2023-10-21 17:03:20.710,1.731833815574646,-1.5795360803604126,-6.765029430389404,0.6944736838340759,-0.2497332543134689,0.6280752420425415,0.2467003464698791,-1.4843199253082275,0.0369819961488246,-2.425018072128296,0
2023-10-21 17:03:20.730,1.269970178604126,-2.153336763381958,-7.291102409362793,0.6944736838340759,-0.2497332543134689,0.6280752420425415,0.2467003464698791,-1.4843199253082275,0.0369819961488246,-2.425018072128296,0
2023-10-21 17:03:20.790,-0.6736415028572083,1.1025691032409668,-0.8880691528320312,0.7017954587936401,-0.2299612313508987,0.6273046731948853,0.2471635490655899,-1.4633678197860718,0.0126781286671757,-2.452963829040528,0
2023-10-21 17:03:20.810,-0.9963309168815612,0.9951846599578856,2.069540023803711,0.6988042593002319,-0.2195734679698944,0.6335405111312866,0.249171644449234,-1.4697928428649902,-0.0088430009782314,-2.4645557403564453,0
2023-10-21 17:03:20.840,0.2111179530620575,-0.6193418502807617,3.759908676147461,0.6984724998474121,-0.2185517102479934,0.6341845989227295,0.2493620812892913,-1.4705322980880735,-0.0109787108376622,-2.4657092094421387,0
2023-10-21 17:03:20.860,0.652087926864624,-0.6405549049377441,3.2521867752075195,0.6682249903678894,-0.226846233010292,0.6657073497772217,0.2425900548696518,-1.5600450038909912,-0.0198206175118684,-2.464719295501709,0
2023-10-21 17:03:20.880,0.6010752320289612,-0.2936177253723144,2.2646217346191406,0.6651283502578735,-0.227660983800888,0.6687803268432617,0.2418837696313858,-1.5689892768859863,-0.0206881612539291,-2.464651107788086,0
2023-10-21 17:03:20.940,0.4608232975006103,-0.0626365542411804,-0.6367921829223633,0.6775434613227844,-0.225489929318428,0.6579720973968506,0.2390856742858886,-1.5383353233337402,-0.0090650962665677,-2.471907138824463,0
2023-10-21 17:03:20.960,0.0703117400407791,0.0737703144550323,-0.9300327301025392,0.6849468350410461,-0.2217811644077301,0.6507163047790527,0.241307646036148,-1.5160032510757446,-0.0102292001247406,-2.47382926940918,0
2023-10-21 17:03:20.980,0.1196946948766708,0.3154343962669372,-0.7633476257324219,0.6849468350410461,-0.2217811644077301,0.6507163047790527,0.241307646036148,-1.5160032510757446,-0.0102292001247406,-2.47382926940918,0
2023-10-21 17:03:21.010,-0.1026841104030609,-0.4332731962203979,0.0520057678222656,0.6841479539871216,-0.2220024615526199,0.6510709524154663,0.2424110025167465,-1.5171236991882324,-0.0118887545540928,-2.471813917160034,0
2023-10-21 17:03:21.030,0.0718061923980712,-0.8738284111022949,0.1912193298339843,0.6841479539871216,-0.2220024615526199,0.6510709524154663,0.2424110025167465,-1.5171236991882324,-0.0118887545540928,-2.471813917160034,0
2023-10-21 17:03:21.090,0.3430821299552917,0.1314373910427093,0.3724822998046875,0.6862245798110962,-0.2226145416498184,0.6515502333641052,0.2345654070377349,-1.5189229249954224,-0.0001351535320281,-2.482982635498047,0
2023-10-21 17:03:21.110,0.215365469455719,0.407733142375946,0.1192264556884765,0.687303364276886,-0.2227245271205902,0.6499025821685791,0.2358698099851608,-1.5147260427474976,-0.000426173210144,-2.480820417404175,0
2023-10-21 17:03:21.130,0.0779239982366561,0.4602025747299194,-0.0772905349731445,0.687303364276886,-0.2227245271205902,0.6499025821685791,0.2358698099851608,-1.5147260427474976,-0.000426173210144,-2.480820417404175,0
2023-10-21 17:03:21.180,0.1198750138282775,-0.3895517587661743,0.3458938598632812,0.6884829998016357,-0.2215193063020706,0.6484999656677246,0.2374200522899627,-1.510004639625549,-0.0029092174954712,-2.480179786682129,0
2023-10-21 17:03:21.240,0.0967273116111755,-0.000974416732788,-0.0248003005981445,0.6844732165336609,-0.2237716764211654,0.6527562737464905,0.2352275252342224,-1.5231072902679443,-0.0007610619650222,-2.480283260345459,0
2023-10-21 17:03:21.260,0.0124521255493164,0.0174160599708557,-0.1135892868041992,0.6842220425605774,-0.2239592671394348,0.652987003326416,0.2351393550634384,-1.5238786935806274,-0.0006101430044509,-2.480144739151001,0
2023-10-21 17:03:21.280,-0.0651467442512512,0.0595386028289794,-0.1661062240600586,0.6835253238677979,-0.2243562787771225,0.6535764932632446,0.2351494282484054,-1.5257771015167236,-0.0006698668585158,-2.4795501232147217,0
2023-10-21 17:03:21.340,-0.1160865128040313,0.185207724571228,0.0434684753417968,0.6851476430892944,-0.2276317030191421,0.6495416164398193,0.2384372502565384,-1.5182130336761477,0.0021727995481342,-2.46973204612732,0
2023-10-21 17:03:21.360,-0.0445949733257293,0.2978821992874145,0.2009572982788086,0.6851476430892944,-0.2276317030191421,0.6495416164398193,0.2384372502565384,-1.5182130336761477,0.0021727995481342,-2.46973204612732,0
2023-10-21 17:03:21.390,0.0640250444412231,-0.1959688067436218,0.4137439727783203,0.683746337890625,-0.2289928346872329,0.6499974131584167,0.2399095743894577,-1.520643949508667,0.0012648109113797,-2.4654812812805176,0
2023-10-21 17:03:21.410,0.0709923058748245,-0.3430719971656799,0.30474853515625,0.6836076378822327,-0.22910176217556,0.6500585079193115,0.2400353848934173,-1.5209029912948608,0.0011573436204344,-2.465128898620605,0
2023-10-21 17:03:21.430,0.1514584571123123,-0.2753837704658508,0.1495990753173828,0.6829111576080322,-0.2294366806745529,0.6505877375602722,0.2402639538049698,-1.522588849067688,0.0007441938505508,-2.464287281036377,0
2023-10-21 17:03:21.490,-0.2074028998613357,0.2529041767120361,-0.3024110794067383,0.6840062141418457,-0.2325682938098907,0.6485291719436646,0.2397030144929886,-1.5201294422149658,0.0072475709021091,-2.4605700969696045,0
2023-10-21 17:03:21.510,-0.1746501475572586,0.1428893506526947,-0.1075801849365234,0.6840284466743469,-0.2327460646629333,0.6484470367431641,0.2396888434886932,-1.5200817584991455,0.0075588948093354,-2.460331678390503,0
2023-10-21 17:03:21.530,-0.061377614736557,0.0632397532463073,0.0919599533081054,0.6829090118408203,-0.2341125011444091,0.6490463614463806,0.2399280965328216,-1.5229160785675049,0.0083062713965773,-2.4579522609710693,0
2023-10-21 17:03:21.560,0.0642068237066268,-0.0975120663642883,0.2196683883666992,0.6827966570854187,-0.2342473119497299,0.6491069793701172,0.2399521023035049,-1.5232000350952148,0.0083775008097291,-2.457716464996338,0
2023-10-21 17:03:21.580,0.1230171024799346,-0.0737937092781066,0.1422634124755859,0.6817892789840698,-0.2346107363700866,0.6498773097991943,0.2403762936592102,-1.5255450010299685,0.0074800355359911,-2.45652437210083,0
2023-10-21 17:03:21.640,-0.1034586727619171,-0.0176132321357727,-0.1002655029296875,0.6782947182655334,-0.2454443275928497,0.6534993648529053,0.2293733209371566,-1.5453882217407229,0.0331826321780681,-2.4570629596710205,0
2023-10-21 17:03:21.660,-0.1393888443708419,0.0153326392173767,-0.066960334777832,0.6782947182655334,-0.2454443275928497,0.6534993648529053,0.2293733209371566,-1.5453882217407229,0.0331826321780681,-2.4570629596710205,0
2023-10-21 17:03:21.680,-0.1426420211791992,0.0343521237373352,-0.0906496047973632,0.6778010725975037,-0.2457696050405502,0.6540042161941528,0.2290449291467666,-1.5470291376113892,0.0335794016718864,-2.45704984664917,0
2023-10-21 17:03:21.730,-0.0288813672959804,-0.0247236490249633,0.0324974060058593,0.6795299053192139,-0.2526511251926422,0.6517006158828735,0.2229191362857818,-1.5478549003601074,0.0528395138680934,-2.455976963043213,0
2023-10-21 17:03:21.790,-0.0235567949712276,-0.0166464447975158,0.0432138442993164,0.6778837442398071,-0.2543108761310577,0.6533464789390564,0.2212194502353668,-1.553840398788452,0.0557493828237056,-2.455896377563477,0
2023-10-21 17:03:21.810,-0.0694539919495582,0.0157535672187805,0.0418548583984375,0.6759850978851318,-0.254173070192337,0.6552805304527283,0.2214670926332473,-1.5587719678878784,0.053413663059473,-2.455615282058716,0
2023-10-21 17:03:21.830,-0.0682823956012725,0.0462837815284729,0.0638408660888671,0.6759850978851318,-0.254173070192337,0.6552805304527283,0.2214670926332473,-1.5587719678878784,0.053413663059473,-2.455615282058716,0
2023-10-21 17:03:21.890,0.0064883586019277,-0.0789180397987365,-0.1032438278198242,0.6779117584228516,-0.2563682198524475,0.6532546281814575,0.2190191894769668,-1.5556997060775757,0.0614781752228736,-2.456047773361206,0
2023-10-21 17:03:21.910,-0.0033277161419391,-0.1105408668518066,-0.0718517303466796,0.6772422194480896,-0.2565671503543854,0.6540588140487671,0.2184569686651229,-1.558010816574097,0.0617881119251251,-2.4565269947052,0
2023-10-21 17:03:21.940,-0.0033540874719619,-0.0618495345115661,0.0096693038940429,0.676474392414093,-0.2566395401954651,0.6548460721969604,0.2183921337127685,-1.5601506233215332,0.0612319596111774,-2.4564568996429443,0
2023-10-21 17:03:21.960,-0.0529900193214416,-0.0091768503189086,0.128763198852539,0.6756942868232727,-0.2564966678619385,0.6558251976966858,0.2180370837450027,-1.5625755786895752,0.0606754720211029,-2.457138776779175,0
2023-10-21 17:03:21.980,-0.0019282810389995,0.0089054107666015,0.0945014953613281,0.6741140484809875,-0.2571906745433807,0.6573932766914368,0.2173878401517868,-1.5674159526824951,0.0609708540141582,-2.456926822662353,0
2023-10-21 17:03:22.040,0.040284551680088,-0.0140308141708374,0.012918472290039,0.672823429107666,-0.2569237053394317,0.6590374708175659,0.2167223989963531,-1.5714778900146484,0.0601084008812904,-2.458213806152344,0
2023-10-21 17:03:22.060,0.0988457351922988,-0.1011508703231811,-0.080179214477539,0.6733152270317078,-0.2575995326042175,0.658679723739624,0.2154766619205474,-1.571230173110962,0.0630729794502258,-2.4590439796447754,0
2023-10-21 17:03:22.080,0.0657164007425308,-0.1508079767227172,-0.1216192245483398,0.6733152270317078,-0.2575995326042175,0.658679723739624,0.2154766619205474,-1.571230173110962,0.0630729794502258,-2.4590439796447754,0
2023-10-21 17:03:22.110,-0.0658166408538818,-0.1022886037826538,-0.0204582214355468,0.6732639074325562,-0.2577490210533142,0.6590372920036316,0.2143620401620865,-1.5723289251327517,0.0645659267902374,-2.460440158843994,0
2023-10-21 17:03:22.130,-0.096627227962017,-0.1365413665771484,0.0689554214477539,0.6732639074325562,-0.2577490210533142,0.6590372920036316,0.2143620401620865,-1.5723289251327517,0.0645659267902374,-2.460440158843994,0
2023-10-21 17:03:22.190,-0.0051225163042545,0.0398138165473938,-0.0409507751464843,0.672879159450531,-0.2574606537818908,0.6601870059967041,0.212369754910469,-1.5750714540481567,0.0661204531788826,-2.463751554489136,0
2023-10-21 17:03:22.210,-0.0011493638157844,0.0628523230552673,-0.0797595977783203,0.6733165383338928,-0.2572952806949615,0.6600877046585083,0.2114904671907425,-1.5746382474899292,0.0673286765813827,-2.4653165340423584,0
2023-10-21 17:03:22.230,-0.0070982947945594,0.0648065209388732,-0.0727434158325195,0.6733165383338928,-0.2572952806949615,0.6600877046585083,0.2114904671907425,-1.5746382474899292,0.0673286765813827,-2.4653165340423584,0
2023-10-21 17:03:22.290,-0.0193148739635944,-0.0310215950012207,0.0834388732910156,0.6743423342704773,-0.2569166421890259,0.6599736213684082,0.2090242207050323,-1.573946833610535,0.070657379925251,-2.469560384750366,0
2023-10-21 17:03:22.340,0.0635265186429023,-0.0864891409873962,0.0139846801757812,0.6744783520698547,-0.2549163103103637,0.6606714725494385,0.2088299244642257,-1.5737413167953491,0.0679874718189239,-2.4728925228118896,0
2023-10-21 17:03:22.360,-0.0792651399970054,-0.1313090324401855,-0.0495071411132812,0.6753008961677551,-0.2550597488880157,0.6599030494689941,0.2084254622459411,-1.5718538761138916,0.0694587975740432,-2.473330020904541,0
2023-10-21 17:03:22.380,-0.1232149973511695,-0.1255707740783691,-0.0034408569335937,0.6754661798477173,-0.254248559474945,0.6605066061019897,0.2069643884897232,-1.5726234912872314,0.0701273754239082,-2.4766972064971924,0
2023-10-21 17:03:22.440,0.0772337839007377,-0.1073543429374694,0.0806484222412109,0.6756675839424133,-0.255675345659256,0.6611794233322144,0.202349379658699,-1.575868010520935,0.0780036896467208,-2.4812324047088623,0
2023-10-21 17:03:22.460,0.0771187916398048,-0.0739414691925048,0.061253547668457,0.6756675839424133,-0.255675345659256,0.6611794233322144,0.202349379658699,-1.575868010520935,0.0780036896467208,-2.4812324047088623,0
2023-10-21 17:03:22.490,-0.0037638023495674,0.0283511281013488,0.0306043624877929,0.6753826141357422,-0.2553047239780426,0.6618563532829285,0.2015540897846222,-1.577284812927246,0.0781365036964416,-2.482917308807373,0
2023-10-21 17:03:22.510,-0.0282751396298408,0.0026966929435729,-0.0222444534301757,0.6752304434776306,-0.2537274360656738,0.6621612906455994,0.2030485272407531,-1.576482176780701,0.073814257979393,-2.4831418991088867,0
2023-10-21 17:03:22.530,-0.0324185267090797,-0.0070501565933227,-0.0963010787963867,0.6756709814071655,-0.2524495720863342,0.6623218655586243,0.2026519924402237,-1.5756111145019531,0.0727682188153266,-2.48569393157959,0
2023-10-21 17:03:22.590,0.1049880981445312,-0.0751406550407409,0.0418310165405273,0.6764797568321228,-0.2490862309932708,0.6629816889762878,0.2019565999507904,-1.5739812850952148,0.06927190721035,-2.491865396499634,0
2023-10-21 17:03:22.610,0.1531330794095993,-0.0792374610900878,0.1127891540527343,0.6765299439430237,-0.2494612485170364,0.6629632115364075,0.2013857513666153,-1.5743073225021362,0.0705718696117401,-2.492128849029541,0
2023-10-21 17:03:22.630,0.1549324840307235,-0.065496027469635,0.1511688232421875,0.6765299439430237,-0.2494612485170364,0.6629632115364075,0.2013857513666153,-1.5743073225021362,0.0705718696117401,-2.492128849029541,0
2023-10-21 17:03:22.660,0.1190694496035575,-0.1192919015884399,0.1215982437133789,0.677094042301178,-0.2494548559188842,0.6629114747047424,0.1996607929468155,-1.5741640329360962,0.0731591656804084,-2.494683027267456,0
2023-10-21 17:03:22.680,0.157918095588684,-0.1091089248657226,-0.0248327255249023,0.6769572496414185,-0.2489440888166427,0.6633887887001038,0.199176013469696,-1.574923038482666,0.0728511735796928,-2.496144771575928,0
2023-10-21 17:03:22.740,0.1731887757778167,0.0134540796279907,-0.2437295913696289,0.6761674284934998,-0.2492710947990417,0.6647090315818787,0.1970367729663849,-1.5787672996520996,0.0752246975898742,-2.498665571212769,0
2023-10-21 17:03:22.760,0.1183449476957321,0.1312824189662933,-0.1677055358886718,0.6761674284934998,-0.2492710947990417,0.6647090315818787,0.1970367729663849,-1.5787672996520996,0.0752246975898742,-2.498665571212769,0
2023-10-21 17:03:22.780,0.0021871030330657,0.208763837814331,-0.061553955078125,0.6769909858703613,-0.2486288845539093,0.663963258266449,0.1975340098142624,-1.576138257980347,0.074396975338459,-2.4989962577819824,0
2023-10-21 17:03:22.840,0.1148562878370285,0.2338747382164001,-0.0957117080688476,0.6756970286369324,-0.2461116909980774,0.6661242246627808,0.1978413462638855,-1.5794018507003784,0.0690749809145927,-2.5022521018981934,0
2023-10-21 17:03:22.890,0.0811178535223007,-0.0446749329566955,-0.0112676620483398,0.6742104291915894,-0.2460373491048813,0.6678586006164551,0.1971571892499923,-1.5839664936065674,0.0684691295027732,-2.503227710723877,0
2023-10-21 17:03:22.910,0.0439484864473342,-0.1824532747268676,0.0682172775268554,0.6742104291915894,-0.2460373491048813,0.6678586006164551,0.1971571892499923,-1.5839664936065674,0.0684691295027732,-2.503227710723877,0
2023-10-21 17:03:22.930,-0.0010904371738433,-0.2018514275550842,0.1240091323852539,0.6742104291915894,-0.2460373491048813,0.6678586006164551,0.1971571892499923,-1.5839664936065674,0.0684691295027732,-2.503227710723877,0
2023-10-21 17:03:22.990,-0.1569957137107849,-0.1599992513656616,-0.0281496047973632,0.6743453145027161,-0.2482705265283584,0.6668828725814819,0.1971991211175918,-1.5835716724395752,0.0718845650553703,-2.499788761138916,0
2023-10-21 17:03:23.010,-0.2129989564418792,-0.2059417963027954,-0.0647153854370117,0.6722418069839478,-0.2499088048934936,0.6680799126625061,0.1982570439577102,-1.588412165641785,0.0711552277207374,-2.495595932006836,0
2023-10-21 17:03:23.040,-0.1886110603809356,-0.1648786664009094,-0.0679025650024414,0.6728106737136841,-0.2498013079166412,0.6674505472183228,0.1985820978879928,-1.5866189002990725,0.0711104422807693,-2.4953408241271973,0
2023-10-21 17:03:23.060,-0.112545222043991,-0.1288409829139709,-0.0589179992675781,0.6713220477104187,-0.2512111365795135,0.6680126786231995,0.1999470293521881,-1.5895395278930664,0.0702105164527893,-2.491105556488037,0
2023-10-21 17:03:23.080,-0.0837653279304504,-0.0776847600936889,-0.0078210830688476,0.6701481938362122,-0.2489739656448364,0.6692348122596741,0.2025790810585022,-1.5905628204345703,0.062593825161457,-2.4906373023986816,0
2023-10-21 17:03:23.140,0.0062656411901116,-0.0009446144104003,0.2076940536499023,0.6688650846481323,-0.2459581047296524,0.6699344515800476,0.2081156075000763,-1.5894359350204468,0.0501990132033824,-2.48714542388916,0
2023-10-21 17:03:23.160,0.0603196620941162,-0.0509596467018127,0.2006149291992187,0.669843316078186,-0.2435743808746338,0.6693612933158875,0.2096116095781326,-1.585558295249939,0.0457174889743328,-2.4886491298675537,0
2023-10-21 17:03:23.180,-0.2747169435024261,-0.0144299268722534,-0.0701932907104492,0.669843316078186,-0.2435743808746338,0.6693612933158875,0.2096116095781326,-1.585558295249939,0.0457174889743328,-2.4886491298675537,0
2023-10-21 17:03:23.210,0.0474551320075988,0.2900205254554748,0.0554141998291015,0.6715465188026428,-0.2439620643854141,0.6679661273956299,0.2081563025712967,-1.582203030586243,0.0496013574302196,-2.490273952484131,0
2023-10-21 17:03:23.230,-0.1783879399299621,0.4865423440933227,-0.3320798873901367,0.6715465188026428,-0.2439620643854141,0.6679661273956299,0.2081563025712967,-1.582203030586243,0.0496013574302196,-2.490273952484131,0
2023-10-21 17:03:23.290,0.3094511926174164,0.425045907497406,-0.2879638671875,0.6711812019348145,-0.2521602511405945,0.6679180264472961,0.1995407491922378,-1.5902464389801023,0.0719988867640495,-2.4902288913726807,0
2023-10-21 17:03:23.310,0.0557239949703216,0.4913338124752044,-0.6027355194091797,0.6719387769699097,-0.252716600894928,0.6666563153266907,0.200504332780838,-1.5874333381652832,0.072348304092884,-2.4880611896514893,0
2023-10-21 17:03:23.330,0.1943829953670501,0.3712326288223266,-0.3468341827392578,0.6719387769699097,-0.252716600894928,0.6666563153266907,0.200504332780838,-1.5874333381652832,0.072348304092884,-2.4880611896514893,0
2023-10-21 17:03:23.390,0.3461115956306457,0.3540777564048767,-0.0802993774414062,0.6728206276893616,-0.2568281590938568,0.6637493371963501,0.201961949467659,-1.5838837623596191,0.0775721296668052,-2.4797704219818115,0
2023-10-21 17:03:23.440,-0.5519354343414307,0.0658338069915771,-0.3852748870849609,0.6736363768577576,-0.2564957439899444,0.6618151664733887,0.2059725075960159,-1.5783953666687012,0.0730030909180641,-2.4745635986328125,0
2023-10-21 17:03:23.460,-0.1278963088989257,0.1518126130104065,-0.7092494964599609,0.6746317744255066,-0.2554931342601776,0.6607891917228699,0.2072509229183197,-1.5746442079544067,0.0708886012434959,-2.4743218421936035,0
2023-10-21 17:03:23.480,0.2783012390136719,0.0449123382568359,-0.7418479919433594,0.6748191118240356,-0.2566681504249573,0.6596092581748962,0.2089414149522781,-1.5727269649505615,0.0708289667963981,-2.4700984954833984,0
2023-10-21 17:03:23.540,-0.2345490455627441,0.0009160637855529,0.081186294555664,0.6756436228752136,-0.2507070899009704,0.658827006816864,0.2158672511577606,-1.5646013021469116,0.0543657392263412,-2.469066381454468,0
2023-10-21 17:03:23.560,-0.3332539796829223,0.4205251336097717,-1.0011587142944336,0.6756436228752136,-0.2507070899009704,0.658827006816864,0.2158672511577606,-1.5646013021469116,0.0543657392263412,-2.469066381454468,0
2023-10-21 17:03:23.580,0.5400700569152832,-0.258604347705841,0.1847724914550781,0.6798107028007507,-0.2486649304628372,0.6552377343177795,0.2160710543394088,-1.553110122680664,0.0549619905650615,-2.472108840942383,0
2023-10-21 17:03:23.590,0.3089058399200439,-0.6577255725860596,0.1662282943725586,0.6798107028007507,-0.2486649304628372,0.6552377343177795,0.2160710543394088,-1.553110122680664,0.0549619905650615,-2.472108840942383,0
2023-10-21 17:03:23.610,-0.0809292793273925,0.0825170278549194,0.507115364074707,0.6802171468734741,-0.2484676986932754,0.6548857688903809,0.2160858660936355,-1.5519899129867554,0.0550286397337913,-2.47240948677063,0
2023-10-21 17:03:23.630,-0.1199824810028076,-0.2414546608924865,0.6649007797241211,0.6873890161514282,-0.2452795505523681,0.6487398743629456,0.2155712395906448,-1.5327751636505127,0.0575373508036136,-2.478411912918091,0
2023-10-21 17:03:23.690,-0.0116105079650878,-0.021338403224945,0.2294092178344726,0.7001760601997375,-0.2356300801038742,0.6399282217025757,0.2114800214767456,-1.5006749629974363,0.0593358315527439,-2.499624490737915,0
2023-10-21 17:03:23.710,1.274860382080078,-0.0197507739067077,0.2653589248657226,0.7007442116737366,-0.2350684404373169,0.6395960450172424,0.2112282216548919,-1.4992904663085938,0.0592789277434349,-2.500861883163452,0
2023-10-21 17:03:23.730,0.9837615489959716,0.2098856568336486,0.575535774230957,0.7007442116737366,-0.2350684404373169,0.6395960450172424,0.2112282216548919,-1.4992904663085938,0.0592789277434349,-2.500861883163452,0
2023-10-21 17:03:23.760,-1.3874566555023191,-0.0938114523887634,-0.609492301940918,0.7098303437232971,-0.2290131896734237,0.6322469711303711,0.2096607089042663,-1.4748430252075195,0.0600423887372016,-2.512646436691284,0
2023-10-21 17:03:23.780,-1.292836308479309,-0.3357383608818054,-0.7823486328125,0.7196238040924072,-0.2252042442560196,0.6231397390365601,0.2076574116945266,-1.4482691287994385,0.0653720498085022,-2.5219082832336426,0
2023-10-21 17:03:23.840,-0.950237512588501,-0.7157613635063171,-0.0812788009643554,0.73734450340271,-0.2203589975833892,0.6052917838096619,0.2034376412630081,-1.3993003368377686,0.0787641182541847,-2.5368714332580566,0
2023-10-21 17:03:23.860,0.0827834606170654,-0.7130862474441528,0.2202301025390625,0.73734450340271,-0.2203589975833892,0.6052917838096619,0.2034376412630081,-1.3993003368377686,0.0787641182541847,-2.5368714332580566,0
2023-10-21 17:03:23.880,-0.3826436996459961,-0.583924412727356,1.3256282806396484,0.7381685972213745,-0.2202071547508239,0.6043974757194519,0.2032725512981414,-1.3969510793685913,0.0794687941670417,-2.5374255180358887,0
2023-10-21 17:03:23.940,0.6472287178039551,-0.1912979483604431,2.4119606018066406,0.7633779644966125,-0.2110649943351745,0.5776795148849487,0.1974641978740692,-1.3237292766571045,0.0942421332001686,-2.5619008541107178,0
2023-10-21 17:03:23.990,0.626732587814331,-0.0734614729881286,4.5095624923706055,0.7715787887573242,-0.1981776803731918,0.5745497941970825,0.1878415793180465,-1.3053914308547974,0.0900925323367118,-2.595089912414551,0
2023-10-21 17:03:24.010,-0.438652753829956,1.2630362510681152,7.419711112976074,0.771655797958374,-0.1975363045930862,0.5748329758644104,0.1873336732387542,-1.3055524826049805,0.0896087810397148,-2.5967373847961426,0
2023-10-21 17:03:24.030,-4.406336784362793,-0.3037970662117004,5.280061721801758,0.771655797958374,-0.1975363045930862,0.5748329758644104,0.1873336732387542,-1.3055524826049805,0.0896087810397148,-2.5967373847961426,0
2023-10-21 17:03:24.090,-0.9405732154846193,-2.4452571868896484,7.657322883605957,0.777254581451416,-0.178425446152687,0.575387716293335,0.1815728694200515,-1.292382836341858,0.0684678703546524,-2.630959987640381,0
2023-10-21 17:03:24.110,-1.1637959480285645,-0.1747440099716186,8.936368942260742,0.7846683263778687,-0.1739554852247238,0.5650501847267151,0.1864233016967773,-1.2645292282104492,0.0623580887913703,-2.629387617111206,0
2023-10-21 17:03:24.130,-8.395198822021484,-1.737168788909912,6.240400314331055,0.7846683263778687,-0.1739554852247238,0.5650501847267151,0.1864233016967773,-1.2645292282104492,0.0623580887913703,-2.629387617111206,0
2023-10-21 17:03:24.140,-6.8941426277160645,-0.1804909706115722,7.506285190582275,0.7853941321372986,-0.1735139638185501,0.564017653465271,0.1869042664766311,-1.2617673873901367,0.061758354306221,-2.6292145252227783,0
2023-10-21 17:03:24.160,-10.759016036987305,0.1775424480438232,9.190351486206056,0.7919169068336487,-0.1712856143712997,0.5537304878234863,0.1921237558126449,-1.2359217405319214,0.0585518293082714,-2.623950958251953,0
2023-10-21 17:03:24.180,-8.475366592407227,-3.276559591293335,5.913447380065918,0.7925542593002319,-0.1710655093193054,0.5527066588401794,0.1926390528678894,-1.2333639860153198,0.0582445375621318,-2.623422145843506,0
2023-10-21 17:03:24.240,-5.832388401031494,-11.126018524169922,-3.5065298080444336,0.7929661870002747,-0.1812059134244918,0.5475456714630127,0.1963745951652526,-1.2285592555999756,0.0723954439163208,-2.604997396469116,0
2023-10-21 17:03:24.260,-2.865561008453369,-11.39064598083496,-6.067169666290283,0.78786301612854,-0.1875129044055938,0.5523548722267151,0.1975220739841461,-1.2445982694625854,0.0773414820432663,-2.594809293746948,0
2023-10-21 17:03:24.280,-1.9011902809143064,-9.074956893920898,-5.926451683044434,0.78786301612854,-0.1875129044055938,0.5523548722267151,0.1975220739841461,-1.2445982694625854,0.0773414820432663,-2.594809293746948,0
2023-10-21 17:03:24.310,-1.5710406303405762,-4.702249050140381,-0.5100340247154236,0.7799650430679321,-0.1783892214298248,0.559315025806427,0.2167916148900985,-1.2546703815460205,0.0357727259397506,-2.5734405517578125,0
2023-10-21 17:03:24.330,-2.993213176727295,-4.4634690284729,-1.4146625995635986,0.7799650430679321,-0.1783892214298248,0.559315025806427,0.2167916148900985,-1.2546703815460205,0.0357727259397506,-2.5734405517578125,0
2023-10-21 17:03:24.390,-1.2143030166625977,-3.885405778884888,-2.004176616668701,0.7835261225700378,-0.136766105890274,0.5053461790084839,0.3346748054027557,-1.098029851913452,-0.1242531016469001,-2.4103033542633057,0
2023-10-21 17:03:24.410,1.058795928955078,-4.344356536865234,-2.6421029567718506,0.7859163880348206,-0.0909644141793251,0.4669080674648285,0.3950414657592773,-0.9740267395973206,-0.2278824746608734,-2.3311145305633545,0
2023-10-21 17:03:24.430,0.97930908203125,-3.4820556640625,-3.575887680053711,0.7859163880348206,-0.0909644141793251,0.4669080674648285,0.3950414657592773,-0.9740267395973206,-0.2278824746608734,-2.3311145305633545,0
2023-10-21 17:03:24.490,-1.5925264358520508,0.0801193714141845,0.1742995977401733,0.7029104232788086,0.0092349788174033,0.3694161772727966,0.6077527403831482,-0.6100634932518005,-0.4802603721618652,-1.8696320056915283,0
2023-10-21 17:03:24.540,0.5792579650878906,-0.7278890609741211,-0.9135584831237792,0.6422362327575684,0.0553847402334213,0.3121391534805298,0.6978785395622253,-0.3848460018634796,-0.5314810276031494,-1.5937626361846924,0
2023-10-21 17:03:24.560,1.4280633926391602,0.009185791015625,0.1997432112693786,0.6355904936790466,0.0590690411627292,0.3067697882652282,0.7059943079948425,-0.3639379739761352,-0.5331432819366455,-1.5663443803787231,0
2023-10-21 17:03:24.580,1.237932205200195,0.9775750637054444,0.8066067695617676,0.5849403738975525,0.0790536105632782,0.280199259519577,0.7570229768753052,-0.245533287525177,-0.5430129170417786,-1.3843947649002075,0
2023-10-21 17:03:24.640,1.089460372924805,-0.6256470680236816,-1.634884476661682,0.5193055272102356,0.1353012919425964,0.1996452957391739,0.8198519349098206,0.0164076164364814,-0.4868957102298736,-1.1251784563064575,0
2023-10-21 17:03:24.660,0.6588296890258789,-2.286092758178711,-2.7283456325531006,0.5193055272102356,0.1353012919425964,0.1996452957391739,0.8198519349098206,0.0164076164364814,-0.4868957102298736,-1.1251784563064575,0
2023-10-21 17:03:24.680,0.5299224853515625,-0.9593942165374756,-1.4116131067276,0.4931902885437011,0.1474696993827819,0.1662352234125137,0.8410599827766418,0.0930363088846206,-0.4390600025653839,-1.0399329662322998,0
2023-10-21 17:03:24.690,1.248021125793457,-0.0511848926544189,-0.8023401498794556,0.4931902885437011,0.1474696993827819,0.1662352234125137,0.8410599827766418,0.0930363088846206,-0.4390600025653839,-1.0399329662322998,0
2023-10-21 17:03:24.710,1.09979248046875,0.0040793418884277,-0.6591202616691589,0.4986844658851623,0.1498939394950866,0.1619147211313247,0.8382299542427063,0.0991633757948875,-0.4344847798347473,-1.05145525932312,0
2023-10-21 17:03:24.730,2.216978073120117,-0.0824105739593505,-1.0697240829467771,0.4844733774662018,0.1550966203212738,0.142483577132225,0.849075436592102,0.1366609334945678,-0.4030643701553345,-1.0090641975402832,0
2023-10-21 17:03:24.790,2.260836601257324,-0.4311854839324951,-1.593313217163086,0.4588117003440857,0.1327116340398788,0.147067904472351,0.8661700487136841,0.1026729121804237,-0.3860703408718109,-0.954164981842041,0
2023-10-21 17:03:24.810,1.4082708358764648,-1.448212742805481,-1.7729129791259766,0.4580976366996765,0.1309680938720703,0.1477208584547042,0.8667020201683044,0.099104106426239,-0.3855321705341339,-0.9530964493751526,0
2023-10-21 17:03:24.830,3.194486618041992,-2.9074153900146484,-1.4111838340759275,0.4580976366996765,0.1309680938720703,0.1477208584547042,0.8667020201683044,0.099104106426239,-0.3855321705341339,-0.9530964493751526,0
2023-10-21 17:03:24.880,-1.416830062866211,-0.3441007137298584,-2.3202192783355717,0.4697273671627044,0.0891167148947715,0.1690897196531295,0.8618719577789307,-0.0056505519896745,-0.3846001029014587,-0.9991058707237244,0
2023-10-21 17:03:24.940,1.5431480407714844,0.2208583354949951,-0.4746732115745544,0.458512395620346,0.0829743221402168,0.1569067537784576,0.8707824945449829,0.0006593308644369,-0.3568803071975708,-0.9692072868347168,0
2023-10-21 17:03:24.960,-0.7186861038208008,-0.0908436775207519,0.2189996838569641,0.458512395620346,0.0829743221402168,0.1569067537784576,0.8707824945449829,0.0006593308644369,-0.3568803071975708,-0.9692072868347168,0
2023-10-21 17:03:24.980,-1.551199436187744,-0.0943949222564697,-0.1828393936157226,0.4460641145706177,0.0807726755738258,0.157329261302948,0.877354085445404,0.0014663091860711,-0.3555718958377838,-0.9404579401016236,0
2023-10-21 17:03:25.040,-0.7098264694213867,-0.1566131114959716,-0.9468982815742492,0.4452008008956909,0.065823957324028,0.1462641954421997,0.880948543548584,-0.0150311393663287,-0.3218395709991455,-0.9383012652397156,0
2023-10-21 17:03:25.090,-0.6350622177124023,-0.1529421806335449,-0.9397912621498108,0.4657378196716308,0.0866786539554596,0.1581971794366836,0.8663421869277954,0.0030269038397818,-0.3627480864524841,-0.9859775304794312,0
2023-10-21 17:16:10.400,0.8059186935424805,0.3995754718780517,0.837340772151947,0.2133555859327316,0.0877515450119972,0.2972389757633209,0.9265139102935792,0.0442475974559783,-0.6288766264915466,-0.4382717311382293,1
2023-10-21 17:16:10.420,0.820622444152832,-0.0353546142578125,0.2110823094844818,0.2133555859327316,0.0877515450119972,0.2972389757633209,0.9265139102935792,0.0442475974559783,-0.6288766264915466,-0.4382717311382293,1
2023-10-21 17:16:10.440,0.3445882797241211,-0.3618829250335693,-0.5356767177581787,0.2133555859327316,0.0877515450119972,0.2972389757633209,0.9265139102935792,0.0442475974559783,-0.6288766264915466,-0.4382717311382293,1
2023-10-21 17:16:10.500,-0.0617761611938476,0.4919154644012451,0.458426833152771,0.2133555859327316,0.0877515450119972,0.2972389757633209,0.9265139102935792,0.0442475974559783,-0.6288766264915466,-0.4382717311382293,1
2023-10-21 17:16:10.520,-0.1945724487304687,0.8093686103820801,0.8158152103424072,0.2133555859327316,0.0877515450119972,0.2972389757633209,0.9265139102935792,0.0442475974559783,-0.6288766264915466,-0.4382717311382293,1
2023-10-21 17:16:10.550,-1.1782245635986328,-0.7229499816894531,-0.1556749641895294,0.2133555859327316,0.0877515450119972,0.2972389757633209,0.9265139102935792,0.0442475974559783,-0.6288766264915466,-0.4382717311382293,1
2023-10-21 17:16:10.570,-0.3027410507202148,-0.4004983901977539,-0.4578213989734649,0.2133555859327316,0.0877515450119972,0.2972389757633209,0.9265139102935792,0.0442475974559783,-0.6288766264915466,-0.4382717311382293,1
2023-10-21 17:16:10.590,-0.5421209335327148,0.0089178085327148,-1.0035784244537354,0.2133555859327316,0.0877515450119972,0.2972389757633209,0.9265139102935792,0.0442475974559783,-0.6288766264915466,-0.4382717311382293,1
2023-10-21 17:16:10.650,-0.8874130249023438,-0.3908708095550537,0.4228334128856659,0.3450726866722107,0.0847871378064155,0.138989046216011,0.9243474006652832,0.0641397386789321,-0.3209453523159027,-0.7041996717453003,1
2023-10-21 17:16:10.670,0.108774185180664,-0.5425469875335693,0.32359778881073,0.3681253492832184,0.0854451358318328,0.1202490851283073,0.9179994463920592,0.0713322237133979,-0.2876360714435577,-0.7524160146713257,1
2023-10-21 17:16:10.690,0.4208965301513672,-0.5086925029754639,0.2880945801734924,0.3681253492832184,0.0854451358318328,0.1202490851283073,0.9179994463920592,0.0713322237133979,-0.2876360714435577,-0.7524160146713257,1
2023-10-21 17:16:10.720,1.1425113677978516,-0.989858627319336,0.5585867166519165,0.43811896443367,0.0564798861742019,0.1287838220596313,0.8878493905067444,-0.013070223852992,-0.2818895280361175,-0.918659806251526,1
2023-10-21 17:16:10.740,0.8961582183837891,-0.9216029644012452,0.8771644234657288,0.4369867444038391,0.0388158634305,0.1351363062858581,0.8884110450744629,-0.0511147826910018,-0.2775884568691253,-0.9213941693305968,1
2023-10-21 17:16:10.800,-3.690149784088135,-0.1947672367095947,0.1545918881893158,0.336451768875122,0.0524462163448333,0.1553958505392074,0.9273088574409484,-0.0077135590836405,-0.3294167220592499,-0.6973922848701477,1
2023-10-21 17:16:10.820,-2.803316116333008,-0.4079682826995849,-0.0767476335167884,0.3744492530822754,0.0565406754612922,0.1576379984617233,0.911998450756073,-0.0158104542642831,-0.3361705839633941,-0.7818719744682312,1
2023-10-21 17:16:10.840,-1.969306468963623,-0.8360469341278076,0.3370380699634552,0.3541701734066009,0.0461995117366313,0.1843166053295135,0.915672779083252,-0.0494878143072128,-0.3793022036552429,-0.7476297616958618,1
2023-10-21 17:16:10.890,0.7931118011474609,-1.026833415031433,0.7634526491165161,0.3539577424526214,0.0831330269575119,0.1302119195461273,0.9224141240119934,0.0641659274697303,-0.3037176728248596,-0.7229812741279602,1
2023-10-21 17:16:10.950,1.4596986770629885,-1.0069291591644287,0.144747257232666,0.3837472796440124,0.099042147397995,0.1104264557361602,0.9114465117454528,0.0998677164316177,-0.2809930741786957,-0.7828726172447205,1
2023-10-21 17:16:10.970,0.925140380859375,-0.6795351505279541,-0.8027502298355103,0.3844817280769348,0.0939459726214408,0.111165277659893,0.9115867614746094,0.0893550068140029,-0.2785009145736694,-0.7857347130775452,1
2023-10-21 17:16:10.990,0.3150215148925781,-0.3348902463912964,-1.2005140781402588,0.3844817280769348,0.0939459726214408,0.111165277659893,0.9115867614746094,0.0893550068140029,-0.2785009145736694,-0.7857347130775452,1
2023-10-21 17:16:11.050,-0.4968900680541992,1.365530490875244,0.1651753038167953,0.3944017589092254,0.0969052165746688,0.1194763332605362,0.9059702157974244,0.0851778090000152,-0.2972826659679413,-0.8084233403205872,1
2023-10-21 17:16:11.070,-0.2183761596679687,1.1293898820877075,0.2403607368469238,0.3944017589092254,0.0969052165746688,0.1194763332605362,0.9059702157974244,0.0851778090000152,-0.2972826659679413,-0.8084233403205872,1
2023-10-21 17:16:11.100,-1.8021488189697263,1.0724257230758667,-0.9648060202598572,0.4002057909965515,0.0935975536704063,0.115548089146614,0.9042806625366212,0.0801717936992645,-0.2878510653972626,-0.821687638759613,1
2023-10-21 17:16:11.120,-1.930263996124268,1.14963698387146,-1.0061684846878052,0.4067921936511993,0.0515919402241706,0.1128581017255783,0.9050533771514891,0.0016171283787116,-0.2488191127777099,-0.8446201086044312,1
2023-10-21 17:16:11.140,-1.333444595336914,1.4671951532363892,-0.4788367748260498,0.4067921936511993,0.0515919402241706,0.1128581017255783,0.9050533771514891,0.0016171283787116,-0.2488191127777099,-0.8446201086044312,1
2023-10-21 17:16:11.200,0.2811622619628906,0.7412049770355225,-0.3538039922714233,0.4120900630950928,-0.0340511016547679,0.105135329067707,0.9044163823127748,-0.150801196694374,-0.1628265231847763,-0.8673994541168213,1
2023-10-21 17:16:11.220,-0.0735435485839843,0.1836119890213012,-0.7350037693977356,0.4122366905212402,-0.0368305630981922,0.1044510006904602,0.9043198823928832,-0.1553105115890503,-0.1592202931642532,-0.867836058139801,1
2023-10-21 17:16:11.240,-1.086594581604004,-0.3211379051208496,-0.9755484461784364,0.4202193319797516,-0.0198564548045396,0.0888426676392555,0.9028446674346924,-0.111914537847042,-0.14423368871212,-0.8793309330940247,1
2023-10-21 17:16:11.270,0.7036304473876953,0.2591702938079834,-0.8379774689674377,0.4323160052299499,0.0087460475042462,0.0789597481489181,0.8982158899307251,-0.0531811527907848,-0.1499694436788559,-0.9011567831039428,1
2023-10-21 17:16:11.290,2.709286689758301,0.8229349851608276,0.1073458492755889,0.4323160052299499,0.0087460475042462,0.0789597481489181,0.8982158899307251,-0.0531811527907848,-0.1499694436788559,-0.9011567831039428,1
2023-10-21 17:16:11.350,3.1820783615112305,0.2253153324127197,-0.2739412784576416,0.4497066438198089,0.0635633543133735,0.0651950538158416,0.8885231614112854,0.0551775135099887,-0.1738995164632797,-0.9322654604911804,1
2023-10-21 17:16:11.370,2.1866350173950195,-0.6010502576828003,-1.238167643547058,0.4497066438198089,0.0635633543133735,0.0651950538158416,0.8885231614112854,0.0551775135099887,-0.1738995164632797,-0.9322654604911804,1
2023-10-21 17:16:11.390,0.1270818710327148,-1.9499993324279783,-2.566826820373535,0.4494490027427673,0.0856105908751487,0.0583280175924301,0.8872791528701782,0.1013240218162536,-0.1814557909965515,-0.9285176396369934,1
2023-10-21 17:16:11.450,-2.9629364013671875,0.600347638130188,0.3983626365661621,0.448728084564209,0.0968601331114769,0.0504059642553329,0.8869726657867432,0.1289599984884262,-0.1772721707820892,-0.925252079963684,1
2023-10-21 17:16:11.500,2.593931198120117,-0.5180506706237793,0.5269476175308228,0.426659345626831,0.0873758494853973,0.0249097719788551,0.899837076663971,0.1374037265777588,-0.1196743696928024,-0.8772674202919006,1
2023-10-21 17:16:11.520,0.4516639709472656,-0.7783019542694092,-1.0942120552062988,0.426659345626831,0.0873758494853973,0.0249097719788551,0.899837076663971,0.1374037265777588,-0.1196743696928024,-0.8772674202919006,1
2023-10-21 17:16:11.540,-1.430917739868164,-0.0003609657287597,-0.5986571907997131,0.4092809557914734,0.06561129540205,0.0102399755269289,0.9099887609481812,0.1115519255399704,-0.0724066793918609,-0.8412722945213318,1
2023-10-21 17:16:11.600,0.1423091888427734,-0.4252470731735229,-0.5956553816795349,0.3906425833702087,0.0366133078932762,-0.0107330111786723,0.919751524925232,0.0758114084601402,-0.0088621443137526,-0.8029415011405945,1
2023-10-21 17:16:11.620,0.2973556518554687,0.1493396759033203,0.0678601264953613,0.3672703504562378,0.0400016866624355,-0.0280622690916061,0.9288298487663268,0.0950902104377746,0.0227492414414882,-0.7541722059249878,1
2023-10-21 17:16:11.650,-1.271026611328125,-0.3294329643249511,1.501598834991455,0.3375230133533478,0.0588943697512149,-0.0231314431875944,0.9391882419586182,0.1265791803598404,0.0036931568756699,-0.6902426481246948,1
2023-10-21 17:16:11.670,-1.3488235473632812,-1.1647456884384155,0.2416111528873443,0.3375230133533478,0.0588943697512149,-0.0231314431875944,0.9391882419586182,0.1265791803598404,0.0036931568756699,-0.6902426481246948,1
2023-10-21 17:16:11.690,0.0763788223266601,-0.1516249179840088,-3.8686790466308594,0.324278861284256,0.0739658251404762,0.0053793652914464,0.9430500864982604,0.1366735249757766,-0.0581498965620994,-0.6584110260009766,1
2023-10-21 17:16:11.750,0.966099739074707,-1.0339601039886477,-0.5704302191734314,0.335846483707428,0.0666662156581878,0.0287395622581243,0.9391149878501892,0.1066325828433036,-0.0989199876785278,-0.681611180305481,1
2023-10-21 17:16:11.770,3.843067169189453,-0.3503808975219726,-1.2252111434936523,0.3402926623821258,0.0555996038019657,0.0387750081717968,0.9378732442855836,0.0784621685743331,-0.1107989177107811,-0.6917716264724731,1
2023-10-21 17:16:11.790,5.134727478027344,-0.4306011199951172,-0.7918241620063782,0.3402926623821258,0.0555996038019657,0.0387750081717968,0.9378732442855836,0.0784621685743331,-0.1107989177107811,-0.6917716264724731,1
2023-10-21 17:16:11.820,3.5540504455566406,-0.8036293983459473,-0.5740135908126831,0.3375333547592163,0.0608054921030998,0.057870578020811,0.9375633001327516,0.0758768990635871,-0.1501256972551345,-0.6854221224784851,1
2023-10-21 17:16:11.840,0.0118904113769531,-1.118570327758789,-1.0950007438659668,0.3369974195957184,0.0660844594240188,0.0770520940423011,0.9360174536705016,0.073159284889698,-0.1899245381355285,-0.6841987371444702,1
2023-10-21 17:16:11.900,-1.3234825134277344,0.3573043346405029,0.1520318388938903,0.3375584483146667,0.0725308582186698,0.0879184529185295,0.934378981590271,0.0780606493353843,-0.2149157524108886,-0.6849252581596375,1
2023-10-21 17:16:11.920,1.422041893005371,-0.2418324947357177,0.3795287609100342,0.3387189507484436,0.0784788206219673,0.0960282459855079,0.9326784610748292,0.0837230756878852,-0.2344329357147216,-0.6868499517440796,1
2023-10-21 17:16:11.940,2.213850975036621,-0.986670970916748,-0.1683374643325805,0.3388325870037079,0.0790677890181541,0.0968305617570877,0.9325045347213744,0.0842839106917381,-0.2363661378622055,-0.6870361566543579,1
2023-10-21 17:16:12.000,-0.9866809844970704,-1.965559959411621,-1.3347787857055664,0.3310453295707702,0.0741351395845413,0.1112862452864646,0.9340922832489014,0.0671194568276405,-0.2599036395549774,-0.6724093556404114,1
2023-10-21 17:16:12.050,2.032830238342285,-3.567011833190918,-1.8012232780456543,0.3343823254108429,0.0452949404716491,0.1137713268399238,0.934447944164276,0.0088298870250582,-0.2453732639551162,-0.6861944198608398,1
2023-10-21 17:16:12.070,1.096621036529541,-4.432636260986328,-0.2651410102844238,0.3386726081371307,0.028443980962038,0.1198076605796814,0.9328118562698364,-0.0289556328207254,-0.2452330589294433,-0.7001035213470459,1
2023-10-21 17:16:12.090,0.7162923812866211,-5.033212661743164,-0.6101353168487549,0.3386726081371307,0.028443980962038,0.1198076605796814,0.9328118562698364,-0.0289556328207254,-0.2452330589294433,-0.7001035213470459,1
2023-10-21 17:16:12.150,-4.947054862976074,-8.104249000549316,-1.0439844131469729,0.3476859927177429,0.0334914997220039,0.1632693707942962,0.9226786494255066,-0.0547174699604511,-0.3305670022964477,-0.7298642992973328,1
2023-10-21 17:16:12.170,-0.7484312057495117,2.369645118713379,6.914182186126709,0.3476859927177429,0.0334914997220039,0.1632693707942962,0.9226786494255066,-0.0547174699604511,-0.3305670022964477,-0.7298642992973328,1
2023-10-21 17:16:12.200,-4.075882911682129,6.330253601074219,14.789828300476074,0.3581074476242065,0.025737278163433,0.1798658668994903,0.9158302545547484,-0.0872332230210304,-0.3553159832954407,-0.7611538171768188,1
2023-10-21 17:16:12.220,-8.924461364746094,-5.748570919036865,-0.4401192665100097,0.3655942678451538,0.0113718090578913,0.2156527787446975,0.905375838279724,-0.1500567197799682,-0.4102172553539276,-0.7988355755805969,1
2023-10-21 17:16:12.240,-8.246381759643555,-3.200279712677002,2.827242851257324,0.3655942678451538,0.0113718090578913,0.2156527787446975,0.905375838279724,-0.1500567197799682,-0.4102172553539276,-0.7988355755805969,1
2023-10-21 17:16:12.300,-4.570890426635742,3.55822229385376,3.549241065979004,0.3971887230873108,0.0036180024035274,0.2922922372817993,0.8699387311935425,-0.2660006880760193,-0.5368442535400391,-0.9301772713661194,1
2023-10-21 17:16:12.320,0.8100287914276123,-1.8253607749938965,-2.9700045585632324,0.3992151319980621,0.0032480664085596,0.2953856289386749,0.8679654598236084,-0.2719679474830627,-0.5414304733276367,-0.9380953907966614,1
2023-10-21 17:16:12.340,2.37062668800354,-0.2416751384735107,-1.6503448486328125,0.4243251383304596,-0.0034144376404583,0.3316833972930908,0.84256911277771,-0.3528632521629333,-0.589607298374176,-1.0412286520004272,1
2023-10-21 17:16:12.370,-0.1274061203002929,1.724550485610962,0.1885490417480468,0.461780697107315,-0.0052265925332903,0.3884626924991607,0.7973882555961609,-0.4840997755527496,-0.6619853973388672,-1.219119668006897,1
2023-10-21 17:16:12.390,0.7206177711486816,-0.720187783241272,-1.5776610374450684,0.461780697107315,-0.0052265925332903,0.3884626924991607,0.7973882555961609,-0.4840997755527496,-0.6619853973388672,-1.219119668006897,1
2023-10-21 17:16:12.450,-1.3245692253112793,5.549459934234619,7.474822998046875,0.5628179311752319,-0.0182278510183095,0.507912278175354,0.6518657207489014,-0.8889338374137878,-0.6966648697853088,-1.7669414281845093,1
2023-10-21 17:16:12.470,-2.3426668643951416,-0.7004486322402954,4.625185012817383,0.5628179311752319,-0.0182278510183095,0.507912278175354,0.6518657207489014,-0.8889338374137878,-0.6966648697853088,-1.7669414281845093,1
2023-10-21 17:16:12.490,1.4460673332214355,-3.0938398838043213,1.8975229263305664,0.6005123257637024,-0.0321775041520595,0.5579619407653809,0.5718636512756348,-1.0827597379684448,-0.642889142036438,-2.01489520072937,1
2023-10-21 17:16:12.550,0.7535398006439209,-0.7511805295944214,-9.580324172973633,0.6348109245300293,-0.0753243416547775,0.5881760716438293,0.4953687787055969,-1.2241088151931765,-0.5087600350379944,-2.1773898601531982,1
2023-10-21 17:16:12.600,-0.8169205188751221,-1.115374207496643,-3.952126502990722,0.654525101184845,-0.1334102600812912,0.5912638306617737,0.4518912434577942,-1.282576084136963,-0.3679819107055664,-2.2091615200042725,1
2023-10-21 17:16:12.620,-2.037418842315674,-3.5806772708892822,-6.698850154876709,0.654525101184845,-0.1334102600812912,0.5912638306617737,0.4518912434577942,-1.282576084136963,-0.3679819107055664,-2.2091615200042725,1
2023-10-21 17:16:12.640,-0.0873379707336425,0.3630261421203613,-1.8399028778076167,0.6668289303779602,-0.1424202471971511,0.5921458005905151,0.429440438747406,-1.2949553728103638,-0.3242973387241363,-2.24346137046814,1
2023-10-21 17:16:12.700,2.0480878353118896,-4.210888862609863,8.099806785583496,0.6777490973472595,-0.1511424481868744,0.5924176573753357,0.4084769785404205,-1.3048322200775146,-0.282861590385437,-2.2735064029693604,1
2023-10-21 17:16:12.720,2.931347370147705,-2.403122901916504,10.28088092803955,0.6967345476150513,-0.1588763445615768,0.5837337970733643,0.3854533433914184,-1.2918763160705566,-0.2306547611951828,-2.3051598072052,1
2023-10-21 17:16:12.740,3.06125807762146,-0.5264748334884644,7.055787086486816,0.6988874673843384,-0.1591748297214508,0.5829585790634155,0.382595032453537,-1.2904913425445557,-0.2254895120859146,-2.309894561767578,1
2023-10-21 17:16:12.750,-1.6845746040344238,0.0587615966796875,5.200996398925781,0.7070083618164062,-0.1611580997705459,0.5737646818161011,0.3807380497455597,-1.270098090171814,-0.2105807363986969,-2.309053897857666,1
2023-10-21 17:16:12.770,-2.06693959236145,2.8452625274658203,2.399637222290039,0.7070083618164062,-0.1611580997705459,0.5737646818161011,0.3807380497455597,-1.270098090171814,-0.2105807363986969,-2.309053897857666,1
2023-10-21 17:16:12.790,-6.425409317016602,-0.0884281396865844,-1.168874740600586,0.717850923538208,-0.1564180552959442,0.5567742586135864,0.387590080499649,-1.2255767583847046,-0.2085388898849487,-2.298320770263672,1
2023-10-21 17:16:12.850,5.9771833419799805,0.77497798204422,-4.331270217895508,0.7218420505523682,-0.1568042337894439,0.5478220582008362,0.3927437365055084,-1.2045289278030396,-0.2053722292184829,-2.286459445953369,1
2023-10-21 17:16:12.870,8.185081481933594,3.266285896301269,-10.151769638061523,0.7354196906089783,-0.1692579388618469,0.538776159286499,0.3744729459285736,-1.1954994201660156,-0.1551850587129593,-2.3054075241088867,1
2023-10-21 17:16:12.890,14.527719497680664,7.469005107879639,-3.6207900047302246,0.7354196906089783,-0.1692579388618469,0.538776159286499,0.3744729459285736,-1.1954994201660156,-0.1551850587129593,-2.3054075241088867,1
2023-10-21 17:16:12.920,-3.1371846199035645,-0.3040306568145752,-1.915407657623291,0.7462648153305054,-0.1922221183776855,0.5492246150970459,0.3232519626617431,-1.241308093070984,-0.0682315826416015,-2.372856855392456,1
2023-10-21 17:16:12.940,-2.621581792831421,2.2184505462646484,-1.2021760940551758,0.7471103072166443,-0.1942084580659866,0.5503851175308228,0.3180969059467315,-1.2458128929138184,-0.0599973089993,-2.379650592803955,1
2023-10-21 17:16:13.000,-1.9893261194229128,2.122957468032837,4.11259651184082,0.756496250629425,-0.2347599118947982,0.5544646978378296,0.2552845776081085,-1.291550636291504,0.0721600279211998,-2.4362921714782715,1
2023-10-21 17:16:13.020,4.071884632110596,4.966532707214356,8.783019065856934,0.7617940902709961,-0.2294703125953674,0.5526106357574463,0.2482635080814361,-1.28206467628479,0.0753032937645912,-2.4553143978118896,1
2023-10-21 17:16:13.040,3.5848135948181152,0.0850106477737426,8.485358238220215,0.7623157501220703,-0.2289319634437561,0.5524207949638367,0.2475806325674057,-1.281103253364563,0.0755714178085327,-2.4571940898895264,1
2023-10-21 17:16:13.100,2.2924935817718506,-3.4811816215515137,-1.6620025634765625,0.7511366605758667,-0.2237711995840072,0.5489696264266968,0.2904354929924011,-1.2690773010253906,0.0172858498990535,-2.3909590244293213,1
2023-10-21 17:16:13.150,0.0656311511993408,-1.811439514160156,-0.3892745971679687,0.7360196709632874,-0.243433728814125,0.5213484168052673,0.3566665053367615,-1.2261086702346802,-0.0135514410212636,-2.2486412525177,1
2023-10-21 17:16:13.170,-1.166691780090332,1.5739282369613647,1.1909866333007812,0.7264095544815063,-0.2289263159036636,0.5290150046348572,0.3742526173591614,-1.2279728651046753,-0.0634244829416275,-2.234825134277344,1
2023-10-21 17:16:13.190,-1.9205896854400637,0.0366308689117431,0.7440118789672852,0.7264095544815063,-0.2289263159036636,0.5290150046348572,0.3742526173591614,-1.2279728651046753,-0.0634244829416275,-2.234825134277344,1
2023-10-21 17:16:13.250,0.3532718420028686,3.419729709625244,1.3219223022460938,0.7113214135169983,-0.1996293514966964,0.580960750579834,0.3415473401546478,-1.3213759660720823,-0.1130908578634262,-2.334226608276367,1
2023-10-21 17:16:13.270,-0.0589634180068969,1.3024113178253174,0.2986736297607422,0.7113214135169983,-0.1996293514966964,0.580960750579834,0.3415473401546478,-1.3213759660720823,-0.1130908578634262,-2.334226608276367,1
2023-10-21 17:16:13.290,-1.0283701419830322,0.6919363737106323,-0.4546375274658203,0.7076989412307739,-0.2115145474672317,0.5958532094955444,0.3152505457401275,-1.3683899641036987,-0.0763831287622451,-2.365761041641236,1
2023-10-21 17:16:13.300,-0.0351767539978027,-0.1418660283088684,-2.459247589111328,0.7076989412307739,-0.2115145474672317,0.5958532094955444,0.3152505457401275,-1.3683899641036987,-0.0763831287622451,-2.365761041641236,1
2023-10-21 17:16:13.320,0.9346699714660645,-0.0301771759986877,-0.7657670974731445,0.7051700949668884,-0.1923087239265442,0.6080669164657593,0.3098502159118652,-1.3820854425430298,-0.1057958751916885,-2.4011166095733643,1
2023-10-21 17:16:13.340,-0.4717824459075928,0.7694637179374695,0.7899541854858398,0.7051700949668884,-0.1923087239265442,0.6080669164657593,0.3098502159118652,-1.3820854425430298,-0.1057958751916885,-2.4011166095733643,1
2023-10-21 17:16:13.400,-0.6903536319732666,-0.200972706079483,-2.1585750579833984,0.7073078155517578,-0.1657660007476806,0.6105068922042847,0.3154658377170563,-1.3674869537353516,-0.1512691974639892,-2.4258761405944824,1
2023-10-21 17:16:13.420,-0.276439905166626,0.6395752429962158,-2.887534141540528,0.7073004245758057,-0.1649563759565353,0.6108261942863464,0.3152885735034942,-1.3677033185958862,-0.1524150520563125,-2.4272491931915283,1
2023-10-21 17:16:13.440,0.9220144748687744,0.1425249576568603,-2.558586597442627,0.7081093788146973,-0.1601798087358474,0.6154104471206665,0.3069097697734833,-1.3761292695999146,-0.1514799743890762,-2.4482357501983643,1
2023-10-21 17:16:13.470,3.000410318374634,-0.0836268663406372,1.8784942626953125,0.7095954418182373,-0.155378445982933,0.617788553237915,0.3011132478713989,-1.3790324926376345,-0.1521230190992355,-2.464467763900757,1
2023-10-21 17:16:13.490,0.8161716461181641,2.570411443710327,0.9072694778442384,0.7095954418182373,-0.155378445982933,0.617788553237915,0.3011132478713989,-1.3790324926376345,-0.1521230190992355,-2.464467763900757,1
2023-10-21 17:16:13.550,0.4517714977264404,0.5843607187271118,0.4790163040161133,0.7262347340583801,-0.1524274349212646,0.5995731949806213,0.2997683584690094,-1.3317009210586548,-0.1385124325752258,-2.4675302505493164,1
2023-10-21 17:16:13.570,0.1155678033828735,0.5087778568267822,-0.918898582458496,0.7262347340583801,-0.1524274349212646,0.5995731949806213,0.2997683584690094,-1.3317009210586548,-0.1385124325752258,-2.4675302505493164,1
2023-10-21 17:16:13.590,-0.193235158920288,0.9146488904953004,-0.7194604873657227,0.7399604916572571,-0.1550397276878357,0.5818743109703064,0.299739122390747,-1.2903871536254885,-0.1196597889065742,-2.4619545936584477,1
2023-10-21 17:16:13.650,-0.6031473875045776,-1.6782183647155762,0.2794656753540039,0.7510083913803101,-0.1622335016727447,0.5679253339767456,0.2951736450195312,-1.2623714208602903,-0.0917243063449859,-2.4596810340881348,1
2023-10-21 17:16:13.700,-0.1458606719970703,-1.155628681182861,-0.4398527145385742,0.7523051500320435,-0.1788734495639801,0.5558499097824097,0.305077314376831,-1.2462773323059082,-0.0700768828392028,-2.4214463233947754,1
2023-10-21 17:16:13.720,1.3862073421478271,-1.0003116130828855,0.1366233825683593,0.7523051500320435,-0.1788734495639801,0.5558499097824097,0.305077314376831,-1.2462773323059082,-0.0700768828392028,-2.4214463233947754,1
2023-10-21 17:16:13.740,0.9262022972106934,-0.1710740327835083,0.0991630554199218,0.741811990737915,-0.1811707317829132,0.5676224231719971,0.3077288568019867,-1.2756191492080688,-0.0806457474827766,-2.4149203300476074,1
2023-10-21 17:16:13.800,2.240039825439453,0.6099813580513,0.7463750839233398,0.7205800414085388,-0.1792323887348175,0.5964704751968384,0.3047345876693725,-1.3433923721313477,-0.1054229661822319,-2.425250291824341,1
2023-10-21 17:16:13.820,-6.795835971832275,9.084424018859863,-3.617384433746338,0.7084421515464783,-0.183106318116188,0.612498939037323,0.2990432679653168,-1.3860608339309692,-0.1070914715528488,-2.431705474853516,1
2023-10-21 17:16:13.840,9.098977088928224,-6.219743251800537,4.463891983032227,0.7072297930717468,-0.1834914088249206,0.6140623688697815,0.2984700202941894,-1.3902696371078491,-0.1072225496172905,-2.4323434829711914,1
2023-10-21 17:16:13.850,-1.4521881341934204,0.9777127504348756,0.1257829666137695,0.7087621092796326,-0.1845012605190277,0.6152531504631042,0.2916834354400635,-1.3941991329193115,-0.097537875175476,-2.442456007003784,1
2023-10-21 17:16:13.870,-5.722278594970703,1.4396045207977295,0.9023237228393556,0.7087621092796326,-0.1845012605190277,0.6152531504631042,0.2916834354400635,-1.3941991329193115,-0.097537875175476,-2.442456007003784,1
2023-10-21 17:16:13.890,-2.9171395301818848,1.428627610206604,2.233433723449707,0.7089418172836304,-0.1846075505018234,0.6153650879859924,0.2909423112869262,-1.3945789337158203,-0.0964689925312995,-2.443558692932129,1
2023-10-21 17:16:13.950,0.5249699354171753,-0.2393717467784881,0.5220603942871094,0.7215303182601929,-0.1841897368431091,0.6067379117012024,0.2780957520008087,-1.3731199502944946,-0.0717270150780677,-2.4646284580230717,1
2023-10-21 17:16:13.970,0.7795852422714233,-1.124176263809204,-0.6229839324951172,0.7171340584754944,-0.1813824772834777,0.6143813729286194,0.2745083272457123,-1.3900052309036257,-0.0772312432527542,-2.474839448928833,1
2023-10-21 17:16:13.990,-0.0438990145921707,-0.807824969291687,-0.2882490158081054,0.7171340584754944,-0.1813824772834777,0.6143813729286194,0.2745083272457123,-1.3900052309036257,-0.0772312432527542,-2.474839448928833,1
2023-10-21 17:16:14.040,0.1689345240592956,-1.1178220510482788,-3.394736766815185,0.7148439884185791,-0.1791879683732986,0.6177911758422852,0.2742697596549988,-1.3968766927719116,-0.0827945470809936,-2.4784069061279297,1
2023-10-21 17:16:14.100,-0.2992417216300964,0.026212777942419,-2.1974148750305176,0.7154496312141418,-0.1717378348112106,0.6203421950340271,0.2716865539550781,-1.3978527784347534,-0.0914652049541473,-2.4926369190216064,1
2023-10-21 17:16:14.120,-0.3527931571006775,-0.6823679208755493,-1.8182306289672847,0.6991828680038452,-0.1772525161504745,0.6383250951766968,0.2688234150409698,-1.4476810693740845,-0.0954746082425117,-2.49187970161438,1
2023-10-21 17:16:14.140,-0.6059015989303589,0.1248725801706314,-0.760310173034668,0.6975337266921997,-0.1778006851673126,0.640097975730896,0.2685299515724182,-1.4526574611663818,-0.0958738029003143,-2.491807460784912,1
2023-10-21 17:16:14.200,1.2439980506896973,0.2497095912694931,4.338305473327637,0.6913262605667114,-0.1823790669441223,0.656617283821106,0.2401246130466461,-1.4994100332260132,-0.0632151812314987,-2.5318470001220703,1
2023-10-21 17:16:14.250,1.0738911628723145,0.2524993419647217,-1.8520240783691408,0.6833939552307129,-0.1905050575733184,0.6652849912643433,0.2325434237718582,-1.528525471687317,-0.0490549840033054,-2.532643318176269,1
2023-10-21 17:16:14.270,-0.1473298966884613,3.2951998710632324,-2.1274328231811523,0.6792431473731995,-0.1930754333734512,0.6709591150283813,0.2261958718299865,-1.5457009077072144,-0.041257731616497,-2.5389060974121094,1
2023-10-21 17:16:14.290,-0.9302219152450562,1.3402591943740845,-3.9317240715026855,0.6792431473731995,-0.1930754333734512,0.6709591150283813,0.2261958718299865,-1.5457009077072144,-0.041257731616497,-2.5389060974121094,1
2023-10-21 17:16:14.350,0.5923143625259399,-0.7994019389152527,-0.8671607971191406,0.6674050092697144,-0.1999120861291885,0.6843867897987366,0.2149893790483474,-1.5875036716461182,-0.027430547401309,-2.546222448348999,1
2023-10-21 17:16:14.370,0.3422697782516479,-0.1491512805223465,-1.9904112815856931,0.6674050092697144,-0.1999120861291885,0.6843867897987366,0.2149893790483474,-1.5875036716461182,-0.027430547401309,-2.546222448348999,1
2023-10-21 17:16:14.390,0.2337030470371246,-0.5636342167854309,-0.6405868530273438,0.6632629036903381,-0.2130176424980163,0.6821433901786804,0.2222304046154022,-1.5921947956085205,-0.0206140577793121,-2.516051769256592,1
2023-10-21 17:16:14.400,0.3409828245639801,0.3646872043609619,-0.373138427734375,0.6632629036903381,-0.2130176424980163,0.6821433901786804,0.2222304046154022,-1.5921947956085205,-0.0206140577793121,-2.516051769256592,1
2023-10-21 17:16:14.420,-0.3361318707466125,0.3996624052524566,-1.2374048233032229,0.6698350310325623,-0.2157234847545623,0.6735118627548218,0.2261997014284134,-1.5711060762405396,-0.0156986899673938,-2.505955219268799,1
2023-10-21 17:16:14.440,-0.7240570783615112,0.2510336637496948,-0.7796545028686523,0.6698350310325623,-0.2157234847545623,0.6735118627548218,0.2261997014284134,-1.5711060762405396,-0.0156986899673938,-2.505955219268799,1
2023-10-21 17:16:14.500,-0.6692795157432556,-1.1989731788635254,2.697361946105957,0.6747267842292786,-0.2115033268928527,0.6676668524742126,0.2328758537769317,-1.551814317703247,-0.0255558285862207,-2.501988887786865,1
2023-10-21 17:16:14.520,-0.3634658455848694,-2.0323331356048584,3.5711231231689453,0.6682212352752686,-0.2285637408494949,0.6621546149253845,0.2505800724029541,-1.5521689653396606,-0.0263862535357475,-2.449958324432373,1
2023-10-21 17:16:14.540,0.331125259399414,-2.402139663696289,3.367431640625,0.665111780166626,-0.2274508625268936,0.6655434966087341,0.2508870661258697,-1.560154914855957,-0.0313971675932407,-2.4512434005737305,1
2023-10-21 17:16:14.590,0.4486758708953857,-1.0671156644821167,-1.3233728408813477,0.6706259846687317,-0.2234801203012466,0.6631312966346741,0.2461186200380325,-1.550160527229309,-0.0266779419034719,-2.464251518249512,1
2023-10-21 17:16:14.650,-1.003275752067566,-0.1564999967813491,-0.8226137161254883,0.681476354598999,-0.229314848780632,0.6475608944892883,0.2523283660411834,-1.5146019458770752,-0.014251148328185,-2.4458348751068115,1
2023-10-21 17:16:14.670,-0.6337717771530151,0.1659524738788604,-0.4333810806274414,0.681476354598999,-0.229314848780632,0.6475608944892883,0.2523283660411834,-1.5146019458770752,-0.014251148328185,-2.4458348751068115,1
2023-10-21 17:16:14.690,-0.2299559116363525,0.1945836842060089,-0.4152822494506836,0.6891841888427734,-0.2273701429367065,0.6399998068809509,0.2524445950984955,-1.4933090209960938,-0.0097293304279446,-2.448361873626709,1
2023-10-21 17:16:14.750,0.5142836570739746,-0.5233957171440125,0.6116886138916016,0.6995729804039001,-0.225005567073822,0.6285061240196228,0.2548533082008362,-1.4618743658065796,-0.0055381045676767,-2.4478468894958496,1
2023-10-21 17:16:14.800,0.3033550977706909,-2.097559690475464,-0.5604543685913086,0.7086420655250549,-0.2315744012594223,0.6070180535316467,0.2751889228820801,-1.414351463317871,-0.0058825952000916,-2.405803918838501,1
2023-10-21 17:16:14.820,-0.0355536341667175,-1.5804678201675415,-0.6403083801269531,0.7086420655250549,-0.2315744012594223,0.6070180535316467,0.2751889228820801,-1.414351463317871,-0.0058825952000916,-2.405803918838501,1
2023-10-21 17:16:14.840,-0.085431694984436,-1.1035280227661133,-0.5546531677246094,0.7079855799674988,-0.2238891571760177,0.6098133325576782,0.277052104473114,-1.4141194820404053,-0.0208810549229383,-2.413423776626587,1
2023-10-21 17:16:14.900,0.2799842357635498,-0.4063758552074432,-0.6687889099121094,0.6964396238327026,-0.2311254888772964,0.6124150156974792,0.2941102385520935,-1.4271399974822998,-0.0383145362138748,-2.3755924701690674,1
2023-10-21 17:16:14.920,0.491328090429306,-0.169480949640274,-0.5483608245849609,0.6936051845550537,-0.2316393256187439,0.6161028146743774,0.2926986217498779,-1.4367709159851074,-0.0393425673246383,-2.377340793609619,1
2023-10-21 17:16:14.940,0.5237972736358643,-0.009458988904953,-0.4828615188598633,0.6919353604316711,-0.2346056848764419,0.6153624057769775,0.2958289086818695,-1.4377222061157229,-0.0394302532076835,-2.3680598735809326,1
2023-10-21 17:16:14.950,0.4997146725654602,0.1319649517536163,-0.4672346115112304,0.6878712177276611,-0.2410498857498169,0.6161582469940186,0.298458069562912,-1.4459024667739868,-0.0361801348626613,-2.3547682762146,1
2023-10-21 17:16:14.970,0.4580345153808594,0.2791574895381927,-0.2011518478393554,0.6878712177276611,-0.2410498857498169,0.6161582469940186,0.298458069562912,-1.4459024667739868,-0.0361801348626613,-2.3547682762146,1
2023-10-21 17:16:14.990,0.4714727103710174,0.4478325247764587,0.1751527786254882,0.6869966983795166,-0.2426415383815765,0.6158909201622009,0.2997315526008606,-1.446792483329773,-0.0358236767351627,-2.350435972213745,1
2023-10-21 17:16:15.050,0.8296903967857361,0.6017633676528931,-0.1766786575317382,0.6845506429672241,-0.2339653074741363,0.6243085861206055,0.2947702407836914,-1.4594416618347168,-0.0477511249482631,-2.3710882663726807,1
2023-10-21 17:16:15.070,0.6995505094528198,0.5838305950164795,-0.353830337524414,0.6831875443458557,-0.2284870445728302,0.6289421916007996,0.2923699915409088,-1.4659922122955322,-0.0555972717702388,-2.382917881011963,1
2023-10-21 17:16:15.090,0.4325157105922699,0.4469629526138305,-0.331583023071289,0.6831875443458557,-0.2284870445728302,0.6289421916007996,0.2923699915409088,-1.4659922122955322,-0.0555972717702388,-2.382917881011963,1
2023-10-21 17:16:15.140,-0.0846772193908691,-0.2099272906780243,-0.1540460586547851,0.6821001768112183,-0.2229900509119033,0.637904703617096,0.2794502973556518,-1.4838619232177734,-0.0523461401462554,-2.4119114875793457,1
2023-10-21 17:16:15.200,-0.3302755653858185,-0.666521430015564,0.0850229263305664,0.6781480312347412,-0.2269421368837356,0.6435053944587708,0.2729716002941131,-1.501880407333374,-0.0435304120182991,-2.416860342025757,1
2023-10-21 17:16:15.220,-0.3631410598754883,-0.6020117998123169,0.153233528137207,0.680623471736908,-0.217906579375267,0.6469240784645081,0.2660031616687774,-1.5026546716690063,-0.047560978680849,-2.440879344940185,1
2023-10-21 17:16:15.240,-0.4717940390110016,-0.6022170782089233,0.1180496215820312,0.6771074533462524,-0.2259933203458786,0.6441721320152283,0.2747630774974823,-1.5027270317077637,-0.0479642748832702,-2.4154248237609863,1
2023-10-21 17:16:15.300,-0.648688018321991,-0.6333865523338318,0.0068225860595703,0.6729382276535034,-0.2342206984758377,0.6391501426696777,0.2894510328769684,-1.4973646402359009,-0.0548006370663642,-2.380095958709717,1
2023-10-21 17:16:15.320,-0.4001534879207611,-0.1289141774177551,0.0698795318603515,0.6825287938117981,-0.212029829621315,0.6467746496200562,0.2662337124347687,-1.497166872024536,-0.0549812130630016,-2.4488365650177,1
2023-10-21 17:16:15.350,-0.2242039442062378,0.3337334990501404,-0.0732202529907226,0.6801514029502869,-0.2186101973056793,0.6439721584320068,0.2736851871013641,-1.4955923557281494,-0.0551431663334369,-2.4276115894317627,1
2023-10-21 17:16:15.370,-0.2174876928329467,0.5426773428916931,-0.2525577545166015,0.6785556077957153,-0.222861960530281,0.6413718461990356,0.2802444994449615,-1.492640256881714,-0.0570643842220306,-2.411036491394043,1
2023-10-21 17:16:15.390,-0.1312140226364135,0.6773737668991089,-0.1407394409179687,0.6785556077957153,-0.222861960530281,0.6413718461990356,0.2802444994449615,-1.492640256881714,-0.0570643842220306,-2.411036491394043,1
2023-10-21 17:16:15.450,0.0044447183609008,0.6841464042663574,0.0561895370483398,0.686893880367279,-0.2036235481500625,0.6429882049560547,0.2707036733627319,-1.4802536964416504,-0.0684364140033721,-2.453284502029419,1
2023-10-21 17:16:15.470,0.0307872295379638,0.5108089447021484,-0.0627908706665039,0.686893880367279,-0.2036235481500625,0.6429882049560547,0.2707036733627319,-1.4802536964416504,-0.0684364140033721,-2.453284502029419,1
2023-10-21 17:16:15.490,0.0299775004386901,0.3618701100349426,-0.1293163299560547,0.6892251372337341,-0.1977073848247528,0.6426491141319275,0.2699680030345917,-1.4745532274246216,-0.0745285600423812,-2.462620258331299,1
2023-10-21 17:16:15.500,0.0356044173240661,0.2903787493705749,-0.1517696380615234,0.6892251372337341,-0.1977073848247528,0.6426491141319275,0.2699680030345917,-1.4745532274246216,-0.0745285600423812,-2.462620258331299,1
2023-10-21 17:16:15.520,0.0651862025260925,0.2522960901260376,-0.0753335952758789,0.6824837327003479,-0.2127509117126464,0.6365552544593811,0.2893965244293213,-1.4712600708007812,-0.0781150981783866,-2.4101967811584477,1
2023-10-21 17:16:15.540,0.1155290603637695,0.2079941630363464,0.0172653198242187,0.6824837327003479,-0.2127509117126464,0.6365552544593811,0.2893965244293213,-1.4712600708007812,-0.0781150981783866,-2.4101967811584477,1
2023-10-21 17:16:15.600,0.1089836359024047,0.0334701538085937,-0.147897720336914,0.6846696734428406,-0.2075683176517486,0.6384232044219971,0.2838286459445953,-1.4716688394546509,-0.0782539844512939,-2.4264869689941406,1
2023-10-21 17:16:15.620,0.1493797898292541,0.0207343101501464,-0.1487960815429687,0.6847536563873291,-0.2073688805103302,0.6385096907615662,0.2835771739482879,-1.4717248678207395,-0.0782200843095779,-2.4271740913391118,1
2023-10-21 17:16:15.640,0.1512122154235839,-0.0537903308868408,-0.0189266204833984,0.6851073503494263,-0.2061553746461868,0.6383875608444214,0.2838823497295379,-1.4703840017318726,-0.0800622999668121,-2.428349733352661,1
2023-10-21 17:16:15.690,0.1952404379844665,-0.3891855478286743,-0.1595125198364257,0.6423983573913574,-0.2595567107200622,0.6431339979171753,0.3260878920555115,-1.532627820968628,-0.0860650166869163,-2.285003185272217,1
2023-10-21 17:16:15.750,0.1353458762168884,-0.3679162859916687,-0.1234321594238281,0.6475113034248352,-0.2481458038091659,0.6479992866516113,0.3150391578674316,-1.5336058139801023,-0.0870457589626312,-2.3198225498199463,1
2023-10-21 17:16:15.770,0.1274250745773315,-0.3172837793827057,-0.0518064498901367,0.6475113034248352,-0.2481458038091659,0.6479992866516113,0.3150391578674316,-1.5336058139801023,-0.0870457589626312,-2.3198225498199463,1
2023-10-21 17:16:15.790,0.1197978258132934,-0.2843072414398193,0.0223274230957031,0.6480764150619507,-0.2472800761461258,0.6488600969314575,0.3127782344818115,-1.53499174118042,-0.0854899585247039,-2.324775457382202,1
2023-10-21 17:16:15.850,0.1572737097740173,-0.0176832675933837,0.0081777572631835,0.6510483622550964,-0.2409112453460693,0.651921808719635,0.3051160275936126,-1.5367496013641355,-0.0842334106564521,-2.346494436264038,1
2023-10-21 17:16:15.870,0.1364791989326477,-0.0031453967094421,-0.0526132583618164,0.6469572186470032,-0.2484543025493621,0.6501156687736511,0.3115549087524414,-1.5394412279129028,-0.0837125927209854,-2.325133800506592,1
2023-10-21 17:16:15.900,0.1249797344207763,-0.0058140158653259,0.0323209762573242,0.6523100733757019,-0.235808253288269,0.6562363505363464,0.2970521152019501,-1.5432027578353882,-0.082325555384159,-2.3670339584350586,1
2023-10-21 17:16:15.920,0.1570065021514892,0.016466349363327,0.0029363632202148,0.6523100733757019,-0.235808253288269,0.6562363505363464,0.2970521152019501,-1.5432027578353882,-0.082325555384159,-2.3670339584350586,1
2023-10-21 17:16:15.940,0.2009416818618774,0.0881866216659545,-0.0247888565063476,0.648504912853241,-0.243848904967308,0.6541749835014343,0.3033713102340698,-1.5455256700515747,-0.0807290747761726,-2.3451924324035645,1
2023-10-21 17:16:16.000,0.3378754258155823,0.2649143934249878,0.1144075393676757,0.6530812382698059,-0.2483381778001785,0.6471795439720154,0.3049127757549286,-1.5317161083221436,-0.0703546404838562,-2.335642099380493,1
2023-10-21 17:16:16.020,0.4228425621986389,0.3286671340465545,0.0901956558227539,0.6547005772590637,-0.2452906519174575,0.6487829089164734,0.3004668056964874,-1.5328712463378906,-0.0687457174062728,-2.3472580909729004,1
2023-10-21 17:16:16.040,0.5946993231773376,0.3984995186328888,-0.0027666091918945,0.6510642766952515,-0.2530679106712341,0.6458328366279602,0.308175265789032,-1.5329852104187012,-0.0685862004756927,-2.3234479427337646,1
2023-10-21 17:16:16.050,0.5953646898269653,0.3800929486751556,-0.1522226333618164,0.6501978039741516,-0.2562260329723358,0.6443053483963013,0.3105828762054443,-1.5322625637054443,-0.0670754984021186,-2.314877510070801,1
2023-10-21 17:16:16.070,0.432527482509613,0.2875252068042755,-0.0731563568115234,0.6501978039741516,-0.2562260329723358,0.6443053483963013,0.3105828762054443,-1.5322625637054443,-0.0670754984021186,-2.314877510070801,1
2023-10-21 17:16:16.090,0.2162237167358398,0.313975989818573,-0.0180158615112304,0.6552098393440247,-0.2477315068244934,0.6469037532806396,0.3014046251773834,-1.530409812927246,-0.0653739050030708,-2.342082023620605,1
2023-10-21 17:16:16.150,-0.0783466696739196,0.0292775034904479,-0.1817569732666015,0.6702548265457153,-0.2352858930826187,0.6436461210250854,0.2848135232925415,-1.5099585056304932,-0.0512576699256897,-2.3861961364746094,1
2023-10-21 17:16:16.170,-0.1832882165908813,-0.0558652281761169,-0.1205301284790039,0.6709168553352356,-0.2363379448652267,0.6423687934875488,0.285267174243927,-1.5076640844345093,-0.0493873246014118,-2.383894443511963,1
2023-10-21 17:16:16.190,-0.2413799166679382,-0.1073380708694458,-0.048898696899414,0.6709168553352356,-0.2363379448652267,0.6423687934875488,0.285267174243927,-1.5076640844345093,-0.0493873246014118,-2.383894443511963,1
2023-10-21 17:16:16.240,-0.3751454353332519,-0.4032032191753387,-0.0885028839111328,0.6728106737136841,-0.2380100488662719,0.6380665302276611,0.2890471816062927,-1.4982023239135742,-0.048610396683216,-2.3752574920654297,1
2023-10-21 17:16:16.300,-0.0875768065452575,-0.3918652236461639,0.1875076293945312,0.679743766784668,-0.2294205129146576,0.6365441083908081,0.2830658555030823,-1.4862407445907593,-0.0484924800693988,-2.3969709873199463,1
2023-10-21 17:16:16.320,-0.1446729302406311,-0.4856470227241516,-0.1446561813354492,0.6824266910552979,-0.2267443388700485,0.6337524056434631,0.2850240468978882,-1.476641297340393,-0.0518197752535343,-2.397472620010376,1
2023-10-21 17:16:16.340,-0.2063247561454773,-0.5745640397071838,-0.4863462448120117,0.6866995096206665,-0.2186071872711181,0.631043553352356,0.2871215045452118,-1.462385177612305,-0.0621775090694427,-2.4053192138671875,1
2023-10-21 17:16:16.400,-0.2810643315315246,-0.8258355259895325,0.3823614120483398,0.6886178255081177,-0.2192320227622985,0.6240689158439636,0.2971210181713104,-1.445218205451965,-0.0689684823155403,-2.387723684310913,1
2023-10-21 17:16:16.420,-0.1803885102272033,-0.750433623790741,0.61920166015625,0.6880748271942139,-0.214735671877861,0.6280355453491211,0.2932797372341156,-1.451275110244751,-0.0729364231228828,-2.4004721641540527,1
2023-10-21 17:16:16.450,-0.1532742381095886,-0.4118521809577942,0.5219974517822266,0.6942145228385925,-0.1975887566804886,0.6373738050460815,0.2697770297527313,-1.4608829021453855,-0.0696158483624458,-2.4626595973968506,1
2023-10-21 17:16:16.470,-0.0235735177993774,-0.2814628481864929,0.4572649002075195,0.6944261193275452,-0.1958948820829391,0.6375561356544495,0.2700367271900177,-1.4599859714508057,-0.0723211392760276,-2.46458101272583,1
2023-10-21 17:16:16.490,-0.0628070831298828,-0.2779102921485901,0.3219528198242187,0.6944261193275452,-0.1958948820829391,0.6375561356544495,0.2700367271900177,-1.4599859714508057,-0.0723211392760276,-2.46458101272583,1
2023-10-21 17:16:16.550,-0.4298557043075561,-0.2746278345584869,-0.2301416397094726,0.6883216500282288,-0.2090673744678497,0.6422394514083862,0.2646370232105255,-1.4829254150390625,-0.0521330907940864,-2.455247402191162,1
2023-10-21 17:16:16.570,-0.5070971250534058,-0.4622015058994293,-0.4215717315673828,0.6883216500282288,-0.2090673744678497,0.6422394514083862,0.2646370232105255,-1.4829254150390625,-0.0521330907940864,-2.455247402191162,1
2023-10-21 17:16:16.590,-0.4167615473270416,-0.6397409439086914,-0.4946107864379883,0.6826322078704834,-0.2225515693426132,0.6378911137580872,0.2785301208496094,-1.4834380149841309,-0.051524844020605,-2.4139955043792725,1
2023-10-21 17:16:16.620,-0.0023359060287475,-0.4112827181816101,0.0637416839599609,0.680857241153717,-0.2367871850728988,0.633967399597168,0.2800905704498291,-1.4866176843643188,-0.0327058620750904,-2.391100645065308,1
2023-10-21 17:16:16.640,-0.2836264371871948,-0.0119896978139877,0.5326719284057617,0.680857241153717,-0.2367871850728988,0.633967399597168,0.2800905704498291,-1.4866176843643188,-0.0327058620750904,-2.391100645065308,1
2023-10-21 17:16:16.700,0.1291213035583496,0.4538736939430237,-0.2580747604370117,0.6901237368583679,-0.2278741896152496,0.635338306427002,0.261051595211029,-1.481828689575195,-0.0171902310103178,-2.4340527057647705,1
2023-10-21 17:16:16.720,0.3391247987747192,0.1504941135644912,-0.1758346557617187,0.6895695924758911,-0.2298655062913894,0.634515643119812,0.2627651393413543,-1.4815623760223389,-0.0164414010941982,-2.4284884929656982,1
2023-10-21 17:16:16.740,0.2771806716918945,-0.0127863436937332,0.1654624938964843,0.6926977634429932,-0.2267560064792633,0.6351644992828369,0.2555731832981109,-1.480372667312622,-0.0105154663324356,-2.444279909133911,1
2023-10-21 17:16:16.790,0.137087345123291,-0.2399924099445343,-0.1413898468017578,0.6957299113273621,-0.2216184139251709,0.6374793648719788,0.2458969801664352,-1.4816665649414062,-0.0051354095339775,-2.4668221473693848,1
2023-10-21 17:16:16.850,0.0071526765823364,0.1008092314004898,-0.3826189041137695,0.6885702610015869,-0.2412684261798858,0.6366549134254456,0.2496621459722519,-1.497803807258606,0.0143637526780366,-2.4325644969940186,1
2023-10-21 17:16:16.870,-0.1366860270500183,0.1546731889247894,0.2253217697143554,0.6885702610015869,-0.2412684261798858,0.6366549134254456,0.2496621459722519,-1.497803807258606,0.0143637526780366,-2.4325644969940186,1
2023-10-21 17:16:16.890,-0.212551474571228,0.2048827409744262,0.6019430160522461,0.6852339506149292,-0.2490704655647277,0.6344190835952759,0.2567699253559112,-1.4997754096984863,0.0155442059040069,-2.410067081451416,1
2023-10-21 17:16:16.950,0.0473604202270507,0.2250459492206573,-0.1894826889038086,0.6825470328330994,-0.2521780729293823,0.6352763175964355,0.2587657868862152,-1.5050806999206543,0.0154718672856688,-2.402353525161743,1
2023-10-21 17:16:16.970,0.0165939331054687,0.1172023266553878,-0.1997613906860351,0.6819270849227905,-0.247670903801918,0.6380418539047241,0.2579482495784759,-1.5076285600662231,0.0086235580965876,-2.410239696502685,1
2023-10-21 17:16:17.000,-0.1284335851669311,-0.0960973054170608,-0.0865583419799804,0.6778819561004639,-0.2500179409980774,0.6386505961418152,0.2647498548030853,-1.511528730392456,0.0007999837980605,-2.3961641788482666,1
2023-10-21 17:16:17.020,-0.0726020336151123,-0.1619586497545242,-0.0746564865112304,0.6778819561004639,-0.2500179409980774,0.6386505961418152,0.2647498548030853,-1.511528730392456,0.0007999837980605,-2.3961641788482666,1
2023-10-21 17:16:17.040,0.0321633219718933,-0.0960521697998046,-0.1236801147460937,0.6728732585906982,-0.258496344089508,0.6365886330604553,0.2741828262805938,-1.5148980617523191,-0.0012127760564908,-2.368862628936768,1
2023-10-21 17:16:17.100,0.1699530482292175,0.2932596802711487,0.0452022552490234,0.6801729798316956,-0.2475946843624115,0.6396465301513672,0.2586771845817566,-1.511662483215332,0.0058905524201691,-2.409203290939331,1
2023-10-21 17:16:17.120,0.2053397297859192,0.3016355037689209,0.0575876235961914,0.6814955472946167,-0.2445356845855713,0.6408727765083313,0.2550456821918487,-1.5117920637130735,0.0063963374122977,-2.4193475246429443,1
2023-10-21 17:16:17.140,0.2052325010299682,0.2498799860477447,-0.0192737579345703,0.6809592843055725,-0.2458108365535736,0.6404182314872742,0.2563905417919159,-1.5118780136108398,0.0063800350762903,-2.4153835773468018,1
2023-10-21 17:16:17.170,0.1156482100486755,0.0734228193759918,-0.1376562118530273,0.6824191808700562,-0.2404879182577133,0.6426147818565369,0.2520236372947693,-1.5123388767242432,0.0043189064599573,-2.4299750328063965,1
2023-10-21 17:16:17.190,0.1131959557533264,-0.0206550657749176,-0.1515169143676757,0.6811080574989319,-0.2436414957046508,0.6414434313774109,0.255501389503479,-1.512384295463562,0.0041130003519356,-2.4199507236480717,1
2023-10-21 17:16:17.250,0.0729394555091857,-0.07244873046875,0.0235862731933593,0.678464949131012,-0.2436404824256897,0.6432286500930786,0.2580343186855316,-1.5169779062271118,-0.0013470653211697,-2.416014671325684,1
2023-10-21 17:16:17.270,0.0744154453277587,-0.0187167525291442,0.0140752792358398,0.6758224964141846,-0.2477342784404754,0.6424274444580078,0.2630185484886169,-1.518943428993225,-0.0030918766278773,-2.4022350311279297,1
2023-10-21 17:16:17.290,0.0707703232765197,0.0300413370132446,0.0277843475341796,0.6758224964141846,-0.2477342784404754,0.6424274444580078,0.2630185484886169,-1.518943428993225,-0.0030918766278773,-2.4022350311279297,1
2023-10-21 17:16:17.340,0.0852846503257751,0.0899408161640167,-0.0027275085449218,0.6774089336395264,-0.2368045002222061,0.6479101777076721,0.2554471790790558,-1.5225030183792114,-0.0101868482306599,-2.4300878047943115,1
2023-10-21 17:16:17.400,-0.0337349772453308,0.0849107801914215,-0.046365737915039,0.6732776761054993,-0.2453467398881912,0.6432194709777832,0.2697608172893524,-1.5186179876327517,-0.0166586302220821,-2.39523983001709,1
2023-10-21 17:16:17.420,-0.0637711286544799,0.0343717038631439,-0.0025014877319335,0.6735085844993591,-0.2390190511941909,0.6443511247634888,0.2721538245677948,-1.5153820514678955,-0.0287664271891117,-2.400764226913452,1
2023-10-21 17:16:17.440,-0.0104454755783081,0.0317667424678802,0.0540370941162109,0.6745808124542236,-0.2349313795566558,0.6433082818984985,0.2755041718482971,-1.5087895393371582,-0.0375166311860084,-2.40138578414917,1
2023-10-21 17:16:17.500,0.066806674003601,0.0861406028270721,-0.0794000625610351,0.6763065457344055,-0.230742335319519,0.6436986327171326,0.2738970220088959,-1.5058773756027222,-0.0405202805995941,-2.4099643230438232,1
2023-10-21 17:16:17.520,0.0462644696235656,0.1204008758068084,-0.0804672241210937,0.6776700615882874,-0.2310858815908432,0.6430481672286987,0.2717566192150116,-1.5045274496078491,-0.0363131985068321,-2.4128122329711914,1
2023-10-21 17:16:17.550,0.0564118027687072,0.1200085580348968,0.0268411636352539,0.6800859570503235,-0.2281786948442459,0.6438052654266357,0.2663312554359436,-1.5038121938705444,-0.0325744524598121,-2.4255428314208984,1
2023-10-21 17:16:17.570,0.0435464978218078,0.1107085347175598,0.0266170501708984,0.6807689070701599,-0.2265845239162445,0.6441214084625244,0.2651808559894562,-1.503173589706421,-0.033120010048151,-2.429647207260132,1
2023-10-21 17:16:17.590,0.0596832036972045,0.0440529584884643,0.0520792007446289,0.6807689070701599,-0.2265845239162445,0.6441214084625244,0.2651808559894562,-1.503173589706421,-0.033120010048151,-2.429647207260132,1
2023-10-21 17:16:17.650,0.030295968055725,-0.0160943567752838,-0.0307207107543945,0.6759918332099915,-0.2346121966838836,0.6417370438575745,0.2759817540645599,-1.5044407844543457,-0.0370320379734039,-2.401029348373413,1
2023-10-21 17:16:17.670,0.0118291974067687,-0.0244578123092651,-0.0292387008666992,0.6759918332099915,-0.2346121966838836,0.6417370438575745,0.2759817540645599,-1.5044407844543457,-0.0370320379734039,-2.401029348373413,1
2023-10-21 17:16:17.690,0.0182832479476928,-0.0091290771961212,-0.044051170349121,0.680359423160553,-0.2217837274074554,0.6460153460502625,0.2656826972961426,-1.503736138343811,-0.0414968319237232,-2.435810804367065,1
2023-10-21 17:16:17.720,0.0111786127090454,-0.0055419504642486,-0.0130243301391601,0.6739506125450134,-0.2344745397567749,0.6422126889228821,0.2799557447433471,-1.5055190324783323,-0.0435475036501884,-2.394973039627075,1
2023-10-21 17:16:17.740,0.0288848876953125,-0.0566357374191284,-1.81198120117e-05,0.6739506125450134,-0.2344745397567749,0.6422126889228821,0.2799557447433471,-1.5055190324783323,-0.0435475036501884,-2.394973039627075,1
2023-10-21 17:16:17.800,-0.0092682242393493,-0.0275967419147491,0.0434532165527343,0.6751692891120911,-0.2340131402015686,0.6414293050765991,0.27920001745224,-1.5030717849731443,-0.0421896837651729,-2.396794319152832,1
2023-10-21 17:16:17.820,0.0038334727287292,-0.0277997255325317,0.0308494567871093,0.6745783686637878,-0.2343837022781372,0.6407517790794373,0.2818609178066253,-1.5016684532165527,-0.0450006015598773,-2.392017602920532,1
2023-10-21 17:16:17.840,0.018557071685791,-0.0254363417625427,-0.0325269699096679,0.672364354133606,-0.2399614304304123,0.6379981637001038,0.2886227071285248,-1.4999096393585205,-0.0456142947077751,-2.3731281757354736,1
2023-10-21 17:16:17.900,0.0003015398979187,0.0314966738224029,0.0809011459350586,0.6740513443946838,-0.2363708913326263,0.6381970047950745,0.2872075140476227,-1.496977686882019,-0.0479561015963554,-2.380544900894165,1
2023-10-21 17:16:17.950,-0.0135465860366821,-0.0219014286994934,-0.0432825088500976,0.6730365753173828,-0.2416872531175613,0.6352387070655823,0.2916864156723022,-1.4945262670516968,-0.0452677533030509,-2.3656253814697266,1
2023-10-21 17:16:17.970,-0.0182563662528991,-0.0056607127189636,-0.0136442184448242,0.6730365753173828,-0.2416872531175613,0.6352387070655823,0.2916864156723022,-1.4945262670516968,-0.0452677533030509,-2.3656253814697266,1
2023-10-21 17:16:17.990,0.0110344886779785,-0.0256532430648803,0.0614309310913085,0.6738318204879761,-0.2420945316553115,0.6344766020774841,0.2911707758903503,-1.4929858446121216,-0.0432335697114467,-2.365829467773437,1
2023-10-21 17:16:18.050,0.0070704817771911,-0.0323740243911743,0.0543775558471679,0.677986204624176,-0.2350401431322097,0.6364682912826538,0.282841145992279,-1.491316318511963,-0.0413426794111728,-2.389320373535156,1
2023-10-21 17:16:18.070,-0.0145092010498046,-0.0460851788520813,-0.0068845748901367,0.678820013999939,-0.2344099134206771,0.6360629200935364,0.2822756171226501,-1.4896879196166992,-0.0408572070300579,-2.391103506088257,1
2023-10-21 17:16:18.100,-0.0383540987968444,0.0366847813129425,-0.0412178039550781,0.6836534142494202,-0.2256536334753036,0.6387900114059448,0.2713777720928192,-1.4885884523391724,-0.0381783284246921,-2.4210028648376465,1
2023-10-21 17:16:18.120,0.0090721249580383,0.0344550311565399,-0.0613822937011718,0.6836534142494202,-0.2256536334753036,0.6387900114059448,0.2713777720928192,-1.4885884523391724,-0.0381783284246921,-2.4210028648376465,1
2023-10-21 17:16:18.140,0.0393410325050354,0.0009070336818695,-0.0616436004638671,0.6825430989265442,-0.229257270693779,0.6370102167129517,0.2753072082996368,-1.4873217344284058,-0.0378000736236572,-2.409572124481201,1
2023-10-21 17:16:18.200,0.0138642787933349,-0.091175764799118,0.0150365829467773,0.6800124049186707,-0.2346013784408569,0.6345595717430115,0.2826298177242279,-1.486035704612732,-0.0396376028656959,-2.390200614929199,1
2023-10-21 17:16:18.220,0.0031457543373107,-0.1364897787570953,0.0236644744873046,0.6769641041755676,-0.2416223436594009,0.6318110227584839,0.2900916635990143,-1.4857609272003174,-0.0394371151924133,-2.3681178092956543,1
2023-10-21 17:16:18.240,0.0215886831283569,-0.0990307629108429,0.0409364700317382,0.6799113750457764,-0.2344310134649276,0.6350674033164978,0.2818723022937774,-1.4871715307235718,-0.0392412804067134,-2.391672849655152,1
2023-10-21 17:16:18.270,0.0342165231704711,-0.0287818312644958,-0.041426658630371,0.6792547702789307,-0.2361526489257812,0.634407639503479,0.2834994196891784,-1.4871177673339844,-0.0389025881886482,-2.386591911315918,1
2023-10-21 17:16:18.290,0.0404751896858215,-0.0124578773975372,-0.1292219161987304,0.6786959171295166,-0.2374394088983535,0.634101927280426,0.2844453752040863,-1.4875643253326416,-0.0384458824992179,-2.383230209350586,1
2023-10-21 17:16:18.350,-0.0736804604530334,-0.2243790328502655,-0.069314956665039,0.6770961284637451,-0.2424042969942093,0.6321490406990051,0.2883898913860321,-1.487389087677002,-0.0363567695021629,-2.3697354793548584,1
2023-10-21 17:16:18.370,-0.1207646131515502,-0.3086983561515808,-0.0534782409667968,0.6791619658470154,-0.2368474751710891,0.6348621845245361,0.2821210920810699,-1.4889439344406128,-0.0365085341036319,-2.387813806533813,1
2023-10-21 17:16:18.390,-0.1603303551673889,-0.3657319843769073,-0.0635433197021484,0.6791619658470154,-0.2368474751710891,0.6348621845245361,0.2821210920810699,-1.4889439344406128,-0.0365085341036319,-2.387813806533813,1
2023-10-21 17:16:18.450,-0.4313860535621643,-0.466306984424591,0.0791101455688476,0.6833406686782837,-0.2239175885915756,0.6406674981117249,0.2691684663295746,-1.4918426275253296,-0.0388807840645313,-2.427044630050659,1
2023-10-21 17:16:18.500,-0.4661778509616852,-0.5497090816497803,0.1175680160522461,0.6843904256820679,-0.2222147434949875,0.6410543322563171,0.2669828236103058,-1.4913150072097778,-0.0381469540297985,-2.432931661605835,1
2023-10-21 17:16:18.520,-0.453607976436615,-0.4957028925418854,0.0864086151123046,0.6842417120933533,-0.2245307266712188,0.6402259469032288,0.2674137353897095,-1.4912700653076172,-0.0351510904729366,-2.4289231300354004,1
2023-10-21 17:16:18.540,-0.4019517600536346,-0.3699355125427246,0.0517120361328125,0.6841617822647095,-0.2265299558639526,0.6396056413650513,0.2674164772033691,-1.4914947748184204,-0.0321214310824871,-2.4260458946228027,1
2023-10-21 17:16:18.600,-0.1259353756904602,-0.1151939630508422,-0.0987081527709961,0.6848675012588501,-0.2235280722379684,0.6408190131187439,0.2652221918106079,-1.4918972253799438,-0.0337510406970977,-2.433828830718994,1
2023-10-21 17:16:18.620,-0.0666699409484863,-0.1134668886661529,-0.2191095352172851,0.6818156242370605,-0.2307731360197067,0.6380175948143005,0.2735050022602081,-1.4913113117218018,-0.0343192815780639,-2.410306453704834,1
2023-10-21 17:16:18.650,0.0508093237876892,-0.1884064674377441,-0.5402164459228516,0.6842430830001831,-0.2269885838031768,0.6403270959854126,0.2650827467441559,-1.4937734603881836,-0.0288525912910699,-2.4290921688079834,1
2023-10-21 17:16:18.670,0.1303645968437194,-0.0052902996540069,-0.8144350051879883,0.6842787861824036,-0.227818489074707,0.6400575637817383,0.2649294435977936,-1.493841528892517,-0.0273608732968568,-2.4281375408172607,1
2023-10-21 17:16:18.690,0.1507341861724853,0.0985024273395538,-1.197763442993164,0.6842787861824036,-0.227818489074707,0.6400575637817383,0.2649294435977936,-1.493841528892517,-0.0273608732968568,-2.4281375408172607,1
2023-10-21 17:16:18.750,-0.6056910753250122,0.8017764091491699,-0.238591194152832,0.6841307282447815,-0.2316096276044845,0.644453227519989,0.2510026097297668,-1.5086809396743774,-0.0066164024174213,-2.4445221424102783,1
2023-10-21 17:16:18.770,-0.6502317190170288,0.5798478126525879,0.4901762008666992,0.6841307282447815,-0.2316096276044845,0.644453227519989,0.2510026097297668,-1.5086809396743774,-0.0066164024174213,-2.4445221424102783,1
2023-10-21 17:16:18.790,-0.468581885099411,0.0874193310737609,0.9709444046020508,0.6779983639717102,-0.2443171292543411,0.6449682116508484,0.2542510628700256,-1.52212655544281,0.0033255279995501,-2.420879602432251,1
2023-10-21 17:16:18.820,-0.5793136358261108,-0.2733704447746277,0.9342060089111328,0.6777159571647644,-0.2445448786020279,0.6480816602706909,0.2467570006847381,-1.5304067134857178,0.0116268331184983,-2.4320638179779053,1
2023-10-21 17:16:18.840,-0.8117802143096924,-0.1138430535793304,0.9297094345092772,0.6777159571647644,-0.2445448786020279,0.6480816602706909,0.2467570006847381,-1.5304067134857178,0.0116268331184983,-2.4320638179779053,1
2023-10-21 17:16:18.900,-0.7835161089897156,0.6401827335357666,0.3166618347167969,0.6749566793441772,-0.2440719604492187,0.6492059230804443,0.251782089471817,-1.5328660011291504,0.0025591580197215,-2.425036191940308,1
2023-10-21 17:16:18.920,-0.6659291386604309,0.9992374181747437,-0.0088043212890625,0.6778444051742554,-0.2380486577749252,0.6485944390296936,0.2513665556907654,-1.525464415550232,-0.003349995939061,-2.434570789337158,1
2023-10-21 17:16:18.940,-0.7308128476142883,0.9482271075248718,-0.4021530151367187,0.6764382719993591,-0.2406006306409835,0.6473619937896729,0.2558616399765014,-1.5247117280960083,-0.005767258349806,-2.423869132995605,1
2023-10-21 17:16:19.000,-0.5181783437728882,0.2485616207122802,-1.2733659744262695,0.6834208965301514,-0.2305995225906372,0.6462595462799072,0.249215543270111,-1.5124168395996094,-0.0069228368811309,-2.448775053024292,1
2023-10-21 17:16:19.050,-0.7741475105285645,0.3944682478904724,-1.1701335906982422,0.6862837076187134,-0.2343945354223251,0.6412670612335205,0.2507000267505646,-1.5030730962753296,0.0001909732818603,-2.4409337043762207,1
2023-10-21 17:16:19.070,-0.7945525646209717,0.4689056873321533,-1.099226951599121,0.6862837076187134,-0.2343945354223251,0.6412670612335205,0.2507000267505646,-1.5030730962753296,0.0001909732818603,-2.4409337043762207,1
2023-10-21 17:16:19.090,-0.8410649299621582,0.4170922636985779,-1.1075363159179688,0.6879853010177612,-0.2349091470241546,0.6391503214836121,0.2509597241878509,-1.498123049736023,0.0024261199869215,-2.439784526824951,1
2023-10-21 17:16:19.150,-0.6452121734619141,0.5076996684074402,-0.8084297180175781,0.6896623373031616,-0.228546604514122,0.6414295434951782,0.2463745474815368,-1.4980629682540894,-0.0008238555165007,-2.45613956451416,1
2023-10-21 17:16:19.170,-0.7511641979217529,0.624785840511322,-0.5302772521972656,0.6884278059005737,-0.2242340296506881,0.6445068120956421,0.2457584589719772,-1.5020798444747925,-0.0080482037737965,-2.4633378982543945,1
2023-10-21 17:16:19.190,-0.9507217407226562,0.4402224421501159,-0.416055679321289,0.6884278059005737,-0.2242340296506881,0.6445068120956421,0.2457584589719772,-1.5020798444747925,-0.0080482037737965,-2.4633378982543945,1
2023-10-21 17:16:19.200,-0.8718700408935547,0.2225777506828308,-0.4472341537475586,0.6827413439750671,-0.2298047542572021,0.6442962288856506,0.2567809820175171,-1.5065985918045044,-0.0170924644917249,-2.4381473064422607,1
2023-10-21 17:16:19.220,-0.637615978717804,0.0932933688163757,-0.6302642822265625,0.6827413439750671,-0.2298047542572021,0.6442962288856506,0.2567809820175171,-1.5065985918045044,-0.0170924644917249,-2.4381473064422607,1
2023-10-21 17:16:19.240,-0.6051547527313232,0.074215292930603,-0.6163101196289062,0.6799831986427307,-0.2274459451436996,0.6476356387138367,0.2577972412109375,-1.5130740404129028,-0.0246009901165962,-2.4400525093078613,1
2023-10-21 17:16:19.300,-0.2455510199069976,1.076615810394287,-1.069167137145996,0.6727855801582336,-0.2361883521080017,0.6477597951889038,0.2682945132255554,-1.521509885787964,-0.0297769494354724,-2.4110260009765625,1
2023-10-21 17:16:19.320,-0.077562928199768,0.7027981877326965,-1.0935535430908203,0.667796790599823,-0.2417241334915161,0.6479780077934265,0.2752115726470947,-1.5273699760437012,-0.0338233523070812,-2.3921589851379395,1
2023-10-21 17:16:19.340,-0.1516347974538803,0.2587810158729553,-0.7469244003295898,0.6687944531440735,-0.2387333512306213,0.6493080258369446,0.2722489535808563,-1.527947187423706,-0.0342264547944068,-2.4012036323547363,1
2023-10-21 17:16:19.370,-0.8548117876052856,-0.2422646880149841,0.2166509628295898,0.6673679947853088,-0.2345302551984787,0.6532855033874512,0.2698770463466644,-1.534332513809204,-0.039587914943695,-2.4111926555633545,1
2023-10-21 17:16:19.390,-0.3445330858230591,-0.9065837264060974,-0.1530447006225586,0.6635074019432068,-0.2429548054933548,0.6504425406455994,0.2786673009395599,-1.534964919090271,-0.0401202775537967,-2.3850598335266118,1
2023-10-21 17:16:19.450,1.4088280200958252,0.4421856999397278,-0.0942306518554687,0.6597470641136169,-0.241815835237503,0.6560741662979126,0.2753646075725555,-1.548591136932373,-0.0422572195529937,-2.3921260833740234,1
2023-10-21 17:16:19.470,1.6439716815948486,-0.1295301914215088,0.4365606307983398,0.6569828987121582,-0.2485061734914779,0.6556183695793152,0.2770971059799194,-1.55396568775177,-0.0368196107447147,-2.379530906677246,1
2023-10-21 17:16:19.490,1.659396409988403,-0.3077384233474731,1.2908859252929688,0.6569828987121582,-0.2485061734914779,0.6556183695793152,0.2770971059799194,-1.55396568775177,-0.0368196107447147,-2.379530906677246,1
2023-10-21 17:16:19.550,1.321485161781311,-0.1567928791046142,0.3566656112670898,0.6575593948364258,-0.2497555017471313,0.656909704208374,0.2714913189411163,-1.5586074590682983,-0.0282361470162868,-2.386370897293091,1
2023-10-21 17:16:19.600,1.5980762243270874,-0.6484155058860779,0.9004306793212891,0.6563562154769897,-0.2548643946647644,0.6540486812591553,0.2765160501003265,-1.5562615394592283,-0.027149586006999,-2.370903253555298,1
2023-10-21 17:16:19.620,1.6761986017227173,-0.5640820264816284,1.0013017654418943,0.6555798649787903,-0.2580522894859314,0.6510353684425354,0.2824484407901764,-1.5516629219055176,-0.0294243227690458,-2.3568501472473145,1
2023-10-21 17:16:19.640,1.6597057580947876,-0.4844545722007751,1.2524738311767578,0.6529264450073242,-0.2642123103141784,0.6483832597732544,0.2889257371425628,-1.5512044429779053,-0.0296511594206094,-2.3374547958374023,1
2023-10-21 17:16:19.700,1.1946901082992554,0.4086734056472778,1.7537660598754885,0.6527079939842224,-0.2546716332435608,0.6525654196739197,0.2885706424713135,-1.5521756410598757,-0.0441843979060649,-2.352410793304444,1
2023-10-21 17:16:19.720,1.1541719436645508,0.0709236860275268,1.5641841888427734,0.6530998945236206,-0.2532070279121399,0.6532024145126343,0.2875299155712127,-1.552350997924805,-0.044906597584486,-2.356239318847656,1
2023-10-21 17:16:19.750,1.0482447147369385,-0.1972545385360717,1.7002229690551758,0.6503880620002747,-0.2546154260635376,0.6518166661262512,0.2954681813716888,-1.5501527786254885,-0.0540107488632202,-2.341660261154175,1
2023-10-21 17:16:19.770,1.076933741569519,-0.3947072625160217,1.527566909790039,0.651684045791626,-0.2462830692529678,0.6557302474975586,0.2909820675849914,-1.5520358085632324,-0.0606511682271957,-2.361225128173828,1
2023-10-21 17:16:19.790,1.0208380222320557,-0.3058934211730957,1.5359172821044922,0.651684045791626,-0.2462830692529678,0.6557302474975586,0.2909820675849914,-1.5520358085632324,-0.0606511682271957,-2.361225128173828,1
2023-10-21 17:16:19.830,0.8212231993675232,-0.4905135035514831,1.388875961303711,0.6545416712760925,-0.231834277510643,0.6622794270515442,0.2814500629901886,-1.555481195449829,-0.0693623647093772,-2.3977129459381104,1
2023-10-21 17:16:19.850,0.7020668983459473,-0.406177818775177,1.1566686630249023,0.6542704105377197,-0.2280105352401733,0.6642600297927856,0.2805355191230774,-1.5572186708450315,-0.0744045972824096,-2.404865503311157,1
2023-10-21 17:16:19.870,0.7085569500923157,-0.1498585343360901,1.0498943328857422,0.6542704105377197,-0.2280105352401733,0.6642600297927856,0.2805355191230774,-1.5572186708450315,-0.0744045972824096,-2.404865503311157,1
2023-10-21 17:16:19.890,0.8532626032829285,-0.1860367059707641,0.9038267135620116,0.6578302979469299,-0.2212253212928772,0.6644485592842102,0.2771766781806946,-1.551602840423584,-0.0773589983582496,-2.41993260383606,1
2023-10-21 17:16:19.930,1.0178022384643557,-0.1629657745361328,0.4639978408813476,0.6646038293838501,-0.2110456824302673,0.6634039282798767,0.271397590637207,-1.539983868598938,-0.0796531215310096,-2.443446159362793,1
2023-10-21 17:16:20.000,0.6547973155975342,-0.1634997129440307,0.5458221435546875,0.6715672612190247,-0.2061115056276321,0.6579447388648987,0.2713377773761749,-1.521363377571106,-0.0803013369441032,-2.450060606002808,1
2023-10-21 17:16:20.020,0.666367769241333,0.2450331449508667,0.8100986480712891,0.6725305318832397,-0.2042876929044723,0.6582649946212769,0.2695488929748535,-1.520707130432129,-0.0801756456494331,-2.455465316772461,1
2023-10-21 17:16:20.100,0.3501137495040893,-0.0371056795120239,0.6687736511230469,0.6769577860832214,-0.2053061425685882,0.6532033085823059,0.2700057029724121,-1.5082309246063232,-0.0748399049043655,-2.4528627395629883,1
2023-10-21 17:16:20.130,0.409439206123352,-0.35379558801651,0.4771270751953125,0.6771371960639954,-0.2087183147668838,0.6498610377311707,0.2749592363834381,-1.5023170709609983,-0.0747784003615379,-2.439980745315552,1
2023-10-21 17:16:20.150,0.4689333438873291,-0.0627303123474121,0.9624662399291992,0.6788257360458374,-0.2077451646327972,0.6485960483551025,0.2745193541049957,-1.498203158378601,-0.0741266682744026,-2.441935777664185,1
2023-10-21 17:16:20.170,0.6227418184280396,0.0111545324325561,1.1888532638549805,0.6788257360458374,-0.2077451646327972,0.6485960483551025,0.2745193541049957,-1.498203158378601,-0.0741266682744026,-2.441935777664185,1
2023-10-21 17:16:20.230,1.1081278324127195,0.7483144998550415,1.4012928009033203,0.6853224039077759,-0.201434925198555,0.6452167630195618,0.2710212767124176,-1.4842147827148438,-0.0737059041857719,-2.456000804901123,1
2023-10-21 17:16:20.250,1.3065497875213623,0.5527362823486328,1.389997482299805,0.6865822076797485,-0.1988395899534225,0.6457579731941223,0.2684484124183655,-1.4835299253463743,-0.0737327337265014,-2.4637269973754883,1
2023-10-21 17:16:20.270,1.1542693376541138,0.1762042045593261,1.316023826599121,0.6873412728309631,-0.2000391781330108,0.6428322792053223,0.2726043164730072,-1.47688889503479,-0.0755591914057731,-2.4552197456359863,1
2023-10-21 17:16:20.300,1.2050925493240356,0.01936936378479,1.4490203857421875,0.689026415348053,-0.1997664868831634,0.6399930715560913,0.2752178907394409,-1.4693171977996826,-0.0770625621080398,-2.4511828422546387,1
2023-10-21 17:16:20.320,1.1681526899337769,-0.0399310588836669,1.3736886978149414,0.689026415348053,-0.1997664868831634,0.6399930715560913,0.2752178907394409,-1.4693171977996826,-0.0770625621080398,-2.4511828422546387,1
2023-10-21 17:16:20.380,1.3220702409744265,-0.0043249130249023,0.8062973022460938,0.689244270324707,-0.2014521807432174,0.6363075971603394,0.2819080054759979,-1.4611574411392212,-0.0811499208211898,-2.4378082752227783,1
2023-10-21 17:16:20.400,1.44658625125885,0.1063973903656005,0.8616676330566406,0.6897473931312561,-0.2003099620342254,0.6365766525268555,0.2808820605278015,-1.4609204530715942,-0.0813691541552543,-2.441049098968506,1
2023-10-21 17:16:20.420,1.4481792449951172,-0.1526049375534057,0.6445960998535156,0.6927403211593628,-0.1937287896871566,0.6370744705200195,0.2769767940044403,-1.4569334983825684,-0.0846030786633491,-2.4563655853271484,1
2023-10-21 17:16:20.480,1.7463433742523191,-0.3567112684249878,0.0845909118652343,0.6913235187530518,-0.1966766119003296,0.634389340877533,0.2845001220703125,-1.45231294631958,-0.0891514122486114,-2.43996000289917,1
2023-10-21 17:16:20.530,1.6117621660232544,-0.5052571296691895,-1.216644287109375,0.6898530125617981,-0.1945870369672775,0.6357298493385315,0.2865073084831238,-1.4540283679962158,-0.095956765115261,-2.439685106277466,1
2023-10-21 17:16:20.550,1.6077746152877808,-0.7237604260444641,-1.4265260696411133,0.6876800656318665,-0.1990020275115966,0.634452760219574,0.2914863228797912,-1.4542580842971802,-0.0963179990649223,-2.4254817962646484,1
2023-10-21 17:16:20.570,1.6560020446777344,-0.8757385611534119,-1.3786582946777344,0.6845069527626038,-0.2020360380411148,0.6346604824066162,0.2963743507862091,-1.4572136402130127,-0.0997694730758667,-2.41343092918396,1
2023-10-21 17:16:20.630,1.061107158660889,-0.5720664262771606,-0.0405187606811523,0.682261049747467,-0.2013421207666397,0.6367093324661255,0.297628104686737,-1.4618632793426514,-0.1044592857360839,-2.4125661849975586,1
2023-10-21 17:16:20.650,0.9603877067565918,-0.7311843037605286,0.0540695190429687,0.6784706711769104,-0.2042925506830215,0.6377271413803101,0.3020699620246887,-1.4668644666671753,-0.1082748621702194,-2.4014322757720947,1
2023-10-21 17:16:20.680,0.4284455776214599,-0.5883868336677551,0.090184211730957,0.670386791229248,-0.2156771868467331,0.6363875269889832,0.3147632777690887,-1.4730441570281982,-0.1116805672645568,-2.3649325370788574,1
2023-10-21 17:16:20.700,0.458104133605957,-0.458629310131073,-0.1187515258789062,0.670386791229248,-0.2156771868467331,0.6363875269889832,0.3147632777690887,-1.4730441570281982,-0.1116805672645568,-2.3649325370788574,1
2023-10-21 17:16:20.720,0.4138885736465454,-0.1743853092193603,-0.2523422241210937,0.6643330454826355,-0.2231044173240661,0.6363801956176758,0.322345107793808,-1.479588508605957,-0.1140841320157051,-2.342236042022705,1
2023-10-21 17:16:20.780,-0.7105279564857483,-0.1431751251220703,-0.924464225769043,0.6634932160377502,-0.2205942273139953,0.6403110027313232,0.317988783121109,-1.4874725341796875,-0.1147495582699775,-2.3533318042755127,1
2023-10-21 17:16:20.800,-1.7080777883529663,-0.0346931815147399,-1.073589324951172,0.6624163389205933,-0.2209222018718719,0.6421866416931152,0.3162188231945038,-1.4926331043243408,-0.1137029081583023,-2.35599136352539,1
2023-10-21 17:16:20.820,-2.351893424987793,-0.2220480442047119,-1.5366287231445312,0.6635682582855225,-0.2183861583471298,0.643248975276947,0.3133935630321502,-1.4931418895721436,-0.1135960891842842,-2.3642473220825195,1
2023-10-21 17:16:20.850,-2.546923875808716,-0.782660722732544,-2.2334017753601074,0.6644503474235535,-0.2196624875068664,0.6425489783287048,0.3120657503604889,-1.4924907684326172,-0.1093431860208511,-2.364542245864868,1
2023-10-21 17:16:20.870,-2.374659776687622,-0.8345862030982971,-2.3602914810180664,0.6685492992401123,-0.2187263518571853,0.6404397487640381,0.3082818984985351,-1.4862602949142456,-0.1025931164622306,-2.371746301651001,1
2023-10-21 17:16:20.930,-1.777458667755127,1.056969165802002,-1.07568359375,0.6705013513565063,-0.2238198816776275,0.6356152296066284,0.3103643655776977,-1.4784575700759888,-0.094542346894741,-2.360762596130371,1
2023-10-21 17:16:20.950,-1.6223642826080322,1.361850380897522,-0.6163616180419922,0.6749985218048096,-0.2189310938119888,0.6366555094718933,0.3018544018268585,-1.4768093824386597,-0.0889153108000755,-2.381495952606201,1
2023-10-21 17:16:20.970,-1.4739711284637451,1.024707555770874,-0.7167034149169922,0.6749985218048096,-0.2189310938119888,0.6366555094718933,0.3018544018268585,-1.4768093824386597,-0.0889153108000755,-2.381495952606201,1
2023-10-21 17:16:21.030,-1.5541683435440063,0.5271452069282532,-0.3498344421386719,0.6778444051742554,-0.2174843996763229,0.6403673887252808,0.2883698642253876,-1.4851940870285034,-0.0745531842112541,-2.405571460723877,1
2023-10-21 17:16:21.080,-1.1684370040893557,1.076267123222351,-0.7063770294189453,0.6779516935348511,-0.2205515503883361,0.6407504677772522,0.2849166393280029,-1.4889345169067385,-0.0661225169897079,-2.406816244125366,1
2023-10-21 17:16:21.100,-1.2643303871154783,0.7541850209236145,-0.94671630859375,0.6781600117683411,-0.2240394204854965,0.64045649766922,0.2823489308357239,-1.491336464881897,-0.0578274801373481,-2.405965805053711,1
2023-10-21 17:16:21.120,-1.4228278398513794,0.2175492048263549,-1.074960708618164,0.6784533858299255,-0.2237667590379715,0.6406411528587341,0.2814398407936096,-1.491570234298706,-0.0570041462779045,-2.4078097343444824,1
2023-10-21 17:16:21.180,-1.018834352493286,0.2360973954200744,-0.5503444671630859,0.6775051951408386,-0.2374209463596344,0.6345457434654236,0.2863037288188934,-1.4886668920516968,-0.0416498184204101,-2.3803086280822754,1
2023-10-21 17:16:21.200,-0.8317177891731262,0.1989972591400146,-0.4989519119262695,0.6780431866645813,-0.2368022948503494,0.6346379518508911,0.2853364646434784,-1.4883147478103638,-0.0410578548908233,-2.382741689682007,1
2023-10-21 17:16:21.220,-0.7056596279144287,0.0156712532043457,-0.959153175354004,0.677836000919342,-0.2384357303380966,0.6330509185791016,0.2879814505577087,-1.485831618309021,-0.0413850061595439,-2.37610936164856,1
2023-10-21 17:16:21.230,-0.6644696593284607,-0.03081476688385,-1.489971160888672,0.6763293743133545,-0.2418316900730133,0.631665050983429,0.2917110919952392,-1.4855868816375732,-0.0414235144853591,-2.3652148246765137,1
2023-10-21 17:16:21.250,-0.5661763548851013,0.089159071445465,-1.9147815704345703,0.6772510409355164,-0.23845174908638,0.6311052441596985,0.2935606837272644,-1.480879783630371,-0.0475699268281459,-2.3670403957366943,1
2023-10-21 17:16:21.270,-0.476146936416626,0.157878041267395,-2.0838136672973637,0.6772510409355164,-0.23845174908638,0.6311052441596985,0.2935606837272644,-1.480879783630371,-0.0475699268281459,-2.3670403957366943,1
2023-10-21 17:16:21.330,-0.1209431886672973,0.3579015731811523,-1.9147205352783203,0.6757545471191406,-0.2372859120368957,0.6313981413841248,0.2973005771636963,-1.480474829673767,-0.0547633878886699,-2.3626866340637207,1
2023-10-21 17:16:21.350,-0.0583331584930419,0.5475459098815918,-1.7073259353637695,0.673852801322937,-0.2410346269607544,0.6301051378250122,0.3013176023960113,-1.4807997941970823,-0.0549074299633502,-2.350797176361084,1
2023-10-21 17:16:21.370,-0.1529804468154907,0.5458166003227234,-1.350177764892578,0.6700226068496704,-0.2463646382093429,0.6303080320358276,0.3051000535488128,-1.4865392446517944,-0.0545012429356575,-2.337085723876953,1
2023-10-21 17:16:21.400,0.4174708127975464,0.6159701943397522,-0.461181640625,0.6653838753700256,-0.2550212144851684,0.62815922498703,0.312481164932251,-1.4898329973220823,-0.0532269850373268,-2.3125693798065186,1
2023-10-21 17:16:21.420,0.565597414970398,0.5623308420181274,0.0189895629882812,0.6653838753700256,-0.2550212144851684,0.62815922498703,0.312481164932251,-1.4898329973220823,-0.0532269850373268,-2.3125693798065186,1
2023-10-21 17:16:21.480,-0.3477758169174194,0.2666205763816833,1.0319242477416992,0.6709342002868652,-0.2466858178377151,0.6320128440856934,0.299254447221756,-1.4912117719650269,-0.0472630076110363,-2.3461482524871826,1
2023-10-21 17:16:21.500,-0.8457902073860168,0.4379528760910034,0.5859203338623047,0.6721360087394714,-0.2442240715026855,0.6330029368400574,0.2964711189270019,-1.4913010597229004,-0.0470479540526866,-2.3542068004608154,1
2023-10-21 17:16:21.520,-1.0719079971313477,0.5823503136634827,-0.2712354660034179,0.6720724701881409,-0.242849513888359,0.6336951851844788,0.2962653934955597,-1.4917097091674805,-0.0490786433219909,-2.35654354095459,1
2023-10-21 17:16:21.580,-0.2458775043487548,-0.4192583262920379,-0.6614561080932617,0.6691634058952332,-0.2486913651227951,0.6305471658706665,0.3046034872531891,-1.4894740581512451,-0.0513259470462799,-2.334566831588745,1
2023-10-21 17:16:21.630,-0.4573978185653686,0.524731457233429,1.1013870239257812,0.6701999306678772,-0.2566142380237579,0.6208724975585938,0.3154338300228119,-1.4731974601745603,-0.0477408319711685,-2.3050923347473145,1
2023-10-21 17:16:21.650,-0.7880526781082153,-0.5457446575164795,0.8549795150756836,0.6734715700149536,-0.2507273256778717,0.6228822469711304,0.3091756999492645,-1.4722188711166382,-0.0474624894559383,-2.323839902877808,1
2023-10-21 17:16:21.670,-0.96212637424469,-1.1998114585876465,0.5235776901245117,0.6777137517929077,-0.2509694993495941,0.6180570125579834,0.3093930780887604,-1.4604343175888062,-0.042286779731512,-2.322920322418213,1
2023-10-21 17:16:21.730,-0.7868762612342834,-0.480978399515152,-0.5885858535766602,0.6811692118644714,-0.2549047172069549,0.6107946634292603,0.3129887282848358,-1.4464932680130005,-0.035084381699562,-2.3111355304718018,1
2023-10-21 17:16:21.750,-0.5233150720596313,0.043227881193161,-0.5092887878417969,0.6853346824645996,-0.2502627372741699,0.6107532978057861,0.3076774477958679,-1.441670536994934,-0.0328084379434585,-2.326464891433716,1
2023-10-21 17:16:21.770,-0.3938207626342773,0.1861134171485901,-0.4763526916503906,0.6853346824645996,-0.2502627372741699,0.6107532978057861,0.3076774477958679,-1.441670536994934,-0.0328084379434585,-2.326464891433716,1
2023-10-21 17:16:21.780,-0.2567149400711059,0.1348753273487091,-0.4783210754394531,0.6823399066925049,-0.2542846798896789,0.6102887988090515,0.311928242444992,-1.444616436958313,-0.033721849322319,-2.3137481212615967,1
2023-10-21 17:16:21.800,-0.1412171125411987,0.0469907522201538,-0.3513145446777344,0.6823399066925049,-0.2542846798896789,0.6102887988090515,0.311928242444992,-1.444616436958313,-0.033721849322319,-2.3137481212615967,1
2023-10-21 17:16:21.820,-0.1584259271621704,-0.0456758141517639,-0.2021493911743164,0.684447705745697,-0.2486364990472793,0.6145619750022888,0.3033559620380401,-1.449447751045227,-0.032510433346033,-2.335989236831665,1
2023-10-21 17:16:21.880,-0.3289783000946045,-0.3458884358406067,0.1606388092041015,0.6899126172065735,-0.2432242631912231,0.6154493093490601,0.2934021353721618,-1.4463063478469849,-0.025544112548232,-2.359933853149414,1
2023-10-21 17:16:21.900,-0.2888139486312866,-0.2511975765228271,0.082646369934082,0.6918777227401733,-0.246476724743843,0.6124082803726196,0.2924218475818634,-1.4420112371444702,-0.0171004515141248,-2.356865167617798,1
2023-10-21 17:16:21.920,-0.2027250528335571,-0.1386055648326873,-0.1611042022705078,0.6883577704429626,-0.2544445097446441,0.6089648008346558,0.3009710907936096,-1.441580295562744,-0.0162645895034074,-2.331512212753296,1
2023-10-21 17:16:21.950,-0.1863734722137451,-0.0417779088020324,-0.457341194152832,0.6943289041519165,-0.2432672828435897,0.6151121854782104,0.2834881246089935,-1.4455455541610718,-0.0109391901642084,-2.375974655151367,1
2023-10-21 17:16:21.970,-0.234169602394104,-0.1456973254680633,-0.3994026184082031,0.691962718963623,-0.2445165812969207,0.6189140677452087,0.2799011170864105,-1.4562280178070068,-0.008076874539256,-2.38002872467041,1
2023-10-21 17:16:22.030,-0.2667267322540283,-0.1551449596881866,-0.1749916076660156,0.6911107897758484,-0.24190354347229,0.6239824295043945,0.2729369699954986,-1.466347336769104,-0.0062514948658645,-2.3949756622314453,1
2023-10-21 17:16:22.050,-0.1945240497589111,-0.1559773981571197,-0.0777750015258789,0.6887363791465759,-0.2458703219890594,0.6232423782348633,0.2770542204380035,-1.468381643295288,-0.0066642360761761,-2.38269305229187,1
2023-10-21 17:16:22.070,-0.1576036214828491,-0.1240464448928833,0.0045156478881835,0.6887363791465759,-0.2458703219890594,0.6232423782348633,0.2770542204380035,-1.468381643295288,-0.0066642360761761,-2.38269305229187,1
2023-10-21 17:16:22.130,-0.0978447198867797,-0.0411499440670013,-0.2406845092773437,0.6791083216667175,-0.2652842402458191,0.6157854795455933,0.298738032579422,-1.4697566032409668,-0.0076036886312067,-2.31962251663208,1
2023-10-21 17:16:22.180,-0.1435286998748779,-0.0798197090625763,-0.3653783798217773,0.6786893606185913,-0.2651271820068359,0.6178149580955505,0.2956231236457824,-1.4746222496032717,-0.0054027996957302,-2.324904680252075,1
2023-10-21 17:16:22.200,-0.1444768905639648,-0.0754287540912628,-0.2528953552246094,0.6797555088996887,-0.2615816593170166,0.6207742094993591,0.2900807857513428,-1.4782344102859497,-0.0045262132771313,-2.33902645111084,1
2023-10-21 17:16:22.220,-0.0611670017242431,0.0586498379707336,-0.0625791549682617,0.6848800182342529,-0.2501874268054962,0.6255953907966614,0.2774456143379211,-1.4785914421081543,-0.004440679680556,-2.375849485397339,1
2023-10-21 17:16:22.280,-0.0090658664703369,0.0640855431556701,-0.1530323028564453,0.6856723427772522,-0.2451206147670745,0.6296033263206482,0.2708671391010284,-1.4836540222167969,-0.0049328706227242,-2.3936691284179688,1
2023-10-21 17:16:22.300,-0.0017197132110595,0.054516464471817,-0.1765012741088867,0.6843612790107727,-0.248008906841278,0.6285676956176758,0.2739416062831878,-1.4838974475860596,-0.004926314111799,-2.384599208831787,1
2023-10-21 17:16:22.320,-0.0599285364151001,0.0192369520664215,-0.1922683715820312,0.6825300455093384,-0.2513812184333801,0.6280618906021118,0.2765838205814361,-1.4860025644302368,-0.0042730700224637,-2.3754987716674805,1
2023-10-21 17:16:22.330,-0.0901271104812622,0.0265734791755676,-0.1463747024536132,0.682330310344696,-0.2517562806606293,0.6279941201210022,0.2768891453742981,-1.4862104654312134,-0.0042076236568391,-2.374467134475708,1
2023-10-21 17:16:22.350,-0.1340589523315429,0.0301098823547363,-0.0600709915161132,0.6825815439224243,-0.2503140866756439,0.6294068098068237,0.2743579745292663,-1.4883224964141846,-0.0036460242699831,-2.38059139251709,1
2023-10-21 17:16:22.370,-0.1269346475601196,0.0455935299396514,-0.0539979934692382,0.6825815439224243,-0.2503140866756439,0.6294068098068237,0.2743579745292663,-1.4883224964141846,-0.0036460242699831,-2.38059139251709,1
2023-10-21 17:16:22.430,-0.0813450813293457,-0.1174823641777038,-0.1104726791381836,0.6849565505981445,-0.2440755367279052,0.6273236870765686,0.2787951529026031,-1.476862907409668,-0.0154279628768563,-2.382538318634033,1
2023-10-21 17:16:22.450,-0.0778099298477172,-0.0930814445018768,-0.0162153244018554,0.6861880421638489,-0.2409839481115341,0.6268404722213745,0.2795421183109283,-1.4726241827011108,-0.0197373032569885,-2.385770082473755,1
2023-10-21 17:16:22.470,-0.0745489597320556,-0.0803439617156982,0.0301952362060546,0.6857225298881531,-0.2410376369953155,0.6271054148674011,0.2800434231758117,-1.4733420610427856,-0.0206650905311107,-2.384896755218506,1
2023-10-21 17:16:22.520,-0.0452524423599243,0.0475883781909942,-0.1899394989013672,0.6841050386428833,-0.243854820728302,0.6255501508712769,0.2849950492382049,-1.4721670150756836,-0.0229147765785455,-2.3728911876678467,1
2023-10-21 17:16:22.580,-0.0262598395347595,-0.035429447889328,-0.0642623901367187,0.6825894713401794,-0.2456906884908676,0.6229448318481445,0.2926559746265411,-1.4674166440963743,-0.0292094461619853,-2.357854127883911,1
2023-10-21 17:16:22.600,-0.029119074344635,-0.0226639211177825,-0.0907554626464843,0.6859247088432312,-0.2379109561443328,0.625036358833313,0.2867668867111206,-1.4650893211364746,-0.0321069695055484,-2.378495454788208,1
2023-10-21 17:16:22.620,-0.0097616314888,0.0238922238349914,-0.0836000442504882,0.68296879529953,-0.2435996979475021,0.6231124997138977,0.2931615114212036,-1.4657676219940186,-0.0326090119779109,-2.36002254486084,1
2023-10-21 17:16:22.680,0.0641871094703674,0.0680942237377166,-0.1253976821899414,0.6844338178634644,-0.2362341433763504,0.6279049515724182,0.2854458391666412,-1.4707101583480835,-0.035099621862173,-2.3831026554107666,1
2023-10-21 17:16:22.730,-0.163362979888916,0.2287564277648925,-0.282048225402832,0.6853868365287781,-0.2345679253339767,0.6293354034423828,0.2813536524772644,-1.4727576971054075,-0.0325978621840477,-2.3920860290527344,1
2023-10-21 17:16:22.750,-0.2567916512489319,0.3394011855125427,-0.2081108093261718,0.6839542984962463,-0.2397901862859726,0.6275196671485901,0.2844753861427307,-1.473160743713379,-0.029020806774497,-2.379587888717652,1
2023-10-21 17:16:22.770,-0.2548263072967529,0.3265262246131897,0.0200185775756835,0.6861401796340942,-0.2342758923768997,0.6301866173744202,0.277833342552185,-1.4746495485305786,-0.028685450553894,-2.398160219192505,1
2023-10-21 17:16:22.830,-0.1613126397132873,0.101239413022995,-0.1241865158081054,0.677574634552002,-0.2516885101795196,0.6238322854042053,0.2972858250141144,-1.4756381511688232,-0.0298419184982776,-2.341804027557373,1
2023-10-21 17:16:22.850,-0.1587500572204589,0.2718696296215057,-0.3550224304199219,0.675994336605072,-0.2543763816356659,0.6229652762413025,0.3003974258899688,-1.4761979579925537,-0.0303650368005037,-2.3328745365142822,1
2023-10-21 17:16:22.870,-0.1617020964622497,0.3165095746517181,-0.3894691467285156,0.675994336605072,-0.2543763816356659,0.6229652762413025,0.3003974258899688,-1.4761979579925537,-0.0303650368005037,-2.3328745365142822,1
2023-10-21 17:16:22.880,-0.3217200040817261,0.2107834815979004,-0.2289142608642578,0.6823482513427734,-0.2401036024093628,0.6284584999084473,0.285991370677948,-1.475825309753418,-0.0318042300641536,-2.376738309860229,1
2023-10-21 17:16:22.900,-0.3309131860733032,0.2072559297084808,0.0114669799804687,0.6823482513427734,-0.2401036024093628,0.6284584999084473,0.285991370677948,-1.475825309753418,-0.0318042300641536,-2.376738309860229,1
2023-10-21 17:16:22.920,-0.2937954664230346,0.1779533326625824,0.0028162002563476,0.6828094720840454,-0.2401743531227111,0.6282290816307068,0.2853343784809112,-1.4753178358078003,-0.030528787523508,-2.3776838779449463,1
2023-10-21 17:16:22.980,-0.2534123659133911,-0.3923654854297638,-0.894474983215332,0.6835618615150452,-0.2388205230236053,0.6267217397689819,0.287972092628479,-1.4701977968215942,-0.0344663560390472,-2.375321865081787,1
2023-10-21 17:16:23.000,-0.1688984036445617,-0.609168291091919,-1.0450372695922852,0.685603141784668,-0.2345243543386459,0.6276468634605408,0.2846158146858215,-1.4684370756149292,-0.0357027500867843,-2.3868510723114014,1
2023-10-21 17:16:23.020,-0.1760621666908264,-0.79513019323349,-0.8140926361083984,0.6839611530303955,-0.2356793582439422,0.6270303726196289,0.2889382839202881,-1.4679569005966189,-0.0399657487869262,-2.378232002258301,1
2023-10-21 17:16:23.070,-0.5232581496238708,-0.5677012205123901,0.8739700317382812,0.6768672466278076,-0.2410422414541244,0.6268957257270813,0.3012495338916778,-1.4727089405059814,-0.0514195337891578,-2.35071873664856,1
2023-10-21 17:16:23.130,-1.052181601524353,0.610579252243042,1.0172433853149414,0.6769304275512695,-0.2364979386329651,0.6316388845443726,0.2947310209274292,-1.4803481101989746,-0.052165500819683,-2.367961168289185,1
2023-10-21 17:16:23.150,-1.0750696659088137,0.8949688673019409,1.2396602630615234,0.6752354502677917,-0.2406070083379745,0.6299700736999512,0.2988362908363342,-1.480059266090393,-0.0516059845685958,-2.3554086685180664,1
2023-10-21 17:16:23.170,-1.065463900566101,0.8942732810974121,0.907618522644043,0.6752354502677917,-0.2406070083379745,0.6299700736999512,0.2988362908363342,-1.480059266090393,-0.0516059845685958,-2.3554086685180664,1
2023-10-21 17:16:23.230,-0.6430228352546692,0.0153981745243072,-0.5302248001098633,0.6690210103988647,-0.2423549592494964,0.6332606673240662,0.3043944239616394,-1.4900672435760498,-0.0612792558968067,-2.344133853912353,1
2023-10-21 17:16:23.280,-0.8852140307426453,-0.4003283977508545,-1.079498291015625,0.6621235609054565,-0.2538659572601318,0.6302679181098938,0.3160804808139801,-1.4939429759979248,-0.062289785593748,-2.30850601196289,1
2023-10-21 17:16:23.300,-0.8618303537368774,-0.6539130210876465,-1.0056676864624023,0.6627955436706543,-0.2520865201950073,0.6292442679405212,0.3181292116641998,-1.4895206689834597,-0.0662467628717422,-2.307657241821289,1
2023-10-21 17:16:23.320,-0.9042024612426758,-0.6891194581985474,-1.2939949035644531,0.6627955436706543,-0.2520865201950073,0.6292442679405212,0.3181292116641998,-1.4895206689834597,-0.0662467628717422,-2.307657241821289,1
2023-10-21 17:16:23.380,-1.0691667795181274,-0.1423239856958389,-1.809680461883545,0.6598442196846008,-0.2580440640449524,0.6221178770065308,0.3331488966941833,-1.4776415824890137,-0.0740456506609916,-2.273944139480591,1
2023-10-21 17:16:23.400,-1.156710863113403,-0.1761284470558166,-1.6538000106811523,0.6581969857215881,-0.2610259056091308,0.6207305788993835,0.3366537392139435,-1.4772837162017822,-0.0743982270359993,-2.263768434524536,1
2023-10-21 17:16:23.420,-0.9267718195915222,-0.29093998670578,-1.6199588775634766,0.6562578678131104,-0.2609133124351501,0.6229501962661743,0.3364266753196716,-1.4827086925506592,-0.0767767205834388,-2.264470100402832,1
2023-10-21 17:16:23.430,-0.5918667316436768,-0.1902461946010589,-1.5521974563598633,0.6566392779350281,-0.259833425283432,0.6236193180084229,0.3352767527103424,-1.483254313468933,-0.0770125538110733,-2.267972469329834,1
2023-10-21 17:16:23.450,-0.5134435892105103,-0.0685065388679504,-1.3367643356323242,0.6557797193527222,-0.2587769329547882,0.6269832849502563,0.3314809203147888,-1.4906243085861206,-0.0763387754559516,-2.2760114669799805,1
2023-10-21 17:16:23.470,-0.6000877022743225,-0.1795684546232223,-1.2321758270263672,0.6557797193527222,-0.2587769329547882,0.6269832849502563,0.3314809203147888,-1.4906243085861206,-0.0763387754559516,-2.2760114669799805,1
2023-10-21 17:16:23.530,-0.8396105766296387,-0.6863473653793335,-1.626871109008789,0.6601966619491577,-0.2521254420280456,0.6352987289428711,0.3113979995250702,-1.5049625635147097,-0.0627980157732963,-2.3189258575439453,1
2023-10-21 17:16:23.550,-0.8472682237625122,-0.6098183393478394,-2.0642848014831543,0.657577395439148,-0.2576404809951782,0.6333225965499878,0.3164109289646148,-1.5055772066116333,-0.0619829446077346,-2.302710056304932,1
2023-10-21 17:16:23.570,-1.0045219659805298,-0.5147826671600342,-1.9700264930725095,0.6569496989250183,-0.2601566016674042,0.6355791687965393,0.3110865354537964,-1.5139687061309814,-0.0536463633179664,-2.3077759742736816,1
2023-10-21 17:16:23.620,-0.930193305015564,-0.8869427442550659,0.1677494049072265,0.6579216122627258,-0.2582247257232666,0.6395310163497925,0.3024225234985351,-1.522083044052124,-0.047051265835762,-2.324684858322144,1
2023-10-21 17:16:23.680,0.3430125713348388,0.962665319442749,0.4142074584960937,0.6553729176521301,-0.2599582076072693,0.6429633498191833,0.2991759479045868,-1.5327105522155762,-0.0439933873713016,-2.3274543285369877,1
2023-10-21 17:16:23.700,0.4094917774200439,0.4872436225414276,0.0953645706176757,0.6572896242141724,-0.25551438331604,0.644925057888031,0.2945413291454315,-1.5331828594207764,-0.0440344959497451,-2.3414313793182373,1
2023-10-21 17:16:23.720,0.5966062545776367,-0.56858891248703,0.4410276412963867,0.6605961322784424,-0.2458651512861251,0.6496033668518066,0.2849183976650238,-1.5356212854385376,-0.0453483313322067,-2.370975971221924,1
2023-10-21 17:16:23.780,0.8312015533447266,0.800744891166687,1.192243576049805,0.6609195470809937,-0.2447470873594284,0.6499039530754089,0.28444504737854,-1.5353034734725952,-0.0462240949273109,-2.373371362686157,1
2023-10-21 17:16:23.800,1.274637222290039,0.5636312961578369,0.8230199813842773,0.6616559028625488,-0.2417246252298355,0.6512977480888367,0.2821204960346222,-1.5359889268875122,-0.0476298406720161,-2.3815062046051025,1
2023-10-21 17:16:23.830,1.528679370880127,0.4563105404376983,0.5111789703369141,0.6629751324653625,-0.2398461401462555,0.6514577865600586,0.2802510559558868,-1.5345951318740845,-0.0471368916332721,-2.387182712554932,1
2023-10-21 17:16:23.850,0.9698330163955688,0.2800928354263305,0.6021223068237305,0.6650406718254089,-0.2351311296224594,0.6531180143356323,0.2754471004009247,-1.5344476699829102,-0.0470728054642677,-2.4016430377960205,1
2023-10-21 17:16:23.870,1.0955448150634766,0.1015125811100006,0.5068759918212891,0.6676352620124817,-0.2328467071056366,0.6528370976448059,0.2717526257038116,-1.531576156616211,-0.0439211651682853,-2.410707950592041,1
2023-10-21 17:16:23.930,0.987495183944702,0.2734611630439758,0.9861974716186525,0.6719915866851807,-0.2277106791734695,0.6532356142997742,0.2643073499202728,-1.527887940406799,-0.0392807088792324,-2.429755449295044,1
2023-10-21 17:16:23.950,1.0868310928344729,-0.2899582684040069,1.2092933654785156,0.6751894354820251,-0.2233161628246307,0.6552625298500061,0.2547158896923065,-1.529240965843201,-0.0322557277977466,-2.4510498046875,1
2023-10-21 17:16:23.970,1.4159307479858398,-0.2254431247711181,1.5198955535888672,0.6751894354820251,-0.2233161628246307,0.6552625298500061,0.2547158896923065,-1.529240965843201,-0.0322557277977466,-2.4510498046875,1
2023-10-21 17:16:23.980,1.8299081325531008,0.2801314890384674,1.514388084411621,0.6757065057754517,-0.2262160181999206,0.6547161936759949,0.2521781623363495,-1.5304272174835205,-0.0245014205574989,-2.4507296085357666,1
2023-10-21 17:16:24.000,2.0373904705047607,0.7914576530456543,1.397749900817871,0.6757065057754517,-0.2262160181999206,0.6547161936759949,0.2521781623363495,-1.5304272174835205,-0.0245014205574989,-2.4507296085357666,1
2023-10-21 17:16:24.020,1.8429689407348635,1.0610582828521729,1.3222551345825195,0.6800483465194702,-0.2190929502248764,0.657052218914032,0.2404477149248123,-1.5302172899246216,-0.017986761406064,-2.4791529178619385,1
2023-10-21 17:16:24.080,1.0115487575531006,-0.0547421872615814,1.1177120208740234,0.6807857155799866,-0.2214861214160919,0.6562196016311646,0.2384335845708847,-1.5301430225372314,-0.0113606508821249,-2.47873592376709,1
2023-10-21 17:16:24.100,1.3081339597702026,0.1614645719528198,1.0277328491210938,0.6810524463653564,-0.2193267494440078,0.6588217616081238,0.2324163317680359,-1.5350884199142456,-0.0074958908371627,-2.4910895824432373,1
2023-10-21 17:16:24.120,1.5253289937973022,0.2464318573474884,0.7813844680786133,0.6803399920463562,-0.2211894094944,0.6583859324455261,0.2339675575494766,-1.5355817079544067,-0.007113963831216,-2.4860036373138428,1
2023-10-21 17:16:24.170,1.003767490386963,0.2652795016765594,1.1022815704345703,0.6827508211135864,-0.2202208936214447,0.6570891737937927,0.2314908653497696,-1.5313127040863037,-0.003508306806907,-2.491180658340454,1
2023-10-21 17:16:24.230,0.8999165296554565,0.0442202687263488,0.208963394165039,0.6895843148231506,-0.2061033546924591,0.659209132194519,0.2178030610084533,-1.5248504877090454,-0.0029042703099548,-2.5325043201446533,1
2023-10-21 17:16:24.250,0.8103700876235962,0.0546003133058548,0.0744295120239257,0.6925092339515686,-0.2020564377307891,0.6581332683563232,0.2155568897724151,-1.5187047719955444,-0.0038784542120993,-2.541747570037842,1
2023-10-21 17:16:24.270,0.7503871917724609,0.0482231713831424,0.1639585494995117,0.6925092339515686,-0.2020564377307891,0.6581332683563232,0.2155568897724151,-1.5187047719955444,-0.0038784542120993,-2.541747570037842,1
2023-10-21 17:16:24.330,0.597954273223877,0.0522337704896926,0.1062355041503906,0.6942570805549622,-0.207758679986,0.6492464542388916,0.2309167236089706,-1.500102162361145,-0.0113681023940444,-2.5099856853485107,1
2023-10-21 17:16:24.350,0.5211594104766846,0.0105829462409019,0.0580024719238281,0.6967364549636841,-0.2010841071605682,0.6510142683982849,0.2242857068777084,-1.4992390871047974,-0.0118214264512062,-2.5297298431396484,1
2023-10-21 17:16:24.380,0.6820814609527588,0.1748062819242477,0.0898580551147461,0.6995425820350647,-0.1965266317129135,0.6496347188949585,0.2235896736383438,-1.4920012950897217,-0.0155463516712188,-2.537238597869873,1
2023-10-21 17:16:24.400,0.6525437831878662,0.2891845703125,0.4166603088378906,0.7030773162841797,-0.1915926933288574,0.6473208069801331,0.2234956175088882,-1.4821265935897827,-0.0199391040951013,-2.5442769527435303,1
2023-10-21 17:16:24.420,0.8406057357788086,0.3639332056045532,0.588109016418457,0.7030773162841797,-0.1915926933288574,0.6473208069801331,0.2234956175088882,-1.4821265935897827,-0.0199391040951013,-2.5442769527435303,1
2023-10-21 17:16:24.480,1.3714679479599,0.6265743374824524,0.8983221054077148,0.7110416293144226,-0.179250881075859,0.6441289186477661,0.2176854908466339,-1.4646283388137815,-0.0255281347781419,-2.570366144180298,1
2023-10-21 17:16:24.500,1.0472911596298218,0.3681051433086395,0.9224987030029296,0.7090951204299927,-0.1854450404644012,0.6420672535896301,0.2248200327157974,-1.463837742805481,-0.0257056355476379,-2.550633430480957,1
2023-10-21 17:16:24.520,0.6312134265899658,0.1566940397024154,1.0630760192871094,0.7092087864875793,-0.1885438710451126,0.6389469504356384,0.2306967228651046,-1.4581198692321775,-0.0273754224181175,-2.53706169128418,1
2023-10-21 17:16:24.530,1.0156434774398804,0.2443804889917373,1.0770883560180664,0.7085356116294861,-0.1907199919223785,0.6380816102027893,0.2333563268184662,-1.457556128501892,-0.0275404099375009,-2.529855966567993,1
2023-10-21 17:16:24.550,0.9064985513687134,0.1752288937568664,1.3625431060791016,0.7095035314559937,-0.1929620802402496,0.6348674893379211,0.2373049706220626,-1.451047420501709,-0.0275033209472894,-2.5204458236694336,1
2023-10-21 17:16:24.570,0.903379201889038,0.1909185349941253,1.7066335678100586,0.7095035314559937,-0.1929620802402496,0.6348674893379211,0.2373049706220626,-1.451047420501709,-0.0275033209472894,-2.5204458236694336,1
2023-10-21 17:16:24.630,0.817141056060791,-0.0926074832677841,1.3437566757202148,0.7172121405601501,-0.1819441765546798,0.6340649127960205,0.2246439158916473,-1.44067645072937,-0.0238947961479425,-2.5554864406585693,1
2023-10-21 17:16:24.650,0.9699643850326538,-0.1487856358289718,1.4348831176757812,0.71834796667099,-0.1790423095226287,0.634789764881134,0.2212737798690796,-1.4404191970825195,-0.0236975084990263,-2.564768552780152,1
2023-10-21 17:16:24.670,1.0605418682098389,0.2894622385501861,1.5470972061157229,0.7192369103431702,-0.1778702139854431,0.6351496577262878,0.2182783335447311,-1.44050395488739,-0.0214188080281019,-2.571084499359131,1
2023-10-21 17:16:24.720,0.9702315330505372,0.0381879657506942,1.0390987396240234,0.7168779969215393,-0.1842888593673706,0.6345773339271545,0.2223401665687561,-1.4437358379364014,-0.0179597847163677,-2.555917978286743,1
2023-10-21 17:16:24.780,1.0972357988357544,-0.1510131359100341,0.9663934707641602,0.7128037810325623,-0.185862049460411,0.6396787762641907,0.2194931358098983,-1.4580105543136597,-0.0158445313572883,-2.558313131332397,1
2023-10-21 17:16:24.800,1.3287400007247925,-0.1221533417701721,0.7827930450439453,0.7103608846664429,-0.192292258143425,0.6380391120910645,0.2265330851078033,-1.4586880207061768,-0.0158808045089244,-2.538378953933716,1
2023-10-21 17:16:24.820,1.454836368560791,0.1869676411151886,0.4265985488891601,0.7080283164978027,-0.1919518113136291,0.6411145329475403,0.2254386991262436,-1.4663376808166504,-0.0172502603381872,-2.540620803833008,1
2023-10-21 17:16:24.880,1.277153730392456,0.13755863904953,-0.601567268371582,0.7051937580108643,-0.1901436299085617,0.6451766490936279,0.2242639660835266,-1.4754455089569092,-0.021205136552453,-2.5450594425201416,1
2023-10-21 17:16:24.900,0.8317767977714539,0.3784216344356537,-0.9014205932617188,0.7017805576324463,-0.1888924390077591,0.6494618058204651,0.2236583828926086,-1.4856280088424685,-0.0253957994282245,-2.5478639602661133,1
2023-10-21 17:16:24.930,0.3190808892250061,0.2708146870136261,-1.3252935409545898,0.6973994374275208,-0.1878889054059982,0.6546350121498108,0.2231253087520599,-1.4983989000320437,-0.0300685763359069,-2.550264596939087,1
2023-10-21 17:16:24.950,0.1926360130310058,-0.1265105009078979,-1.4830312728881836,0.6964102387428284,-0.1895172595977783,0.6546098589897156,0.2249043732881546,-1.49956476688385,-0.030490443110466,-2.5452356338500977,1
2023-10-21 17:16:24.970,0.2948405146598816,-0.1546366810798645,-1.4200563430786133,0.6915326714515686,-0.190674141049385,0.6590756773948669,0.2259320765733719,-1.5122034549713137,-0.0341044925153255,-2.542196273803711,1
2023-10-21 17:16:25.030,0.2714998722076416,-0.1445590853691101,-0.276346206665039,0.685115396976471,-0.1928612291812896,0.6645443439483643,0.227601408958435,-1.5283819437026978,-0.0382473729550838,-2.5367753505706787,1
2023-10-21 17:16:25.050,0.1097958087921142,-0.1231645345687866,-0.1506385803222656,0.6804879307746887,-0.1939376294612884,0.6687607765197754,0.2282181829214096,-1.540471434593201,-0.0413140468299388,-2.534500360488892,1
2023-10-21 17:16:25.070,-0.0384489297866821,-0.1196122467517852,-0.0778169631958007,0.6804879307746887,-0.1939376294612884,0.6687607765197754,0.2282181829214096,-1.540471434593201,-0.0413140468299388,-2.534500360488892,1
2023-10-21 17:16:25.100,-0.9824750423431396,-0.3192981779575348,-0.2577066421508789,0.6739840507507324,-0.2002383172512054,0.6711727976799011,0.2348984777927398,-1.5519123077392578,-0.0454156920313835,-2.515443563461304,1
2023-10-21 17:16:25.120,-1.8666017055511477,-0.1128430068492889,-0.5018291473388672,0.6672002673149109,-0.2068911641836166,0.6730453372001648,0.2430018037557602,-1.562373161315918,-0.0510489307343959,-2.4936563968658447,1
2023-10-21 17:16:25.180,-2.728917360305786,-0.2629036009311676,-2.4155797958374023,0.662451446056366,-0.2112658321857452,0.6739621758460999,0.2495993673801422,-1.568509221076965,-0.0565645098686218,-2.477365016937256,1
2023-10-21 17:16:25.200,-2.861807346343994,-0.6277753114700317,-2.6705574989318848,0.6607676148414612,-0.2107249498367309,0.6751998662948608,0.2511698007583618,-1.5713971853256226,-0.0607365295290946,-2.475865125656128,1
2023-10-21 17:16:25.220,-2.915442705154419,-0.9334232807159424,-2.5994253158569336,0.66087806224823,-0.2099276036024093,0.6755526065826416,0.2505979835987091,-1.5716798305511477,-0.0611492544412612,-2.477918863296509,1
2023-10-21 17:16:25.270,-2.045175075531006,-0.9076730608940125,-0.8829555511474609,0.6602557301521301,-0.2141631245613098,0.6730924248695374,0.2552316188812256,-1.5686308145523071,-0.0608215928077697,-2.464540958404541,1
2023-10-21 17:16:25.330,-1.9266260862350464,0.4390857815742492,-0.7442331314086914,0.6604011058807373,-0.2199225574731826,0.668936550617218,0.2608224749565124,-1.562466025352478,-0.058506540954113,-2.447331190109253,1
2023-10-21 17:16:25.350,-1.631785869598389,0.5611878037452698,-1.1780824661254885,0.6596459150314331,-0.2272512167692184,0.6642838716506958,0.2682369351387024,-1.5566054582595823,-0.05659044906497,-2.424955129623413,1
2023-10-21 17:16:25.370,-1.406890034675598,0.2672862410545349,-1.9422245025634768,0.6596459150314331,-0.2272512167692184,0.6642838716506958,0.2682369351387024,-1.5566054582595823,-0.05659044906497,-2.424955129623413,1
2023-10-21 17:16:25.430,-1.5352694988250732,-0.6165487170219421,-1.719527244567871,0.6561155319213867,-0.2447044998407364,0.6551384329795837,0.2835943698883056,-1.5489400625228882,-0.0504997409880161,-2.375040054321289,1
2023-10-21 17:16:25.450,-1.4501612186431885,-0.5728188753128052,-1.369302749633789,0.6583620309829712,-0.239710658788681,0.6569547057151794,0.2784039676189422,-1.5488682985305786,-0.050185851752758,-2.390553951263428,1
2023-10-21 17:16:25.480,-1.3048514127731323,-0.426141083240509,-1.5251245498657229,0.6581736207008362,-0.2447518408298492,0.6530025005340576,0.2837110161781311,-1.543392300605774,-0.0483684465289115,-2.3746728897094727,1
2023-10-21 17:16:25.500,-1.2307404279708862,-0.5444775819778442,-1.1920232772827148,0.6645222306251526,-0.2368400692939758,0.6511304378509521,0.2799039483070373,-1.5308644771575928,-0.0497575066983699,-2.3920891284942627,1
2023-10-21 17:16:25.520,-1.2853949069976809,-0.356227159500122,-0.7694015502929688,0.6645222306251526,-0.2368400692939758,0.6511304378509521,0.2799039483070373,-1.5308644771575928,-0.0497575066983699,-2.3920891284942627,1
2023-10-21 17:16:25.580,-0.928069829940796,-0.4004994928836822,-0.563298225402832,0.6672567129135132,-0.2414944618940353,0.6408431529998779,0.2928636968135834,-1.5086678266525269,-0.053106740117073,-2.3643181324005127,1
2023-10-21 17:16:25.600,-1.0174148082733154,-0.3074297308921814,-0.7333087921142578,0.668647050857544,-0.2389452755451202,0.641401469707489,0.2905520498752594,-1.5076464414596558,-0.0532060042023658,-2.3717000484466557,1
2023-10-21 17:16:25.620,-0.958920121192932,-0.1616155505180359,-0.7162046432495117,0.6680679321289062,-0.243780717253685,0.6374182105064392,0.2965708971023559,-1.502110242843628,-0.0523791760206222,-2.3549156188964844,1
2023-10-21 17:16:25.650,-1.1706626415252686,-0.4051299691200256,-0.4747781753540039,0.6674679517745972,-0.2488559484481811,0.6355061531066895,0.2978071868419647,-1.5022639036178589,-0.0463264286518096,-2.345513105392456,1
2023-10-21 17:16:25.670,-1.2038328647613523,-0.5652052760124207,-0.4207544326782226,0.6674679517745972,-0.2488559484481811,0.6355061531066895,0.2978071868419647,-1.5022639036178589,-0.0463264286518096,-2.345513105392456,1
2023-10-21 17:16:25.730,-1.0137909650802612,-0.3692970871925354,-0.0491008758544921,0.669120728969574,-0.2618965208530426,0.6297237873077393,0.2951875925064087,-1.5010075569152832,-0.0212941169738769,-2.330497980117798,1
2023-10-21 17:16:25.750,-0.7545375823974609,-0.2332684397697448,0.0027618408203125,0.6667706370353699,-0.2676628530025482,0.6272034645080566,0.300648421049118,-1.5007801055908203,-0.0201973635703325,-2.3132152557373047,1
2023-10-21 17:16:25.770,-0.7378350496292114,-0.283442348241806,0.2819833755493164,0.6684490442276001,-0.2711545526981354,0.6230147480964661,0.3024958372116089,-1.4940574169158936,-0.0144132301211357,-2.3050220012664795,1
2023-10-21 17:16:25.820,-0.8021782636642456,0.1895994991064071,-0.0506477355957031,0.6764432787895203,-0.2614106237888336,0.6231370568275452,0.2928979992866516,-1.4839521646499634,-0.0113725131377577,-2.334768533706665,1
2023-10-21 17:16:25.880,-0.9167490005493164,0.3392042219638824,-0.2358379364013672,0.6888987421989441,-0.2443291842937469,0.6232515573501587,0.2779916226863861,-1.4668829441070557,-0.009881448931992,-2.3834049701690674,1
2023-10-21 17:16:25.900,-0.6373522281646729,0.0870767384767532,-0.2523431777954101,0.6888987421989441,-0.2443291842937469,0.6232515573501587,0.2779916226863861,-1.4668829441070557,-0.009881448931992,-2.3834049701690674,1
2023-10-21 17:16:25.920,-0.4559429883956909,-0.1716787666082382,-0.3295726776123047,0.6917520761489868,-0.2413103282451629,0.6218201518058777,0.2767458260059356,-1.4603480100631714,-0.0103186117485165,-2.3897054195404053,1
2023-10-21 17:16:25.980,-0.4739066362380981,-0.0409492552280426,-0.1999197006225586,0.6941152811050415,-0.2391846776008606,0.6195924282073975,0.277668833732605,-1.4527218341827393,-0.0120398327708244,-2.3912196159362797,1
2023-10-21 17:16:26.000,-0.3746368885040283,0.3788147270679474,0.1233053207397461,0.6969642639160156,-0.2355372458696365,0.6182889342308044,0.276553601026535,-1.4459788799285889,-0.0136584118008613,-2.398159503936768,1
2023-10-21 17:16:26.030,-0.5090882778167725,0.5745121240615845,0.0305814743041992,0.6898956298828125,-0.2511431872844696,0.6100279092788696,0.298055499792099,-1.440825581550598,-0.0171200353652238,-2.341001033782959,1
2023-10-21 17:16:26.050,-0.616357684135437,0.1280897557735443,-0.3181734085083008,0.6922526955604553,-0.2462815642356872,0.6118280291557312,0.2929133176803589,-1.4403834342956543,-0.0174479093402624,-2.3563294410705566,1
2023-10-21 17:16:26.070,-0.6750669479370117,-0.150488018989563,-0.4810695648193359,0.693671464920044,-0.2409750968217849,0.613402783870697,0.2906684577465057,-1.439046859741211,-0.0222804211080074,-2.367511034011841,1
2023-10-21 17:16:26.130,-0.7341022491455078,-0.4849814176559448,-0.0074777603149414,0.6911956667900085,-0.2400795072317123,0.6156649589538574,0.2925187051296234,-1.4437673091888428,-0.0283069852739572,-2.3658132553100586,1
2023-10-21 17:16:26.150,-0.457899808883667,-0.2685893177986145,0.0833883285522461,0.6904140114784241,-0.2348750531673431,0.620688259601593,0.2879380285739898,-1.451287031173706,-0.033123530447483,-2.380739688873291,1
2023-10-21 17:16:26.170,-0.3222309350967407,-0.0888636410236358,-0.051579475402832,0.6904140114784241,-0.2348750531673431,0.620688259601593,0.2879380285739898,-1.451287031173706,-0.033123530447483,-2.380739688873291,1
2023-10-21 17:16:26.200,-0.3874115943908691,0.0493146479129791,-0.0855236053466796,0.6887795925140381,-0.2307084053754806,0.6248437762260437,0.2862283289432525,-1.4577783346176147,-0.0398920774459838,-2.3895206451416016,1
2023-10-21 17:16:26.220,-0.5058597922325134,0.0703270733356475,-0.0761165618896484,0.6924619078636169,-0.2185494899749755,0.6291919350624084,0.2772186994552612,-1.4577279090881348,-0.0461895763874053,-2.4212405681610107,1
2023-10-21 17:16:26.280,-0.2483291625976562,-0.0890257656574249,-0.3960247039794922,0.7007536888122559,-0.216888353228569,0.6245250701904297,0.2680899202823639,-1.4445453882217407,-0.030892040580511,-2.438024044036865,1
2023-10-21 17:16:26.300,-0.152463674545288,-0.0583530664443969,-0.3273611068725586,0.6957155466079712,-0.2250674962997436,0.6231681108474731,0.2774638533592224,-1.4484137296676636,-0.0326531454920768,-2.4115023612976074,1
2023-10-21 17:16:26.320,-0.1022784709930419,0.0405191779136657,-0.1250581741333007,0.6927533745765686,-0.2313029468059539,0.6210361123085022,0.2844395041465759,-1.4488022327423096,-0.0328285060822963,-2.3914334774017334,1
2023-10-21 17:16:26.380,0.0024322271347045,-0.2409635186195373,-0.0648365020751953,0.6926262974739075,-0.2216913104057312,0.6288217902183533,0.275145411491394,-1.4596110582351685,-0.0389462523162364,-2.4201676845550537,1
2023-10-21 17:16:26.430,-0.1732563972473144,-0.3438858687877655,0.0067644119262695,0.6928485035896301,-0.2193214446306228,0.6306953430175781,0.272180825471878,-1.4622561931610107,-0.0394235141575336,-2.428311347961426,1
2023-10-21 17:16:26.450,-0.1359889507293701,-0.3141949474811554,-0.0406103134155273,0.6913238763809204,-0.2206633985042572,0.6312386393547058,0.2737094759941101,-1.4648206233978271,-0.0404632836580276,-2.42401123046875,1
2023-10-21 17:16:26.470,-0.0935931205749511,-0.2271495163440704,-0.1117572784423828,0.6913238763809204,-0.2206633985042572,0.6312386393547058,0.2737094759941101,-1.4648206233978271,-0.0404632836580276,-2.42401123046875,1
2023-10-21 17:16:26.530,-0.0648877620697021,0.0840845704078674,-0.0999279022216796,0.685300886631012,-0.2285170555114746,0.6336646676063538,0.2767883837223053,-1.4781001806259155,-0.0375850163400173,-2.408130407333374,1
2023-10-21 17:16:26.550,-0.0654200315475463,0.069828987121582,-0.1406946182250976,0.6841488480567932,-0.2277269810438156,0.6363663077354431,0.2740779817104339,-1.484271764755249,-0.0372382923960685,-2.4136743545532227,1
2023-10-21 17:16:26.580,-0.1305768489837646,-0.086195021867752,-0.1958475112915039,0.6813213229179382,-0.2318098992109298,0.6362018585205078,0.2780515849590301,-1.4876179695129397,-0.0379289127886295,-2.4015414714813232,1
2023-10-21 17:16:26.600,-0.1498167514801025,-0.2126826047897339,-0.175149917602539,0.6855105757713318,-0.2250598073005676,0.6376600861549377,0.2698389291763305,-1.4851622581481934,-0.0355767831206321,-2.4242374897003174,1
2023-10-21 17:16:26.620,-0.1697866916656494,-0.2895420789718628,-0.1714649200439453,0.6855105757713318,-0.2250598073005676,0.6376600861549377,0.2698389291763305,-1.4851622581481934,-0.0355767831206321,-2.4242374897003174,1
2023-10-21 17:16:26.680,-0.325276255607605,-0.5182597041130066,-0.1789426803588867,0.690519392490387,-0.2175006866455078,0.6361607313156128,0.2667884528636932,-1.4745887517929075,-0.0390737242996692,-2.439694166183472,1
2023-10-21 17:16:26.700,-0.4156335592269897,-0.7149426937103271,-0.1918878555297851,0.6883670091629028,-0.2316157668828964,0.6297467350959778,0.2755433619022369,-1.4710451364517212,-0.0281754750758409,-2.4055843353271484,1
2023-10-21 17:16:26.720,-0.4253029227256775,-0.8692723512649536,-0.1087532043457031,0.6921972036361694,-0.2225944697856903,0.6333832144737244,0.2648406624794006,-1.4720442295074463,-0.0273361280560493,-2.4355056285858154,1
2023-10-21 17:16:26.750,-0.2972195148468017,-0.5895249247550964,0.1074657440185546,0.6967704892158508,-0.215158611536026,0.636932373046875,0.2500699162483215,-1.4745832681655884,-0.0187239851802587,-2.4694364070892334,1
2023-10-21 17:16:26.770,-0.0654399394989013,-0.5008842349052429,-0.0684289932250976,0.6967704892158508,-0.215158611536026,0.636932373046875,0.2500699162483215,-1.4745832681655884,-0.0187239851802587,-2.4694364070892334,1
2023-10-21 17:16:26.830,0.7665239572525024,0.6845028400421143,-1.9466919898986816,0.6948791742324829,-0.2194720357656479,0.633844792842865,0.2592600286006927,-1.4704543352127075,-0.0236503481864929,-2.448772430419922,1
2023-10-21 17:16:26.850,0.0985794067382812,1.5650888681411743,-1.8981618881225584,0.6930349469184875,-0.2188052982091903,0.6340057253837585,0.2643172144889831,-1.4702540636062622,-0.0318832173943519,-2.4416980743408203,1
2023-10-21 17:16:26.870,-0.9621310234069824,1.84053647518158,-1.2612285614013672,0.6953198909759521,-0.2114883810281753,0.6366449594497681,0.2578491568565368,-1.470658779144287,-0.0342192389070987,-2.462317705154419,1
2023-10-21 17:16:26.930,-1.343078374862671,0.2098564654588699,1.938739776611328,0.6949383020401001,-0.2134564965963363,0.6376014947891235,0.2548754215240478,-1.474809169769287,-0.0283435080200433,-2.464284896850586,1
2023-10-21 17:16:26.980,-0.908255100250244,-0.2112911939620971,0.8972110748291016,0.6985567212104797,-0.2114553153514862,0.6386356353759766,0.2438230067491531,-1.4757789373397827,-0.01600175909698,-2.484506368637085,1
2023-10-21 17:16:27.000,-0.62054443359375,0.3137200176715851,0.1333732604980468,0.6985567212104797,-0.2114553153514862,0.6386356353759766,0.2438230067491531,-1.4757789373397827,-0.01600175909698,-2.484506368637085,1
2023-10-21 17:16:27.020,-0.6413360834121704,0.407653272151947,-0.7776384353637695,0.699163019657135,-0.2145035564899444,0.6391893625259399,0.2378997355699539,-1.4798197746276855,-0.0041800560429692,-2.489459276199341,1
2023-10-21 17:16:27.080,-1.495964765548706,0.9570516347885132,-2.133838653564453,0.6983290910720825,-0.2259997278451919,0.6366803050041199,0.2364294528961181,-1.4835517406463623,0.0145849389955401,-2.475325345993042,1
2023-10-21 17:16:27.100,-1.508136749267578,0.8790236711502075,-2.101860523223877,0.6978956460952759,-0.2283046543598175,0.6345058679580688,0.2412905693054199,-1.4801064729690552,0.0124654127284884,-2.4644598960876465,1
2023-10-21 17:16:27.130,-1.135374665260315,0.3511056900024414,-1.5765581130981443,0.6976428627967834,-0.234151616692543,0.6298545002937317,0.2484970986843109,-1.473722219467163,0.0136748049408197,-2.4448182582855225,1
2023-10-21 17:16:27.150,-1.0013192892074585,0.2693885564804077,-0.9768447875976562,0.70070880651474,-0.2267483174800872,0.6323195695877075,0.2403424680233001,-1.473117470741272,0.0138230258598923,-2.4682092666625977,1
2023-10-21 17:16:27.170,-0.7860332727432251,0.6326302886009216,-0.388768196105957,0.7035833597183228,-0.2227834910154342,0.633526086807251,0.2323417514562606,-1.472596287727356,0.0191055536270141,-2.4863734245300293,1
2023-10-21 17:16:27.230,-0.996706247329712,0.7363115549087524,-0.7231950759887695,0.704364001750946,-0.2278215140104293,0.6304242610931396,0.2335253357887268,-1.4692611694335938,0.0265015978366136,-2.4773812294006348,1
2023-10-21 17:16:27.250,-1.0553412437438965,0.6398597359657288,-0.7200927734375,0.7040414810180664,-0.2301315665245056,0.6284183263778687,0.2376036196947097,-1.4663128852844238,0.0254181567579507,-2.4677350521087646,1
2023-10-21 17:16:27.270,-1.3532087802886963,0.3930040597915649,-0.5092430114746094,0.7040414810180664,-0.2301315665245056,0.6284183263778687,0.2376036196947097,-1.4663128852844238,0.0254181567579507,-2.4677350521087646,1
2023-10-21 17:16:27.300,-1.219864845275879,0.2218601703643798,-0.8165998458862305,0.7036855220794678,-0.2236527651548385,0.6306389570236206,0.238957405090332,-1.4660476446151731,0.0133711211383342,-2.474829912185669,1
2023-10-21 17:16:27.320,-1.2184700965881348,-0.1018272042274475,-1.0560922622680664,0.7004769444465637,-0.2160746306180954,0.6357544660568237,0.24178546667099,-1.4723803997039795,-0.0047218082472682,-2.481135606765747,1
2023-10-21 17:16:27.380,-1.0389063358306885,-0.0416963100433349,-0.8342475891113281,0.694554328918457,-0.217476025223732,0.6384913325309753,0.2502546906471252,-1.480594277381897,-0.0174739602953195,-2.465898036956787,1
2023-10-21 17:16:27.400,-0.4410240948200226,0.865496039390564,-0.2096872329711914,0.6900414824485779,-0.2223780453205108,0.6384777426719666,0.2583350539207458,-1.4848796129226685,-0.0229842327535152,-2.446235418319702,1
2023-10-21 17:16:27.420,-0.4320616722106933,1.73526930809021,0.2251176834106445,0.6853697896003723,-0.2330222129821777,0.6348350048065186,0.2700987458229065,-1.4852982759475708,-0.0235256794840097,-2.4123826026916504,1
2023-10-21 17:16:27.480,-1.5992486476898191,-0.6187018156051636,0.6384601593017578,0.6793264746665955,-0.2393922954797744,0.6370149254798889,0.2746250033378601,-1.4969000816345217,-0.024631904438138,-2.396120548248291,1
2023-10-21 17:16:27.530,0.7657090425491333,0.6427528262138367,-0.2589530944824219,0.6809518337249756,-0.2301152497529983,0.6441699266433716,0.2615276873111725,-1.5065501928329468,-0.023543894290924,-2.430287599563598,1
2023-10-21 17:16:27.550,0.2593381404876709,0.5037336945533752,0.311502456665039,0.6771888136863708,-0.2371769845485687,0.6435973644256592,0.2663547992706299,-1.511689066886902,-0.0216249991208314,-2.41249942779541,1
2023-10-21 17:16:27.570,0.4445085525512695,-0.1886889338493347,0.993128776550293,0.6771888136863708,-0.2371769845485687,0.6435973644256592,0.2663547992706299,-1.511689066886902,-0.0216249991208314,-2.41249942779541,1
2023-10-21 17:16:27.630,1.7738773822784424,-0.829646110534668,-0.1372404098510742,0.679779052734375,-0.234602153301239,0.6448398232460022,0.2589284777641296,-1.5124698877334597,-0.0149800721555948,-2.427855491638184,1
2023-10-21 17:16:27.650,1.9891802072525024,-0.6462037563323975,0.07537841796875,0.6819407343864441,-0.2295698374509811,0.6465268731117249,0.253490686416626,-1.512155055999756,-0.0146715538576245,-2.443645000457764,1
2023-10-21 17:16:27.670,2.00300407409668,-0.6008176207542419,0.7219858169555664,0.6826571226119995,-0.2318541556596756,0.6437172293663025,0.2566148638725281,-1.5070034265518188,-0.0138214761391282,-2.43543004989624,1
2023-10-21 17:16:27.680,1.9413418769836424,-0.5305859446525574,1.056013107299805,0.6826571226119995,-0.2318541556596756,0.6437172293663025,0.2566148638725281,-1.5070034265518188,-0.0138214761391282,-2.43543004989624,1
2023-10-21 17:16:27.700,2.0863735675811768,-0.521680474281311,1.0955305099487305,0.6838622093200684,-0.2306149899959564,0.6418240666389465,0.2592512369155884,-1.5009719133377075,-0.0173704717308282,-2.433072566986084,1
2023-10-21 17:16:27.720,2.026041269302368,-0.4297658205032348,1.2748527526855469,0.6838622093200684,-0.2306149899959564,0.6418240666389465,0.2592512369155884,-1.5009719133377075,-0.0173704717308282,-2.433072566986084,1
2023-10-21 17:16:27.780,1.7830079793930054,-0.2264184951782226,1.1284894943237305,0.6739819645881653,-0.2384346276521682,0.6422629952430725,0.2763973474502563,-1.5094287395477295,-0.0336446464061737,-2.3948748111724854,1
2023-10-21 17:16:27.800,1.563783884048462,-0.4676661491394043,1.457561492919922,0.6738317012786865,-0.2378627061843872,0.6428083777427673,0.2759886384010315,-1.5102864503860474,-0.0342634618282318,-2.396366596221924,1
2023-10-21 17:16:27.820,1.383925199508667,-0.4189624786376953,1.461470603942871,0.6746859550476074,-0.2316163480281829,0.6457790732383728,0.2722540199756622,-1.512071132659912,-0.0391052775084972,-2.4113805294036865,1
2023-10-21 17:16:27.850,1.0015637874603271,-0.7267546653747559,0.7196207046508789,0.6704702973365784,-0.2345267385244369,0.6455978751182556,0.2804823517799377,-1.5143009424209597,-0.0476892739534378,-2.394235372543335,1
2023-10-21 17:16:27.870,1.2282748222351074,-0.5029493570327759,0.8180904388427734,0.6704702973365784,-0.2345267385244369,0.6455978751182556,0.2804823517799377,-1.5143009424209597,-0.0476892739534378,-2.394235372543335,1
2023-10-21 17:16:27.930,1.2808246612548828,0.0815043449401855,1.1393585205078125,0.6699804663658142,-0.2288320809602737,0.6461454033851624,0.2850582003593445,-1.5103803873062134,-0.0617913641035556,-2.3952200412750244,1
2023-10-21 17:16:27.950,0.92829430103302,-0.097983181476593,1.1282682418823242,0.6709537506103516,-0.2265379428863525,0.646816074848175,0.2830735445022583,-1.5100222826004028,-0.0622402466833591,-2.401683568954468,1
2023-10-21 17:16:27.970,0.9578461647033693,-0.4052765965461731,0.9187889099121094,0.6723644733428955,-0.2274944335222244,0.6427529454231262,0.2881684005260467,-1.5003615617752075,-0.0645687058568,-2.3919548988342285,1
2023-10-21 17:16:28.030,0.8876725435256958,0.1254826188087463,0.5813961029052734,0.6790631413459778,-0.2195620536804199,0.640447199344635,0.2837132513523102,-1.4872819185256958,-0.0652600228786468,-2.410106897354126,1
2023-10-21 17:16:28.080,0.718646764755249,-0.3464018702507019,1.0276365280151367,0.6862201690673828,-0.2190002650022506,0.6329330801963806,0.2837897539138794,-1.4675663709640503,-0.0587087720632553,-2.4102628231048584,1
2023-10-21 17:16:28.100,0.5152082443237305,-0.2275663018226623,0.8108339309692383,0.6862201690673828,-0.2190002650022506,0.6329330801963806,0.2837897539138794,-1.4675663709640503,-0.0587087720632553,-2.4102628231048584,1
2023-10-21 17:16:28.120,0.4461185932159424,-0.3611439168453216,0.3131361007690429,0.6892301440238953,-0.2213712036609649,0.6281383037567139,0.2853051126003265,-1.4575196504592896,-0.0532959550619125,-2.4042277336120605,1
2023-10-21 17:16:28.180,0.5077800750732422,-0.159135103225708,0.2091608047485351,0.6971474885940552,-0.214746817946434,0.625390350818634,0.2770489454269409,-1.4447821378707886,-0.04712450876832,-2.42659330368042,1
2023-10-21 17:16:28.200,0.3751339912414551,-0.4996136426925659,0.0952129364013671,0.7018377780914307,-0.2138041406869888,0.6210087537765503,0.2757892906665802,-1.43296480178833,-0.0424362234771251,-2.429716825485229,1
2023-10-21 17:16:28.220,0.3247287273406982,-0.356402724981308,-0.0244865417480468,0.7010887265205383,-0.2164223343133926,0.6196327209472656,0.2787316143512726,-1.4317938089370728,-0.0419722646474838,-2.4212839603424072,1
2023-10-21 17:16:28.230,0.1858322620391845,-0.0568519830703735,-0.0297451019287109,0.7043006420135498,-0.2174062579870224,0.6154363751411438,0.2791652679443359,-1.42220139503479,-0.0373869016766548,-2.4190499782562256,1
2023-10-21 17:16:28.250,-0.0174896717071533,0.0030058622360229,0.0465049743652343,0.7044284343719482,-0.2179181277751922,0.6148738265037537,0.2796828746795654,-1.421254277229309,-0.0369323119521141,-2.417482614517212,1
2023-10-21 17:16:28.270,0.1329097747802734,0.0574894547462463,0.3898572921752929,0.7044606804847717,-0.2248090058565139,0.6090632081031799,0.2867718935012817,-1.4130537509918213,-0.0325919575989246,-2.3962209224700928,1
2023-10-21 17:16:28.330,0.2569863796234131,-0.1394386291503906,0.6974754333496094,0.7049892544746399,-0.2318481504917144,0.6018537878990173,0.2949723899364471,-1.401890754699707,-0.0281633120030164,-2.372814178466797,1
2023-10-21 17:16:28.350,0.7438187599182129,-0.3972462713718414,0.6797466278076172,0.7104102969169617,-0.2271511852741241,0.5996208786964417,0.2901284694671631,-1.392075777053833,-0.0251957606524229,-2.3871991634368896,1
2023-10-21 17:16:28.370,1.469064235687256,0.065945565700531,1.272221565246582,0.7104102969169617,-0.2271511852741241,0.5996208786964417,0.2901284694671631,-1.392075777053833,-0.0251957606524229,-2.3871991634368896,1
2023-10-21 17:16:28.400,1.2549443244934082,0.2720493078231811,1.3473873138427734,0.7155939340591431,-0.2208687961101532,0.5991398096084595,0.2831498682498932,-1.385185956954956,-0.0231900438666343,-2.40727162361145,1
2023-10-21 17:16:28.420,1.264324188232422,-0.4417191743850708,1.0333013534545898,0.715766429901123,-0.224070742726326,0.5964224338531494,0.2859213650226593,-1.3814836740493774,-0.0202965959906578,-2.398284912109375,1
2023-10-21 17:16:28.480,1.4365499019622805,0.1898428201675415,1.2609624862670898,0.7184242606163025,-0.2218251526355743,0.595622718334198,0.2826550602912903,-1.3775097131729126,-0.017983391880989,-2.4067249298095703,1
2023-10-21 17:16:28.500,1.3201971054077148,0.1242859959602356,1.2173242568969729,0.7191346883773804,-0.2224069237709045,0.594549298286438,0.2826510071754455,-1.3754379749298096,-0.0162195526063442,-2.4059276580810547,1
2023-10-21 17:16:28.520,1.0133790969848633,-0.0321962237358093,1.1289091110229492,0.7189762592315674,-0.2229441106319427,0.5942639708518982,0.283230572938919,-1.375234603881836,-0.0160450972616672,-2.404235601425171,1
2023-10-21 17:16:28.580,0.7494509220123291,-0.6851308941841125,0.8138027191162109,0.7206211090087891,-0.2179320454597473,0.5961781740188599,0.2788951992988586,-1.375367283821106,-0.0184506215155124,-2.4182143211364746,1
2023-10-21 17:16:28.630,1.0225989818572998,-0.692527711391449,0.5509891510009766,0.7193800806999207,-0.2149117290973663,0.599041759967804,0.2783060371875763,-1.379654884338379,-0.0242298115044832,-2.423312187194824,1
2023-10-21 17:16:28.650,1.1381944417953491,-0.3890627026557922,0.3477621078491211,0.7168387770652771,-0.2127008289098739,0.6031508445739746,0.2776863873004913,-1.3877590894699097,-0.0300336629152297,-2.427424192428589,1
2023-10-21 17:16:28.670,1.1999222040176392,-0.2409780621528625,-0.0682878494262695,0.7168387770652771,-0.2127008289098739,0.6031508445739746,0.2776863873004913,-1.3877590894699097,-0.0300336629152297,-2.427424192428589,1
2023-10-21 17:16:28.730,1.590905785560608,-0.3057575523853302,-1.2897729873657229,0.7092276215553284,-0.2117764055728912,0.6116369366645813,0.2793692648410797,-1.4078352451324463,-0.0413615591824054,-2.4262259006500244,1
2023-10-21 17:16:28.750,1.4489703178405762,-0.2837256789207458,-1.2651910781860352,0.707642138004303,-0.2145068794488906,0.6110415458679199,0.2825910449028015,-1.4087167978286743,-0.0417736656963825,-2.4172143936157227,1
2023-10-21 17:16:28.770,1.2803701162338257,-0.2098694741725921,-0.9051570892333984,0.7040585875511169,-0.2165959626436233,0.612904965877533,0.2858937084674835,-1.4151408672332764,-0.0454745255410671,-2.409041166305542,1
2023-10-21 17:16:28.780,1.118354558944702,-0.20928955078125,-0.6389980316162109,0.7040585875511169,-0.2165959626436233,0.612904965877533,0.2858937084674835,-1.4151408672332764,-0.0454745255410671,-2.409041166305542,1
2023-10-21 17:16:28.800,1.051282525062561,-0.1230401694774627,-0.394927978515625,0.7011459469795227,-0.217899814248085,0.6161511540412903,0.2850822806358337,-1.4243659973144531,-0.0457643866539001,-2.4087471961975098,1
2023-10-21 17:16:28.820,0.9768260717391968,-0.0999724268913269,-0.0948400497436523,0.7011459469795227,-0.217899814248085,0.6161511540412903,0.2850822806358337,-1.4243659973144531,-0.0457643866539001,-2.4087471961975098,1
2023-10-21 17:16:28.880,0.6576886177062988,-0.252557098865509,-0.5261201858520508,0.697769820690155,-0.2246782779693603,0.6195278167724609,0.2807531356811523,-1.4389270544052124,-0.0343280509114265,-2.4065942764282227,1
2023-10-21 17:16:28.900,0.5665106773376465,-0.2123527526855468,-0.4336042404174804,0.6985208988189697,-0.2230486422777176,0.6203617453575134,0.2783328890800476,-1.4395440816879272,-0.0337322540581226,-2.412808418273926,1
2023-10-21 17:16:28.920,0.4904533624649048,0.5331186652183533,-0.1677083969116211,0.6946778893470764,-0.2302968949079513,0.6206574440002441,0.2813723087310791,-1.4469314813613892,-0.0293115023523569,-2.397794485092163,1
2023-10-21 17:16:28.970,-2.3743784427642822,0.9838677048683168,-0.3161497116088867,0.6891816258430481,-0.2389667481184005,0.6208323240280151,0.2872121632099151,-1.455574631690979,-0.0272415596991777,-2.376149892807007,1
2023-10-21 17:16:29.030,-3.281208038330078,-0.3343416452407837,-2.356381893157959,0.6849206686019897,-0.246953010559082,0.6219721436500549,0.2881815433502197,-1.466254949569702,-0.0201967377215623,-2.3632476329803467,1
2023-10-21 17:16:29.050,-2.7595674991607666,-0.3934853076934814,-2.333066463470459,0.6836597323417664,-0.2498443871736526,0.6209142804145813,0.2909513413906097,-1.466500759124756,-0.0196958407759666,-2.354612350463867,1
2023-10-21 17:16:29.070,-2.007035493850708,-0.1332335472106933,-2.008615016937256,0.6849277019500732,-0.2509422898292541,0.6203089356422424,0.2883033752441406,-1.4661054611206057,-0.0139201311394572,-2.3572981357574463,1
2023-10-21 17:16:29.130,-1.878333568572998,1.3342574834823608,0.3127431869506836,0.6876166462898254,-0.2482756525278091,0.6209353804588318,0.2828105390071869,-1.4649970531463623,-0.0097773438319563,-2.3699827194213867,1
2023-10-21 17:16:29.180,-2.0693135261535645,-0.347402274608612,-0.7036609649658203,0.6936900019645691,-0.2399579584598541,0.6215368509292603,0.2736900746822357,-1.4583321809768677,-0.0073041371069848,-2.3965330123901367,1
2023-10-21 17:16:29.200,-2.2867321968078613,-0.6801326274871826,-1.2495050430297852,0.6936900019645691,-0.2399579584598541,0.6215368509292603,0.2736900746822357,-1.4583321809768677,-0.0073041371069848,-2.3965330123901367,1
2023-10-21 17:16:29.220,-2.399519920349121,-0.9309816360473632,-1.988857746124268,0.6972305178642273,-0.2351518869400024,0.6216539740562439,0.2685510218143463,-1.454029202461243,-0.0059815109707415,-2.4116029739379883,1
2023-10-21 17:16:29.280,-1.862851619720459,-0.7306980490684509,-3.249374389648437,0.7008626461029053,-0.22664275765419,0.6237599849700928,0.2614350020885467,-1.4513955116271973,-0.0084546022117137,-2.435028314590454,1
2023-10-21 17:16:29.300,-1.6070706844329834,-0.8094375133514404,-3.3799285888671875,0.7031514644622803,-0.2203380614519119,0.625304102897644,0.2569515109062195,-1.449600100517273,-0.0114838620647788,-2.451057195663452,1
2023-10-21 17:16:29.320,-1.4984002113342283,-0.6360148787498474,-2.921994209289551,0.7033748626708984,-0.2197140306234359,0.6254543662071228,0.2565082013607025,-1.4494249820709229,-0.0117859588935971,-2.4526398181915283,1
2023-10-21 17:16:29.330,-1.2717878818511963,0.0013477802276611,-2.019606590270996,0.7062007188796997,-0.2146378457546234,0.6252312064170837,0.2535690069198608,-1.4444148540496826,-0.0139241544529795,-2.464411973953247,1
2023-10-21 17:16:29.350,-0.9127092361450196,0.4698857069015503,-1.2191286087036133,0.7064794301986694,-0.2141359746456146,0.625205934047699,0.2532789409160614,-1.443916916847229,-0.01413812674582,-2.465572595596313,1
2023-10-21 17:16:29.370,-0.5798236131668091,0.9099071025848388,-0.3901643753051758,0.7103863954544067,-0.2092711478471756,0.6232398748397827,0.2512548267841339,-1.4348052740097046,-0.0158579740673303,-2.4755163192749023,1
2023-10-21 17:16:29.430,-0.3335585594177246,0.8671861886978149,0.0011892318725585,0.7152300477027893,-0.2024002373218536,0.6208473443984985,0.2490559667348861,-1.4230655431747437,-0.0197272878140211,-2.488428831100464,1
2023-10-21 17:16:29.450,-0.3594923019409179,0.9013471603393556,-0.5184717178344727,0.7174625396728516,-0.1952725797891616,0.6210560202598572,0.2478014826774597,-1.4178262948989868,-0.0275991726666688,-2.5001463890075684,1
2023-10-21 17:16:29.470,-0.4893723726272583,0.9281197190284728,-1.000335693359375,0.7174625396728516,-0.1952725797891616,0.6210560202598572,0.2478014826774597,-1.4178262948989868,-0.0275991726666688,-2.5001463890075684,1
2023-10-21 17:16:29.520,-0.6368763446807861,0.3189250230789184,-0.4777612686157226,0.7152552604675293,-0.1828080266714096,0.6277478337287903,0.246827483177185,-1.4250833988189695,-0.0484009385108947,-2.5188229084014893,1
2023-10-21 17:16:29.580,-0.7189329862594604,0.0485425591468811,0.8059844970703125,0.7143601775169373,-0.1799023598432541,0.6282684803009033,0.2502068281173706,-1.424203634262085,-0.0573954656720161,-2.517338991165161,1
2023-10-21 17:16:29.600,-0.9732846021652222,0.0240245163440704,0.6365833282470703,0.7155176997184753,-0.1807861626148224,0.6240516901016235,0.2567298114299774,-1.4141067266464231,-0.0617531761527061,-2.5053694248199463,1
2023-10-21 17:16:29.620,-1.0251705646514893,0.1985126733779907,0.5152730941772461,0.7156317830085754,-0.1808761954307556,0.6236277222633362,0.2573782205581665,-1.413095474243164,-0.0621749423444271,-2.504171848297119,1
2023-10-21 17:16:29.680,-0.9059228897094728,-0.2964811325073242,0.5705347061157227,0.7193431258201599,-0.1889362931251526,0.6117067933082581,0.2695615589618683,-1.3892616033554075,-0.0579977594316005,-2.4728446006774902,1
2023-10-21 17:16:29.730,-0.901140570640564,0.0286805033683776,-0.7823734283447266,0.7198282480239868,-0.1928628087043762,0.6090536117553711,0.2714865505695343,-1.3857680559158323,-0.0530684515833854,-2.464336395263672,1
2023-10-21 17:16:29.750,-0.8013308048248291,-0.1778564453125,-0.9086809158325196,0.7205148339271545,-0.1960859447717666,0.608169436454773,0.269330233335495,-1.3862031698226929,-0.0450464226305484,-2.4635677337646484,1
2023-10-21 17:16:29.770,-0.8400620222091675,-0.1690205335617065,-0.6142215728759766,0.7205148339271545,-0.1960859447717666,0.608169436454773,0.269330233335495,-1.3862031698226929,-0.0450464226305484,-2.4635677337646484,1
2023-10-21 17:16:29.830,-0.3711111545562744,-0.0104326605796813,0.1135940551757812,0.7252162098884583,-0.2032815665006637,0.6037789583206177,0.261130541563034,-1.3813709020614624,-0.0204855222254991,-2.467284202575684,1
2023-10-21 17:16:29.850,-0.325028657913208,-0.0694372057914733,-0.0352993011474609,0.7254548072814941,-0.2036423683166504,0.6035662293434143,0.2606779038906097,-1.3811516761779783,-0.0192072875797748,-2.467538833618164,1
2023-10-21 17:16:29.870,-0.3026787042617798,-0.0272283852100372,-0.0559844970703125,0.7261746525764465,-0.2074841856956482,0.6041896343231201,0.2541175186634063,-1.3859317302703855,-0.0057308687828481,-2.473108530044556,1
2023-10-21 17:16:29.880,-0.3472661972045898,0.0219916105270385,-0.1208772659301757,0.7261746525764465,-0.2074841856956482,0.6041896343231201,0.2541175186634063,-1.3859317302703855,-0.0057308687828481,-2.473108530044556,1
2023-10-21 17:16:29.900,-0.3879492282867431,-0.0503530800342559,-0.2852249145507812,0.7249118089675903,-0.2110507190227508,0.6071504950523376,0.2476463615894317,-1.3962572813034058,0.0052691046148538,-2.4787867069244385,1
2023-10-21 17:16:29.920,-0.4216464757919311,-0.1804052293300628,-0.417607307434082,0.7249118089675903,-0.2110507190227508,0.6071504950523376,0.2476463615894317,-1.3962572813034058,0.0052691046148538,-2.4787867069244385,1
2023-10-21 17:16:29.980,-0.3741402626037597,-0.4245899617671966,-0.3999052047729492,0.7205938100814819,-0.2132143825292587,0.6136527061462402,0.2423108667135238,-1.4142096042633057,0.0098926546052098,-2.4843649864196777,1
2023-10-21 17:16:30.000,-0.3196597099304199,-0.2742007374763489,-0.0960321426391601,0.7203558087348938,-0.2132757604122162,0.6139969229698181,0.2420925796031952,-1.4151180982589722,0.0099808145314455,-2.484626531600952,1
2023-10-21 17:16:30.020,-0.191546082496643,-0.1230117231607437,0.1267518997192382,0.7176943421363831,-0.2144740521907806,0.6173917651176453,0.2402983456850052,-1.424610614776611,0.0111374175176024,-2.4857993125915527,1
2023-10-21 17:16:30.070,-0.0700030326843261,0.1075665801763534,-0.281869888305664,0.71516352891922,-0.217543289065361,0.6196897625923157,0.239166721701622,-1.4330270290374756,0.0147402556613087,-2.4832942485809326,1
2023-10-21 17:16:30.130,-0.2686748504638672,0.0464410483837127,-0.2304706573486328,0.7098789811134338,-0.2234144508838653,0.6243821978569031,0.2372861951589584,-1.450010895729065,0.020881412550807,-2.4779186248779297,1
2023-10-21 17:16:30.150,-0.1689773797988891,-0.04770989716053,-0.1163520812988281,0.7096485495567322,-0.223606675863266,0.6246217489242554,0.2371640056371688,-1.4507863521575928,0.0210902821272611,-2.4778335094451904,1
2023-10-21 17:16:30.170,-0.1136963367462158,-0.084096148610115,-0.106485366821289,0.7079513072967529,-0.2240621000528335,0.6269933581352234,0.235542893409729,-1.4571738243103027,0.0218841917812824,-2.4796836376190186,1
2023-10-21 17:16:30.230,-0.2710561752319336,0.0771650522947311,-0.1077795028686523,0.7061980962753296,-0.2163858860731125,0.6296535730361938,0.2408273965120315,-1.4571243524551392,0.0023469349835067,-2.482194185256958,1
2023-10-21 17:16:30.250,-0.2677210569381714,0.018199473619461,-0.1890678405761718,0.705125093460083,-0.2171918451786041,0.6310156583786011,0.2396781146526336,-1.4612828493118286,0.0038135442882776,-2.4828622341156006,1
2023-10-21 17:16:30.280,-0.2634487152099609,-0.1250004470348358,-0.1353721618652343,0.7043656706809998,-0.2186213135719299,0.6315286159515381,0.239260122179985,-1.4638381004333496,0.0057795071043074,-2.481494188308716,1
2023-10-21 17:16:30.300,-0.2364809513092041,-0.0946778208017349,-0.1476736068725586,0.7043656706809998,-0.2186213135719299,0.6315286159515381,0.239260122179985,-1.4638381004333496,0.0057795071043074,-2.481494188308716,1
2023-10-21 17:16:30.320,-0.2047290802001953,0.0058722347021102,-0.1093025207519531,0.7045151591300964,-0.2193599492311477,0.6309748888015747,0.2396045327186584,-1.463081955909729,0.0067160036414861,-2.479910135269165,1
2023-10-21 17:16:30.380,-0.3379185795783996,0.045935645699501,-0.085855484008789,0.7061020135879517,-0.2109578549861908,0.6289219260215759,0.24773770570755,-1.4505878686904907,-0.0137002579867839,-2.4788694381713867,1
2023-10-21 17:16:30.400,-0.3932899236679077,0.0444182008504867,-0.0033655166625976,0.705467939376831,-0.2108303308486938,0.6296501159667969,0.2478034049272537,-1.4523242712020874,-0.014591347426176,-2.478954792022705,1
2023-10-21 17:16:30.420,-0.3662651181221008,0.0060173571109771,-0.005044937133789,0.7050245404243469,-0.2085578143596649,0.6301105618476868,0.2498094141483307,-1.4515597820281982,-0.0207398496568202,-2.4789469242095947,1
2023-10-21 17:16:30.430,-0.277573823928833,0.0265267342329025,0.0030574798583984,0.7046158909797668,-0.2088149338960647,0.6305708289146423,0.2495861053466797,-1.4529454708099363,-0.0204962231218814,-2.478954315185547,1
2023-10-21 17:16:30.450,-0.1971406936645507,0.0866914987564086,-0.0595026016235351,0.7042747735977173,-0.2090995758771896,0.6309598684310913,0.2493274807929992,-1.4541746377944946,-0.0201055239886045,-2.478976964950561,1
2023-10-21 17:16:30.470,-0.2037832736968994,0.2004495114088058,-0.1219329833984375,0.7040491104125977,-0.2092492580413818,0.6314137578010559,0.2486893683671951,-1.455456256866455,-0.0194094739854335,-2.47978949546814,1
2023-10-21 17:16:30.530,-0.3163987398147583,0.3065941631793976,-0.1525478363037109,0.7027382254600525,-0.2087251394987106,0.6333739161491394,0.2478514313697815,-1.4600037336349487,-0.020608453080058,-2.4818904399871826,1
2023-10-21 17:16:30.550,-0.3507962226867676,0.3922339677810669,-0.2137641906738281,0.7024392485618591,-0.2081228196620941,0.6342605352401733,0.2469365298748016,-1.4617598056793213,-0.0208584293723106,-2.4841976165771484,1
2023-10-21 17:16:30.570,-0.3544912934303283,0.4044229686260223,-0.1187906265258789,0.7024392485618591,-0.2081228196620941,0.6342605352401733,0.2469365298748016,-1.4617598056793213,-0.0208584293723106,-2.4841976165771484,1
2023-10-21 17:16:30.620,-0.0576534271240234,0.2935323119163513,-0.0184440612792968,0.7014421224594116,-0.2089184373617172,0.6363469958305359,0.2437100708484649,-1.4677679538726809,-0.0170808099210262,-2.488211154937744,1
2023-10-21 17:16:30.680,-0.0191547870635986,0.1915563642978668,-0.1693630218505859,0.7013525366783142,-0.2080399692058563,0.6366192698478699,0.2440080940723419,-1.4677250385284424,-0.0188629198819398,-2.488980531692505,1
2023-10-21 17:16:30.700,-0.0034434795379638,0.1944864094257354,-0.2001533508300781,0.6995344758033752,-0.2077190279960632,0.6384038925170898,0.2448363602161407,-1.4720253944396973,-0.0219974964857101,-2.4881703853607178,1
2023-10-21 17:16:30.720,-0.0626548528671264,0.1159783899784088,-0.2886610031127929,0.6975683569908142,-0.2080489546060562,0.6405541896820068,0.2445497214794159,-1.4778258800506592,-0.0230400077998638,-2.4882113933563232,1
2023-10-21 17:16:30.780,-0.1953082084655761,-0.3078715205192566,-0.8174190521240234,0.6979095339775085,-0.2074139267206192,0.6393166184425354,0.2473383694887161,-1.4741038084030151,-0.0267459452152252,-2.484693765640259,1
2023-10-21 17:16:30.800,-0.2304441928863525,-0.3879454731941223,-0.8957500457763672,0.6970547437667847,-0.2047872394323349,0.6401453614234924,0.2497817277908325,-1.4740363359451294,-0.034304104745388,-2.484560489654541,1
2023-10-21 17:16:30.830,-0.3913224935531616,-0.4904027283191681,0.1062173843383789,0.6957902908325195,-0.2016574591398239,0.6412920951843262,0.2528924643993377,-1.4743975400924685,-0.0437472201883792,-2.4840829372406006,1
2023-10-21 17:16:30.850,-0.3904699683189392,-0.3745985627174377,0.7562971115112305,0.6964741349220276,-0.2014611661434173,0.640535295009613,0.2530847191810608,-1.4722877740859983,-0.0436082109808921,-2.484015703201294,1
2023-10-21 17:16:30.870,-0.6805034875869751,-0.4699563384056091,0.942296028137207,0.6964741349220276,-0.2014611661434173,0.640535295009613,0.2530847191810608,-1.4722877740859983,-0.0436082109808921,-2.484015703201294,1
2023-10-21 17:16:30.930,-0.5648007988929749,0.3019654452800751,0.6335773468017578,0.6952852010726929,-0.1987063437700271,0.6419320106506348,0.2549856305122375,-1.473638892173767,-0.0510739386081695,-2.484921932220459,1
2023-10-21 17:16:30.950,-0.6033440232276917,0.5204442739486694,0.4777288436889648,0.6973073482513428,-0.1976073533296585,0.639658510684967,0.2560291886329651,-1.4668927192687988,-0.0519797913730144,-2.4846620559692383,1
2023-10-21 17:16:30.970,-0.5401710867881775,0.3832434117794037,0.1656570434570312,0.697443962097168,-0.197844922542572,0.6398592591285706,0.2549698054790497,-1.4676077365875244,-0.0503393486142158,-2.4860215187072754,1
2023-10-21 17:16:30.980,-0.4116856455802917,0.093421846628189,-0.2282352447509765,0.697443962097168,-0.197844922542572,0.6398592591285706,0.2549698054790497,-1.4676077365875244,-0.0503393486142158,-2.4860215187072754,1
2023-10-21 17:16:31.000,-0.423822283744812,-0.064683973789215,-0.4152736663818359,0.6987400650978088,-0.198074609041214,0.6386538147926331,0.2542638182640075,-1.4646999835968018,-0.0479861758649349,-2.486753225326538,1
2023-10-21 17:16:31.020,-0.506380558013916,-0.1892074942588806,-0.3997020721435547,0.6987400650978088,-0.198074609041214,0.6386538147926331,0.2542638182640075,-1.4646999835968018,-0.0479861758649349,-2.486753225326538,1
2023-10-21 17:16:31.080,-0.4779962003231048,-0.5677839517593384,-0.1111164093017578,0.7008152604103088,-0.2000054717063903,0.6358394026756287,0.2540944814682007,-1.4590495824813845,-0.0428058393299579,-2.4842076301574707,1
2023-10-21 17:16:31.100,-0.4017193019390106,-0.3492436707019806,0.160989761352539,0.7007900476455688,-0.1998983919620514,0.6358253359794617,0.2542835474014282,-1.458925485610962,-0.0431996844708919,-2.4840548038482666,1
2023-10-21 17:16:31.120,-0.3609164357185364,-0.3556956648826599,0.1786479949951172,0.7017695903778076,-0.1967726498842239,0.6344014406204224,0.2575554251670837,-1.4527406692504885,-0.0506305620074272,-2.483082771301269,1
2023-10-21 17:16:31.170,-0.8371775150299072,-0.2897914946079254,-1.1699542999267578,0.7015743851661682,-0.203816756606102,0.6346292495727539,0.2519877552986145,-1.4590914249420166,-0.0338588394224643,-2.4822168350219727,1
2023-10-21 17:16:31.230,-0.7169495224952698,-0.2062479257583618,-0.7670612335205078,0.6994917988777161,-0.2036044299602508,0.6367259621620178,0.2526591718196869,-1.464271903038025,-0.0369184128940105,-2.4815328121185303,1
2023-10-21 17:16:31.250,-0.8085821866989136,-0.3008562922477722,-0.8170309066772461,0.6993724703788757,-0.20367231965065,0.6368825435638428,0.2525399327278137,-1.4647294282913208,-0.0367992408573627,-2.481633424758911,1
2023-10-21 17:16:31.270,-0.7427358031272888,-0.2943148612976074,-0.9977846145629884,0.6985746622085571,-0.2051040381193161,0.6383178234100342,0.2499524056911468,-1.4696048498153689,-0.0325429067015647,-2.4837796688079834,1
2023-10-21 17:16:31.330,-0.6132254600524902,-0.7203693389892578,-1.6278505325317385,0.6983874440193176,-0.2063642591238021,0.6399745941162109,0.2451556921005249,-1.4749256372451782,-0.0255451872944831,-2.4896132946014404,1
2023-10-21 17:16:31.350,-0.8814147710800171,-0.797028124332428,-1.7342324256896973,0.698225736618042,-0.2069448679685592,0.6416454315185547,0.2407194972038269,-1.479722499847412,-0.0199259892106056,-2.49578595161438,1
2023-10-21 17:16:31.380,-1.6494781970977783,-0.8292730450630188,-1.5470523834228516,0.6977575421333313,-0.2071124911308288,0.643939197063446,0.235756829380989,-1.4857914447784424,-0.0145980240777134,-2.5033297538757324,1
2023-10-21 17:16:31.400,-1.4179284572601318,-0.9221187829971312,-1.5475435256958008,0.6977575421333313,-0.2071124911308288,0.643939197063446,0.235756829380989,-1.4857914447784424,-0.0145980240777134,-2.5033297538757324,1
2023-10-21 17:16:31.420,-1.1596479415893557,-0.8573963046073914,-1.702242374420166,0.696588397026062,-0.2059954851865768,0.6469609141349792,0.2318879514932632,-1.492695450782776,-0.0130571257323026,-2.510963201522827,1
2023-10-21 17:16:31.480,-0.6627835035324097,0.6490976810455322,-1.1533775329589844,0.6948698163032532,-0.2041873782873153,0.6510903239250183,0.2270350605249405,-1.5019593238830566,-0.0118736438453197,-2.5210835933685303,1
2023-10-21 17:16:31.500,0.2513325214385986,0.6483423113822937,-1.1871156692504885,0.693852961063385,-0.2025185078382492,0.6541320085525513,0.2228580713272094,-1.5085575580596924,-0.0105212479829788,-2.5299160480499268,1
2023-10-21 17:16:31.520,-0.1574248671531677,-0.8464723229408264,-1.013410568237305,0.6937515735626221,-0.2023528218269348,0.6544316411018372,0.2224440276622772,-1.509208917617798,-0.0103838220238685,-2.530790328979492,1
2023-10-21 17:16:31.550,-0.2798993587493896,0.5124567151069641,0.2404346466064453,0.6932671666145325,-0.2001461684703827,0.6571704745292664,0.2178283035755157,-1.5146276950836182,-0.0087912324815988,-2.541027784347534,1
2023-10-21 17:16:31.570,0.5259125828742981,1.3073517084121704,0.0820178985595703,0.6935021281242371,-0.1982714682817459,0.6589415073394775,0.2133995443582534,-1.5178015232086182,-0.0062323021702468,-2.550467729568481,1
2023-10-21 17:16:31.630,0.8723176717758179,-1.0593124628067017,0.407440185546875,0.6949179172515869,-0.1958845108747482,0.6599598526954651,0.2077774107456207,-1.5186079740524292,-0.002002181019634,-2.562422752380371,1
2023-10-21 17:16:31.650,0.6174460053443909,-1.712719440460205,0.562809944152832,0.6964067816734314,-0.1941341906785965,0.6602299213409424,0.2035339623689651,-1.51795494556427,0.0016343302559107,-2.5713553428649902,1
2023-10-21 17:16:31.670,0.8865385055541992,-0.8089188933372498,0.7426109313964844,0.6964067816734314,-0.1941341906785965,0.6602299213409424,0.2035339623689651,-1.51795494556427,0.0016343302559107,-2.5713553428649902,1
2023-10-21 17:16:31.720,2.6519737243652344,0.8041223883628845,0.4029808044433594,0.7025495767593384,-0.1918290108442306,0.6556296944618225,0.1994381695985794,-1.5040420293807983,0.0080237053334712,-2.580885887145996,1
2023-10-21 17:16:31.780,2.0587878227233887,0.5813103914260864,0.9329185485839844,0.7071825265884399,-0.1880428194999694,0.6528162956237793,0.1958664059638977,-1.493774652481079,0.0102318227291107,-2.591731548309326,1
2023-10-21 17:16:31.800,2.292075157165528,0.8038657903671265,0.8219985961914062,0.7125385403633118,-0.1833122670650482,0.649524450302124,0.1918424367904663,-1.4816426038742063,0.0120216822251677,-2.6045947074890137,1
2023-10-21 17:16:31.820,2.3473501205444336,0.8712971210479736,0.7349662780761719,0.7130672335624695,-0.1828417629003524,0.6491947770118713,0.1914423704147339,-1.4804366827011108,0.0121904648840427,-2.605872631072998,1
2023-10-21 17:16:31.880,2.000058650970459,0.4022868275642395,1.4312143325805664,0.7203969955444336,-0.1782394051551818,0.6467534899711609,0.175979807972908,-1.470705509185791,0.0291792880743742,-2.6360175609588623,1
2023-10-21 17:16:31.900,2.180819034576416,0.5518133044242859,1.4734973907470703,0.7206394672393799,-0.1780791282653808,0.6467540264129639,0.1751455515623092,-1.470589280128479,0.0301140453666448,-2.6375157833099365,1
2023-10-21 17:16:31.930,1.9051282405853271,-0.0028501451015472,1.6040000915527344,0.7235350608825684,-0.1780812591314315,0.645025372505188,0.1694888323545456,-1.466066598892212,0.039056796580553,-2.646221160888672,1
2023-10-21 17:16:31.950,1.9903620481491089,0.0421395003795623,1.3695182800292969,0.7243355512619019,-0.1802179813385009,0.6436306238174438,0.1691129356622696,-1.46397066116333,0.0433976650238037,-2.643869638442993,1
2023-10-21 17:16:31.970,1.842254996299744,0.0881323218345642,1.163835525512695,0.7243355512619019,-0.1802179813385009,0.6436306238174438,0.1691129356622696,-1.46397066116333,0.0433976650238037,-2.643869638442993,1
2023-10-21 17:16:32.030,1.7815710306167605,0.4252951145172119,0.8771982192993164,0.7231234312057495,-0.1852535605430603,0.6416301131248474,0.176307812333107,-1.4625070095062256,0.0416856408119201,-2.625895500183105,1
2023-10-21 17:16:32.050,1.194513916969299,0.3785818219184875,0.9375267028808594,0.7231147289276123,-0.1853858083486557,0.641487717628479,0.1767220348119735,-1.4622392654418943,0.0413922108709812,-2.625082015991211,1
2023-10-21 17:16:32.070,0.4231966733932495,-0.0419222116470336,1.028367042541504,0.7240986824035645,-0.1867478489875793,0.6389914751052856,0.1802671700716018,-1.456828236579895,0.0400800853967666,-2.617849826812744,1
2023-10-21 17:16:32.100,0.8464820384979248,0.0393015146255493,0.7194662094116211,0.7254963517189026,-0.1885973960161209,0.6361238360404968,0.1828455775976181,-1.4508532285690308,0.0410401076078414,-2.6114273071289062,1
2023-10-21 17:16:32.120,1.1087913513183594,0.4862732291221618,0.5626296997070312,0.7254963517189026,-0.1885973960161209,0.6361238360404968,0.1828455775976181,-1.4508532285690308,0.0410401076078414,-2.6114273071289062,1
2023-10-21 17:16:32.180,0.5133180618286133,0.202095940709114,0.239511489868164,0.7308218479156494,-0.1911973655223846,0.6281587481498718,0.1864393204450607,-1.4324944019317627,0.0452508814632892,-2.6026394367218018,1
2023-10-21 17:16:32.200,0.1483759880065918,-0.0137514472007751,0.4313802719116211,0.7311322689056396,-0.191325694322586,0.6276856660842896,0.1866838037967682,-1.4313914775848389,0.0454268977046012,-2.6021058559417725,1
2023-10-21 17:16:32.220,0.1919283866882324,0.2489981353282928,0.2795906066894531,0.734541118144989,-0.192128837108612,0.6227280497550964,0.1890651285648346,-1.419461727142334,0.0467978157103061,-2.597540855407715,1
2023-10-21 17:16:32.270,0.392374038696289,0.2350994050502777,-0.4822511672973633,0.7383805513381958,-0.1923049539327621,0.6174044013023376,0.1913760751485824,-1.4062066078186035,0.0476936884224414,-2.593958616256714,1
2023-10-21 17:16:32.330,0.0406439304351806,-0.3034654259681701,-0.4204587936401367,0.7459791898727417,-0.1944209337234497,0.6057760715484619,0.1968525946140289,-1.3788951635360718,0.0515936464071273,-2.5830485820770264,1
2023-10-21 17:16:32.350,0.8838350772857666,-1.911585807800293,1.5732955932617188,0.7462937235832214,-0.1944958716630935,0.6052882671356201,0.1970870494842529,-1.377747893333435,0.0517362169921398,-2.582601308822632,1
2023-10-21 17:16:32.370,1.2960073947906494,0.3235015869140625,3.359330177307129,0.7491631507873535,-0.1949607878923416,0.6007428169250488,0.1996321678161621,-1.3669133186340332,0.052283514291048,-2.5781657695770264,1
2023-10-21 17:16:32.430,1.4383869171142578,0.7315022945404053,1.1281538009643557,0.7520962953567505,-0.1958759278059005,0.5957058072090149,0.2027770727872848,-1.3552967309951782,0.0530690625309944,-2.572172880172729,1
2023-10-21 17:16:32.450,1.6354650259017944,0.9454379081726074,0.3679113388061523,0.7540842890739441,-0.1955986618995666,0.5926978588104248,0.2044684588909149,-1.347744107246399,0.0526440367102623,-2.569985866546631,1
2023-10-21 17:16:32.480,2.212887763977051,-0.1998984515666961,1.1932077407836914,0.7550953030586243,-0.1946740597486496,0.5913040041923523,0.2056517452001571,-1.343633770942688,0.0508113950490951,-2.569377899169922,1
2023-10-21 17:16:32.500,1.9381295442581177,-0.2540470957756042,2.5682191848754883,0.7550953030586243,-0.1946740597486496,0.5913040041923523,0.2056517452001571,-1.343633770942688,0.0508113950490951,-2.569377899169922,1
2023-10-21 17:16:32.520,2.229356527328491,-0.3427121639251709,2.6708803176879883,0.7550511956214905,-0.1943688094615936,0.5908579230308533,0.2073773592710495,-1.3423326015472412,0.0484746806323528,-2.5670056343078613,1
2023-10-21 17:16:32.580,1.633173584938049,-0.278226763010025,1.5957422256469729,0.7548073530197144,-0.194183200597763,0.5909286737442017,0.2082361131906509,-1.3423720598220823,0.0470537841320037,-2.5658528804779053,1
2023-10-21 17:16:32.600,1.99344539642334,0.1001476943492889,1.3017959594726562,0.7535675764083862,-0.1947403103113174,0.5923579335212708,0.2081450372934341,-1.346293568611145,0.0469244644045829,-2.5651865005493164,1
2023-10-21 17:16:32.620,2.122191429138184,0.7670423984527588,1.2988824844360352,0.7534435987472534,-0.1947961449623108,0.592500627040863,0.208135113120079,-1.346685528755188,0.0469126664102077,-2.5651206970214844,1
2023-10-21 17:16:32.650,2.0336098670959477,0.1326927095651626,1.1518898010253906,0.751129150390625,-0.1966893374919891,0.5953989028930664,0.2064423412084579,-1.3552402257919312,0.0496675260365009,-2.565180778503418,1
2023-10-21 17:16:32.670,2.1039462089538574,-0.0794716477394104,0.9311962127685548,0.7480682134628296,-0.196501225233078,0.5993282198905945,0.2063660472631454,-1.3647326231002808,0.0466475673019886,-2.5653443336486816,1
2023-10-21 17:16:32.730,1.8644757270812988,0.4333099126815796,0.2979497909545898,0.7425650954246521,-0.194765955209732,0.6072836518287659,0.2046216875314712,-1.3829938173294067,0.0407372415065765,-2.570091962814331,1
2023-10-21 17:16:32.750,1.7481358051300049,0.3873463273048401,0.3101482391357422,0.7363160252571106,-0.1963937431573867,0.6156520843505859,0.2006009817123413,-1.405087947845459,0.0422274321317672,-2.5738725662231445,1
2023-10-21 17:16:32.770,1.7381319999694824,0.0090677440166473,0.0756416320800781,0.7363160252571106,-0.1963937431573867,0.6156520843505859,0.2006009817123413,-1.405087947845459,0.0422274321317672,-2.5738725662231445,1
2023-10-21 17:16:32.830,1.826721429824829,0.0158836096525192,-0.6380853652954102,0.7267587184906006,-0.1986969709396362,0.6291109323501587,0.1912085264921188,-1.440801739692688,0.0482454746961593,-2.584707260131836,1
2023-10-21 17:16:32.880,1.186441421508789,0.0847788304090499,-0.0762052536010742,0.7212451100349426,-0.1972715854644775,0.6362751722335815,0.1898509263992309,-1.457977533340454,0.0429806858301162,-2.588429450988769,1
2023-10-21 17:16:32.900,0.9865981936454772,0.391955554485321,0.2506837844848633,0.7160423994064331,-0.1965453773736953,0.642108142375946,0.1906576007604599,-1.472437858581543,0.0366322360932827,-2.587940454483032,1
2023-10-21 17:16:32.920,0.7892645597457886,0.5602213144302368,0.2547111511230469,0.715524435043335,-0.1964734047651291,0.6426833868026733,0.1907386034727096,-1.4738694429397583,0.0360017567873001,-2.5878937244415283,1
2023-10-21 17:16:32.980,-1.3025026321411133,-0.2138139754533767,-0.4735260009765625,0.7057950496673584,-0.1938220262527465,0.6532273292541504,0.1938567161560058,-1.4992663860321045,0.0203336179256439,-2.5865554809570312,1
2023-10-21 17:16:33.000,-2.216799259185791,-0.6744475364685059,-1.2626819610595703,0.7053437829017639,-0.1937143802642822,0.6537047624588013,0.1939977258443832,-1.5004351139068604,0.0196372382342815,-2.586483955383301,1
2023-10-21 17:16:33.030,-2.338999032974243,-1.1931880712509155,-2.771819591522217,0.7001281976699829,-0.1925913244485855,0.6594306230545044,0.194628894329071,-1.5146424770355225,0.0129890814423561,-2.5870249271392822,1
2023-10-21 17:16:33.050,-2.7021324634552,-0.7318177223205566,-3.07969331741333,0.6959463357925415,-0.1914906203746795,0.6636755466461182,0.1962776035070419,-1.5250473022460938,0.0060051446780562,-2.586076259613037,1
2023-10-21 17:16:33.070,-2.839677095413208,-0.7734116911888123,-3.195789337158203,0.6959463357925415,-0.1914906203746795,0.6636755466461182,0.1962776035070419,-1.5250473022460938,0.0060051446780562,-2.586076259613037,1
2023-10-21 17:16:33.130,-1.7794511318206787,-1.992295503616333,-1.5255117416381836,0.6911996603012085,-0.190276026725769,0.6670140027999878,0.2028064727783203,-1.533011555671692,-0.0075121335685253,-2.578022003173828,1
2023-10-21 17:16:33.150,-1.7496250867843628,-1.1437479257583618,-0.3743019104003906,0.6910807490348816,-0.1902449429035186,0.6670525074005127,0.2031140327453613,-1.533090591430664,-0.0080262990668416,-2.5776052474975586,1
2023-10-21 17:16:33.170,-1.5451290607452393,-0.1170240640640258,0.3231420516967773,0.6904661655426025,-0.1907222419977188,0.6669338345527649,0.2051361501216888,-1.5331368446350098,-0.0102501520887017,-2.57387924194336,1
2023-10-21 17:16:33.200,-0.8934491872787476,1.006474852561951,-0.1740264892578125,0.690509021282196,-0.1915968507528305,0.6664523482322693,0.2057408690452575,-1.532521367073059,-0.0096344351768493,-2.5717053413391118,1
2023-10-21 17:16:33.220,-0.522663414478302,0.7181031703948975,-1.3915348052978516,0.690509021282196,-0.1915968507528305,0.6664523482322693,0.2057408690452575,-1.532521367073059,-0.0096344351768493,-2.5717053413391118,1
2023-10-21 17:16:33.280,-1.1754555702209473,0.477860540151596,-2.890866756439209,0.6929512023925781,-0.1964361518621444,0.6618727445602417,0.2077403217554092,-1.5241045951843262,-0.0027540063019841,-2.5616915225982666,1
2023-10-21 17:16:33.300,-1.5208321809768677,-0.1420686244964599,-2.480764865875244,0.6930049657821655,-0.1967307031154632,0.6616880893707275,0.2078703343868255,-1.5238471031188965,-0.0024199211038649,-2.561070442199707,1
2023-10-21 17:16:33.320,-1.5397260189056396,-0.640192985534668,-2.0094118118286133,0.6928306221961975,-0.1994231939315796,0.6606110334396362,0.2093067467212677,-1.5231313705444336,-0.0002076923847198,-2.5550193786621094,1
2023-10-21 17:16:33.380,-1.1210014820098877,-0.1298804879188537,-1.4474267959594729,0.6944027543067932,-0.2014575004577636,0.6570631861686707,0.2132787406444549,-1.5154023170471191,-0.0004899501800537,-2.546067953109741,1
2023-10-21 17:16:33.430,-0.8754753470420837,-0.4789641201496124,0.7202844619750977,0.7001184225082397,-0.2135422378778457,0.6419398784637451,0.228357657790184,-1.486067771911621,0.0058259698562324,-2.5056610107421875,1
2023-10-21 17:16:33.450,-0.6341427564620972,-0.5862864255905151,1.6405534744262695,0.700381875038147,-0.2142680436372757,0.6411535739898682,0.2290776073932647,-1.4846655130386353,0.0063911215402185,-2.503514051437378,1
2023-10-21 17:16:33.470,-0.2308954000473022,-0.5482916235923767,1.751726150512695,0.7013863921165466,-0.2226315289735794,0.6353572607040405,0.2341228425502777,-1.477136492729187,0.014798704534769,-2.4837777614593506,1
2023-10-21 17:16:33.530,-0.1179909706115722,0.1901107132434845,-0.3309192657470703,0.7008060812950134,-0.2304226756095886,0.6321196556091309,0.2370674908161163,-1.475968360900879,0.0232552979141473,-2.468055486679077,1
2023-10-21 17:16:33.550,-0.2987583875656128,-0.0720971822738647,-0.4179906845092773,0.7015672326087952,-0.2328467518091201,0.6307134628295898,0.2361914962530136,-1.474642634391785,0.0287809465080499,-2.465965986251831,1
2023-10-21 17:16:33.580,-0.9239177107810974,-0.4360716938972473,1.1283512115478516,0.7032496929168701,-0.2328110188245773,0.6298376321792603,0.2335456162691116,-1.472375988960266,0.033263050019741,-2.4701807498931885,1
2023-10-21 17:16:33.600,-0.4732229709625244,-0.3656694889068603,0.5098543167114258,0.7032496929168701,-0.2328110188245773,0.6298376321792603,0.2335456162691116,-1.472375988960266,0.033263050019741,-2.4701807498931885,1
2023-10-21 17:16:33.620,-0.1468918323516845,-0.0841698348522186,-0.3899412155151367,0.7062614560127258,-0.2328356802463531,0.6274849772453308,0.2307487577199936,-1.466426134109497,0.0393131002783775,-2.4746108055114746,1
2023-10-21 17:16:33.680,-0.1950448751449585,0.6770873069763184,-0.5822391510009766,0.7109923362731934,-0.2335109412670135,0.622426450252533,0.2292332947254181,-1.4542902708053589,0.0467042215168476,-2.4762532711029053,1
2023-10-21 17:16:33.700,-0.2020903825759887,0.323091059923172,-0.0186023712158203,0.7149349451065063,-0.2330576032400131,0.6178334951400757,0.2298564165830612,-1.4423563480377195,0.0492359511554241,-2.476166248321533,1
2023-10-21 17:16:33.720,-0.3434592485427856,0.1233719065785408,0.2871351242065429,0.7153235673904419,-0.2330112159252166,0.6173775792121887,0.2299196571111679,-1.441174030303955,0.0494825392961502,-2.4761579036712646,1
2023-10-21 17:16:33.750,-0.8150928020477295,0.1476451009511947,0.6930866241455078,0.7186035513877869,-0.2299811393022537,0.6137811541557312,0.2323582023382187,-1.429418444633484,0.0453118458390235,-2.476799726486206,1
2023-10-21 17:16:33.770,-0.9621501564979552,-0.0305259227752685,0.4650373458862304,0.7208649516105652,-0.2236820608377456,0.6122269034385681,0.2355809062719345,-1.4198474884033203,0.0340377539396286,-2.480616331100464,1
2023-10-21 17:16:33.830,-0.4345592260360718,-0.1551031172275543,-0.1777524948120117,0.7214970588684082,-0.2152279019355774,0.613119900226593,0.2391714602708816,-1.4146170616149902,0.0172919016331434,-2.4866230487823486,1
2023-10-21 17:16:33.850,-0.3602865934371948,-0.0507856905460357,-0.1806774139404297,0.7202341556549072,-0.2126351445913314,0.6148207187652588,0.2409245371818542,-1.4166148900985718,0.0100435512140393,-2.4873735904693604,1
2023-10-21 17:16:33.870,-0.3941032886505127,0.0817176550626754,-0.3194427490234375,0.7202341556549072,-0.2126351445913314,0.6148207187652588,0.2409245371818542,-1.4166148900985718,0.0100435512140393,-2.4873735904693604,1
2023-10-21 17:16:33.930,-0.3928238153457641,0.0527043938636779,-0.0538578033447265,0.7169426083564758,-0.2155533730983734,0.6168687343597412,0.2429055273532867,-1.4242464303970337,0.0093972580507397,-2.48014235496521,1
2023-10-21 17:16:33.980,-0.036961555480957,0.0488896667957305,0.1450815200805664,0.7176967263221741,-0.2116065770387649,0.6173446774482727,0.2429395914077758,-1.422030687332153,0.0037837715353816,-2.485548973083496,1
2023-10-21 17:16:34.000,-0.0787464380264282,-0.0695842057466507,0.0120954513549804,0.7180435657501221,-0.2067203521728515,0.6193997263908386,0.240882009267807,-1.4230377674102783,-0.0015360718825832,-2.495572566986084,1
2023-10-21 17:16:34.020,-0.2033178806304931,-0.2016611248254776,-0.0740575790405273,0.7180762887001038,-0.2062350064516067,0.6196038126945496,0.2406758517026901,-1.4231436252593994,-0.0020624115131795,-2.496570348739624,1
2023-10-21 17:16:34.080,-0.281200647354126,-0.0476321429014205,-0.0824174880981445,0.7157378196716309,-0.1997294723987579,0.6264708638191223,0.2352910339832306,-1.4350900650024414,-0.0088981967419385,-2.5141382217407227,1
2023-10-21 17:16:34.100,-0.2607898712158203,-0.0209639221429824,0.0379543304443359,0.7155998945236206,-0.1995342671871185,0.6267716288566589,0.2350751757621765,-1.435693383216858,-0.0091036325320601,-2.5147526264190674,1
2023-10-21 17:16:34.120,-0.209294319152832,-0.2003080397844314,0.0634422302246093,0.7143084406852722,-0.1985147595405578,0.6291801333427429,0.233426347374916,-1.440976858139038,-0.0101330820471048,-2.518795251846313,1
2023-10-21 17:16:34.130,-0.204683780670166,-0.2908175587654114,0.0183353424072265,0.7141802310943604,-0.1984146386384964,0.6294175386428833,0.2332634776830673,-1.4414992332458496,-0.0102328062057495,-2.519193410873413,1
2023-10-21 17:16:34.150,-0.0891262292861938,-0.3300402164459228,-0.0463991165161132,0.7127853035926819,-0.1972876191139221,0.6317263841629028,0.2322422713041305,-1.4464683532714844,-0.012180003337562,-2.52239203453064,1
2023-10-21 17:16:34.170,0.0087442398071289,-0.3066725134849548,-0.0668096542358398,0.7127853035926819,-0.1972876191139221,0.6317263841629028,0.2322422713041305,-1.4464683532714844,-0.012180003337562,-2.52239203453064,1
2023-10-21 17:16:34.230,0.0063157081604003,-0.1183440238237381,-0.1396074295043945,0.7112600803375244,-0.1958491057157516,0.6344576478004456,0.2306855618953704,-1.452294111251831,-0.0141216143965721,-2.5268747806549072,1
2023-10-21 17:16:34.250,-0.1652008295059204,-0.2115362584590912,-0.2673826217651367,0.7112292051315308,-0.1957968026399612,0.6345303058624268,0.2306253165006637,-1.4524385929107666,-0.0141651602461934,-2.527042865753174,1
2023-10-21 17:16:34.270,-0.1968719959259033,-0.3935239911079407,-0.3851985931396484,0.7110804915428162,-0.1954366862773895,0.6352260708808899,0.2294708788394928,-1.4539350271224976,-0.0135897705331444,-2.5293667316436768,1
2023-10-21 17:16:34.300,-0.1602019071578979,-0.4807233512401581,-0.0706634521484375,0.7105779647827148,-0.1952099651098251,0.6364709138870239,0.2277652621269226,-1.4569460153579712,-0.012508450075984,-2.5323758125305176,1
2023-10-21 17:16:34.320,-0.2126737833023071,-0.4684887230396271,0.2247934341430664,0.7105779647827148,-0.1952099651098251,0.6364709138870239,0.2277652621269226,-1.4569460153579712,-0.012508450075984,-2.5323758125305176,1
2023-10-21 17:16:34.380,-0.3143030405044555,-0.2800504565238952,0.2811002731323242,0.7095460295677185,-0.1960415542125702,0.6389183402061462,0.2233732044696808,-1.4638879299163818,-0.0072335335426032,-2.5381131172180176,1
2023-10-21 17:16:34.400,-0.4068601727485657,-0.3343497216701507,0.212010383605957,0.7082299590110779,-0.1959215700626373,0.6404330730438232,0.2233174741268158,-1.4676895141601562,-0.0085248490795493,-2.538381338119507,1
2023-10-21 17:16:34.420,-0.3955250978469848,-0.0730368643999099,0.2744455337524414,0.7077597379684448,-0.1959924697875976,0.6412101984024048,0.222514346241951,-1.4697483777999878,-0.0079258615151047,-2.539539337158203,1
2023-10-21 17:16:34.480,-0.2755769491195678,-0.246305763721466,0.011427879333496,0.710483193397522,-0.20103619992733,0.6381548047065735,0.2180749028921127,-1.465915560722351,0.0073346556164324,-2.5393686294555664,1
2023-10-21 17:16:34.530,0.4021157026290893,-0.3418161273002624,-1.2118892669677734,0.7131039500236511,-0.2014822661876678,0.6353729367256165,0.2172299921512603,-1.4591450691223145,0.0113117126747965,-2.5400874614715576,1
2023-10-21 17:16:34.550,0.4100433588027954,0.0029973052442073,-1.6413860321044922,0.7130069136619568,-0.201717808842659,0.6354921460151672,0.2169813066720962,-1.459640383720398,0.0118728093802928,-2.5401430130004883,1
2023-10-21 17:16:34.570,0.1489766836166381,0.5812728404998779,-1.6656012535095217,0.7142410278320312,-0.2023084163665771,0.6338191032409668,0.2172657400369644,-1.455843448638916,0.0135800242424011,-2.538895606994629,1
2023-10-21 17:16:34.630,-0.5892146229743958,1.2088547945022583,1.0292911529541016,0.7151468992233276,-0.2110888212919235,0.6317911744117737,0.2117698788642883,-1.4579275846481323,0.0343371145427227,-2.5351390838623047,1
2023-10-21 17:16:34.650,-0.6480376720428467,0.8737398386001587,1.645829200744629,0.716185986995697,-0.2121393382549286,0.6299371123313904,0.2127297967672348,-1.4541045427322388,0.0358573459088802,-2.5322301387786865,1
2023-10-21 17:16:34.670,-0.4180226922035217,0.5342716574668884,1.7167587280273438,0.716185986995697,-0.2121393382549286,0.6299371123313904,0.2127297967672348,-1.4541045427322388,0.0358573459088802,-2.5322301387786865,1
2023-10-21 17:16:34.680,-0.496180772781372,0.2949959933757782,1.300210952758789,0.7139595746994019,-0.2118376642465591,0.6319625377655029,0.2144990414381027,-1.459012508392334,0.0313814841210842,-2.529823064804077,1
2023-10-21 17:16:34.700,-0.7366058826446533,0.0877363383769989,0.904958724975586,0.7139595746994019,-0.2118376642465591,0.6319625377655029,0.2144990414381027,-1.459012508392334,0.0313814841210842,-2.529823064804077,1
2023-10-21 17:16:34.720,-0.7013176679611206,-0.2592453062534332,0.7629871368408203,0.7103650569915771,-0.2125850021839141,0.6354040503501892,0.2155245244503021,-1.4684386253356934,0.0281393118202686,-2.527049779891968,1
2023-10-21 17:16:34.780,-0.7411288022994995,0.1926016509532928,-0.3315563201904297,0.7054437398910522,-0.2121840566396713,0.6400914788246155,0.2181971371173858,-1.4801323413848877,0.020036906003952,-2.5233521461486816,1
2023-10-21 17:16:34.800,-0.7097227573394775,0.3776631355285644,-0.7534751892089844,0.7024392485618591,-0.2129409611225128,0.6423517465591431,0.2204985916614532,-1.486605525016785,0.0158815495669841,-2.518667697906494,1
2023-10-21 17:16:34.820,-0.5328199863433838,0.451113760471344,-0.7193050384521484,0.7077445387840271,-0.2133818715810775,0.6364266276359558,0.2202885597944259,-1.471752643585205,0.0216464027762413,-2.518491268157959,1
2023-10-21 17:16:34.850,-0.2113529443740844,0.4708917140960693,-0.5372467041015625,0.7058283686637878,-0.2141958773136139,0.6379193067550659,0.221326470375061,-1.4762786626815796,0.0199955310672521,-2.5156846046447754,1
2023-10-21 17:16:34.870,-0.3376390337944031,0.4484081268310547,-0.5789651870727539,0.7047702074050903,-0.2149615436792373,0.6394162774085999,0.2196301519870758,-1.480776071548462,0.0221286006271839,-2.5171804428100586,1
2023-10-21 17:16:34.930,-0.4306526184082031,0.5002181529998779,-0.9833478927612304,0.7047814726829529,-0.2159855216741562,0.6400781273841858,0.2166413068771362,-1.4833523035049438,0.0271137785166502,-2.5203099250793457,1
2023-10-21 17:16:34.950,-0.3699884414672851,0.5307992696762085,-1.0470457077026367,0.7045060992240906,-0.2170133590698242,0.6406188011169434,0.2149044424295425,-1.4856284856796265,0.0304355230182409,-2.521491050720215,1
2023-10-21 17:16:34.970,-0.3575824499130249,0.3669816851615906,-1.1310176849365234,0.7045060992240906,-0.2170133590698242,0.6406188011169434,0.2149044424295425,-1.4856284856796265,0.0304355230182409,-2.521491050720215,1
2023-10-21 17:16:35.030,-0.6478990912437439,0.392883837223053,-1.202676773071289,0.7009575366973877,-0.2149081081151962,0.6446664929389954,0.2165136337280273,-1.4942636489868164,0.022126542404294,-2.521925687789917,1
2023-10-21 17:16:35.080,-0.2747302055358886,0.7421190738677979,-0.991440773010254,0.6977700591087341,-0.2104698419570922,0.6481339335441589,0.2207756638526916,-1.4994841814041138,0.0075347837992012,-2.5217058658599854,1
2023-10-21 17:16:35.100,-0.492165595293045,0.7962256669998169,-0.9886913299560548,0.695280909538269,-0.2070241421461105,0.6498870849609375,0.226654440164566,-1.5011630058288574,-0.0067197890020906,-2.517606496810913,1
2023-10-21 17:16:35.120,-0.7027180790901184,0.7287599444389343,-1.1218671798706057,0.695280909538269,-0.2070241421461105,0.6498870849609375,0.226654440164566,-1.5011630058288574,-0.0067197890020906,-2.517606496810913,1
2023-10-21 17:16:35.180,-1.2061467170715332,0.520244836807251,-0.8287649154663086,0.689751148223877,-0.2058896273374557,0.6522496342658997,0.2375359237194061,-1.5063705444335938,-0.0258430987596511,-2.50250506401062,1
2023-10-21 17:16:35.200,-1.243499517440796,0.8569649457931519,-1.3019485473632812,0.6894557476043701,-0.2059155404567718,0.6523858904838562,0.2379965484142303,-1.5067470073699951,-0.0265950020402669,-2.501761674880981,1
2023-10-21 17:16:35.220,-1.1537790298461914,0.8016469478607178,-1.759716510772705,0.6865988373756409,-0.2072263360023498,0.6536206007003784,0.2417013198137283,-1.511056661605835,-0.0314043536782264,-2.494216203689575,1
2023-10-21 17:16:35.230,-0.7906726002693176,0.5983350872993469,-1.9735918045043943,0.6863151788711548,-0.2073568701744079,0.6537417769432068,0.2420668452978134,-1.511481761932373,-0.0318794883787632,-2.4934701919555664,1
2023-10-21 17:16:35.250,-0.325768232345581,0.5016145706176758,-1.8618817329406736,0.6841802597045898,-0.2091260552406311,0.653733491897583,0.2465691715478897,-1.512928485870361,-0.0362291298806667,-2.4839892387390137,1
2023-10-21 17:16:35.270,-0.5869306325912476,0.5860655307769775,-0.6771564483642578,0.6841802597045898,-0.2091260552406311,0.653733491897583,0.2465691715478897,-1.512928485870361,-0.0362291298806667,-2.4839892387390137,1
2023-10-21 17:16:35.330,-0.6251227259635925,0.2180274128913879,1.064295768737793,0.6795960664749146,-0.2155434787273407,0.6524503231048584,0.2569025158882141,-1.5150184631347656,-0.0422798581421375,-2.45874285697937,1
2023-10-21 17:16:35.350,-0.6487888097763062,-1.2379170656204224,0.6674156188964844,0.6793985962867737,-0.2158681154251098,0.6523874402046204,0.2573113441467285,-1.515134334564209,-0.042425125837326,-2.457639694213867,1
2023-10-21 17:16:35.370,0.127777099609375,-1.7125988006591797,-0.0527887344360351,0.6780441999435425,-0.2191750258207321,0.651374340057373,0.2606338262557983,-1.5153708457946775,-0.0423322990536689,-2.447685956954956,1
2023-10-21 17:16:35.420,0.4166020154953003,0.0699546337127685,1.102642059326172,0.6770157814025879,-0.2223159074783325,0.6500759720802307,0.2638684511184692,-1.5147637128829956,-0.0420587062835693,-2.438076972961426,1
2023-10-21 17:16:35.480,1.9726967811584477,-0.8752496838569641,0.6394052505493164,0.677605390548706,-0.2264482080936432,0.646031379699707,0.2687297165393829,-1.507974624633789,-0.040341529995203,-2.4243550300598145,1
2023-10-21 17:16:35.500,1.9031355381011963,-1.1601706743240356,0.9261951446533204,0.6777035593986511,-0.2265854328870773,0.645800769329071,0.2689206004142761,-1.5075020790100098,-0.0402336195111274,-2.4238481521606445,1
2023-10-21 17:16:35.520,1.9795808792114256,-1.0594689846038818,1.259526252746582,0.6810244917869568,-0.226194143295288,0.6412964463233948,0.2716261446475982,-1.4955140352249146,-0.0403091683983802,-2.4199488162994385,1
2023-10-21 17:16:35.580,1.992345929145813,-0.9252474308013916,1.422480583190918,0.6859850287437439,-0.2241130918264389,0.635351836681366,0.2748197615146637,-1.478381633758545,-0.0417501628398895,-2.4175708293914795,1
2023-10-21 17:16:35.630,2.480719566345215,-0.0224910974502563,2.1293811798095703,0.6856201887130737,-0.2197944819927215,0.6350489854812622,0.2798718810081482,-1.4736956357955933,-0.0541000179946422,-2.4155662059783936,1
2023-10-21 17:16:35.650,2.060300827026367,0.0747197866439819,1.6494293212890625,0.6854416131973267,-0.219624251127243,0.6351715326309204,0.2801645398139953,-1.473854422569275,-0.0548533760011196,-2.415343761444092,1
2023-10-21 17:16:35.670,2.0456697940826416,0.0498117208480834,1.7635478973388672,0.6831822991371155,-0.2197812497615814,0.6363070607185364,0.2829689681529999,-1.476871371269226,-0.0598447136580944,-2.410705327987671,1
2023-10-21 17:16:35.730,1.9875354766845703,-0.6491224765777588,2.0666894912719727,0.6810417175292969,-0.2194100022315979,0.6370557546615601,0.2867079377174377,-1.47842276096344,-0.0664921328425407,-2.4052846431732178,1
2023-10-21 17:16:35.750,2.049590349197388,-0.040323793888092,1.859511375427246,0.680019736289978,-0.2180061638355255,0.6367206573486328,0.2909182012081146,-1.4762768745422363,-0.074037879705429,-2.4004547595977783,1
2023-10-21 17:16:35.770,1.5858646631240845,0.0816235542297363,1.3337287902832031,0.680019736289978,-0.2180061638355255,0.6367206573486328,0.2909182012081146,-1.4762768745422363,-0.074037879705429,-2.4004547595977783,1
2023-10-21 17:16:35.780,1.2990753650665283,-0.0714601874351501,0.985910415649414,0.6790814995765686,-0.2167674601078033,0.636546790599823,0.2943949103355407,-1.474697828292847,-0.0804735571146011,-2.3965601921081543,1
2023-10-21 17:16:35.800,1.350961208343506,-0.4541811347007751,0.8192348480224609,0.6790814995765686,-0.2167674601078033,0.636546790599823,0.2943949103355407,-1.474697828292847,-0.0804735571146011,-2.3965601921081543,1
2023-10-21 17:16:35.820,1.3244707584381104,-0.6441067457199097,0.4363727569580078,0.6803305149078369,-0.2161538451910019,0.6339036822319031,0.2976475954055786,-1.4673664569854736,-0.0833441466093063,-2.391913414001465,1
2023-10-21 17:16:35.880,0.8648877143859863,-0.3982175588607788,0.9217929840087892,0.6829631328582764,-0.2166294753551483,0.6288631558418274,0.3019341826438904,-1.454924464225769,-0.0839492529630661,-2.38382625579834,1
2023-10-21 17:16:35.900,0.7180156707763672,-0.3105685114860534,0.925389289855957,0.6857567429542542,-0.2187737077474594,0.6233534216880798,0.3054607808589935,-1.4428939819335938,-0.080857016146183,-2.374621629714966,1
2023-10-21 17:16:35.920,0.7774388790130615,-0.4306362271308899,0.4873437881469726,0.686031699180603,-0.2189870476722717,0.6228052377700806,0.3058086931705475,-1.4417041540145874,-0.0805414319038391,-2.373710870742798,1
2023-10-21 17:16:35.970,0.8967399597167969,0.1918079257011413,0.1579113006591797,0.6935149431228638,-0.2206333875656128,0.6119303107261658,0.3096759617328644,-1.416043996810913,-0.0730400532484054,-2.364198446273804,1
2023-10-21 17:16:36.030,0.23787522315979,-0.4572416543960571,-0.2377510070800781,0.6976168155670166,-0.2217363864183426,0.6061722040176392,0.3109970092773437,-1.4028483629226685,-0.0677131712436676,-2.3600878715515137,1
2023-10-21 17:16:36.050,0.5012810230255127,-0.1780332922935485,-0.2169303894042968,0.7019437551498413,-0.2217272371053695,0.6011680364608765,0.3109809756278991,-1.3906030654907229,-0.0626645311713218,-2.3597960472106934,1
2023-10-21 17:16:36.070,0.6630475521087646,0.1327807903289795,-0.0281028747558593,0.7019437551498413,-0.2217272371053695,0.6011680364608765,0.3109809756278991,-1.3906030654907229,-0.0626645311713218,-2.3597960472106934,1
2023-10-21 17:16:36.130,0.8096566200256348,-0.1578965187072754,1.1211814880371094,0.7113591432571411,-0.2191747277975082,0.5908979177474976,0.3110791146755218,-1.3633873462677002,-0.0558371059596538,-2.362417221069336,1
2023-10-21 17:16:36.180,1.0999550819396973,-0.5018818974494934,1.0103740692138672,0.7152191400527954,-0.2180790156126022,0.5863864421844482,0.3115350306034088,-1.351548671722412,-0.053436703979969,-2.3628411293029785,1
2023-10-21 17:16:36.200,2.0038857460021973,-0.6788458824157715,1.2694101333618164,0.7175999879837036,-0.2179630845785141,0.5825552940368652,0.3133237361907959,-1.3422600030899048,-0.0522599853575229,-2.359740257263184,1
2023-10-21 17:16:36.220,2.333498239517212,-0.0144867897033691,1.8707036972045896,0.7175999879837036,-0.2179630845785141,0.5825552940368652,0.3133237361907959,-1.3422600030899048,-0.0522599853575229,-2.359740257263184,1
2023-10-21 17:16:36.280,1.972541093826294,-0.3647327423095703,1.2467660903930664,0.7203054428100586,-0.2174301445484161,0.5774223208427429,0.3169664740562439,-1.3295133113861084,-0.0528393648564815,-2.353921175003052,1
2023-10-21 17:16:36.300,2.2283859252929688,-0.3187820315361023,1.2082624435424805,0.7204320430755615,-0.2173608839511871,0.5772112011909485,0.3171106874942779,-1.3289473056793213,-0.0529168993234634,-2.3537518978118896,1
2023-10-21 17:16:36.320,2.2186279296875,-0.1866831183433532,1.3138103485107422,0.7214944958686829,-0.216683879494667,0.5757067799568176,0.3178922832012176,-1.3247549533843994,-0.0533783547580242,-2.3532044887542725,1
2023-10-21 17:16:36.330,2.1259560585021973,-0.1931729316711425,1.345367431640625,0.7215993404388428,-0.2166168093681335,0.5755583047866821,0.3179689049720764,-1.3243412971496582,-0.0534236021339893,-2.353151321411133,1
2023-10-21 17:16:36.350,1.948826551437378,-0.4881712794303894,1.1454429626464844,0.7220877408981323,-0.2154931873083114,0.5748578310012817,0.3188895583152771,-1.3216452598571775,-0.0554507486522197,-2.352976560592652,1
2023-10-21 17:16:36.370,1.7882704734802246,-0.5945761203765869,1.0116424560546875,0.7220877408981323,-0.2154931873083114,0.5748578310012817,0.3188895583152771,-1.3216452598571775,-0.0554507486522197,-2.352976560592652,1
2023-10-21 17:16:36.430,1.6988184452056885,-0.7350120544433594,0.9853582382202148,0.7204264402389526,-0.2175577729940414,0.5753140449523926,0.3204186856746673,-1.3245795965194702,-0.0552420802414417,-2.347693920135498,1
2023-10-21 17:16:36.450,1.7024564743041992,-0.8600733280181885,0.6450328826904297,0.7204264402389526,-0.2175577729940414,0.5753140449523926,0.3204186856746673,-1.3245795965194702,-0.0552420802414417,-2.347693920135498,1
2023-10-21 17:16:36.470,1.5662155151367188,-0.6817177534103394,0.3901376724243164,0.7197232842445374,-0.2196301370859146,0.5757299065589905,0.3198377192020416,-1.327479600906372,-0.05215809866786,-2.3460323810577397,1
2023-10-21 17:16:36.520,1.8513580560684204,-0.5459421873092651,0.214818000793457,0.7178685069084167,-0.2191014587879181,0.5784316658973694,0.3194937705993652,-1.3333934545516968,-0.0550663955509662,-2.347453594207764,1
2023-10-21 17:16:36.580,2.050997257232666,-1.0913482904434204,-0.170083999633789,0.7114475965499878,-0.2192888557910919,0.586751401424408,0.3185555636882782,-1.353405475616455,-0.061840184032917,-2.349295854568481,1
2023-10-21 17:16:36.600,1.8909671306610107,-1.088126540184021,-0.0830965042114257,0.7111740112304688,-0.2194296419620514,0.5870764255523682,0.3184704780578613,-1.3543146848678589,-0.0618671476840972,-2.349276065826416,1
2023-10-21 17:16:36.620,1.6220847368240356,-0.7729692459106445,0.1121711730957031,0.7090342044830322,-0.220244750380516,0.5899768471717834,0.3173171877861023,-1.3620444536209106,-0.0621374696493148,-2.350348234176636,1
2023-10-21 17:16:36.680,1.190748691558838,-0.4135873317718506,0.0846576690673828,0.70667964220047,-0.2207314074039459,0.5938276648521423,0.3150401711463928,-1.3718105554580688,-0.0622264817357063,-2.3538119792938232,1
2023-10-21 17:16:36.700,1.2047935724258425,-0.0272495150566101,-0.1672945022583007,0.7045609951019287,-0.2222559154033661,0.5969452261924744,0.3128141164779663,-1.3807944059371948,-0.060316652059555,-2.355739116668701,1
2023-10-21 17:16:36.730,0.660768985748291,0.0049144327640533,-0.4376678466796875,0.7017955183982849,-0.2243633866310119,0.6005598902702332,0.3105994462966919,-1.3915586471557615,-0.0581855326890945,-2.3568577766418457,1
2023-10-21 17:16:36.750,0.4812937974929809,-0.1006536185741424,-0.5912656784057617,0.7015411853790283,-0.2245571315288543,0.6008867025375366,0.3104018867015838,-1.3925371170043943,-0.0579930730164051,-2.356947660446167,1
2023-10-21 17:16:36.770,0.3150500059127807,-0.0374751091003418,-0.8301448822021484,0.6981092691421509,-0.2275617867708206,0.6052438616752625,0.3074720799922943,-1.406017184257507,-0.0544921681284904,-2.358031749725342,1
2023-10-21 17:16:36.830,-1.0912885665893557,0.6097993850708008,-0.5000715255737305,0.6940462589263916,-0.2311996817588806,0.6108348965644836,0.3028651773929596,-1.4232293367385864,-0.0490943975746631,-2.360997676849365,1
2023-10-21 17:16:36.850,-1.7600677013397217,0.8547126054763794,-0.0638236999511718,0.6916866898536682,-0.2337657809257507,0.6147546768188477,0.2983283698558807,-1.4353952407836914,-0.0434257946908474,-2.365106105804444,1
2023-10-21 17:16:36.870,-2.1380298137664795,0.5428884029388428,-0.2770404815673828,0.6916866898536682,-0.2337657809257507,0.6147546768188477,0.2983283698558807,-1.4353952407836914,-0.0434257946908474,-2.365106105804444,1
2023-10-21 17:16:36.880,-1.9697661399841309,-0.3941412270069122,-0.8555707931518555,0.6903215646743774,-0.2365987449884414,0.6174747347831726,0.2936021685600281,-1.4448909759521484,-0.0359331518411636,-2.368994951248169,1
2023-10-21 17:16:36.900,-1.878056049346924,-0.649395227432251,-1.4115400314331057,0.6903215646743774,-0.2365987449884414,0.6174747347831726,0.2936021685600281,-1.4448909759521484,-0.0359331518411636,-2.368994951248169,1
2023-10-21 17:16:36.920,-1.5039565563201904,0.1628124415874481,-1.335301399230957,0.6895994544029236,-0.2397146224975586,0.6193293929100037,0.2888264060020447,-1.452541470527649,-0.0271465443074703,-2.372435569763184,1
2023-10-21 17:16:36.980,-1.2554882764816284,1.8309166431427,0.6886281967163086,0.6888127326965332,-0.2411206215620041,0.6215609312057495,0.2847103476524353,-1.459494709968567,-0.0217574723064899,-2.3771564960479736,1
2023-10-21 17:16:37.000,-1.2717020511627195,1.229015827178955,0.4038753509521484,0.6892581582069397,-0.2400137782096862,0.623142659664154,0.2810869812965393,-1.462390422821045,-0.0194529052823781,-2.3845999240875244,1
2023-10-21 17:16:37.020,-1.1377606391906738,0.5911211371421814,-0.121647834777832,0.6893028020858765,-0.2399016171693802,0.6232982277870178,0.2807281017303467,-1.4626728296279907,-0.0192261263728141,-2.385339736938477,1
2023-10-21 17:16:37.070,-1.4742696285247805,0.2229254245758056,-0.6440391540527344,0.6899927854537964,-0.238066092133522,0.6253018975257874,0.2761016488075256,-1.4659454822540283,-0.0167667679488658,-2.395413637161255,1
2023-10-21 17:16:37.130,-1.3117433786392212,0.013882577419281,-1.983999252319336,0.6917568445205688,-0.2339251041412353,0.630408763885498,0.2633180618286133,-1.4749184846878052,-0.0083575323224067,-2.421753168106079,1
2023-10-21 17:16:37.150,-1.119515895843506,-0.1211868524551391,-2.236644744873047,0.6914552450180054,-0.2319914102554321,0.6331537365913391,0.259202778339386,-1.480076789855957,-0.0074071367271244,-2.431051015853882,1
2023-10-21 17:16:37.170,-0.9976184368133544,-0.291090190410614,-2.188681125640869,0.6914552450180054,-0.2319914102554321,0.6331537365913391,0.259202778339386,-1.480076789855957,-0.0074071367271244,-2.431051015853882,1
2023-10-21 17:16:37.230,-0.4684820175170898,0.0097482204437255,-1.3764991760253906,0.694035530090332,-0.2267986685037613,0.6324746608734131,0.2585594952106476,-1.4735596179962158,-0.01225230935961,-2.4394748210906982,1
2023-10-21 17:16:37.250,-0.4396846294403076,0.4498633146286011,-0.8507156372070312,0.6942206025123596,-0.2264973372220993,0.6323550343513489,0.2586191594600677,-1.472980499267578,-0.0126003380864858,-2.439807415008545,1
2023-10-21 17:16:37.280,-0.2052041292190551,0.7840961813926697,0.0850830078125,0.6952134370803833,-0.2212058454751968,0.6323680877685547,0.2604935467243194,-1.4682350158691406,-0.0218868143856525,-2.4443347454071045,1
2023-10-21 17:16:37.300,-0.3211616277694702,0.5564708709716797,0.0806875228881836,0.695364236831665,-0.2148363292217254,0.6336961984634399,0.2621890008449554,-1.4659968614578247,-0.0335236079990863,-2.4506373405456543,1
2023-10-21 17:16:37.320,-0.2757941484451294,0.2960373759269714,-0.1805925369262695,0.695364236831665,-0.2148363292217254,0.6336961984634399,0.2621890008449554,-1.4659968614578247,-0.0335236079990863,-2.4506373405456543,1
2023-10-21 17:16:37.380,-0.0103366374969482,-0.355225920677185,-0.3805522918701172,0.6944035887718201,-0.2068202644586563,0.6384873390197754,0.2595438361167907,-1.4714173078536987,-0.0442118421196937,-2.4662413597106934,1
2023-10-21 17:16:37.400,0.3360912799835205,-0.2328465580940246,0.0077600479125976,0.6943413019180298,-0.2064584344625473,0.6387323141098022,0.2593957185745239,-1.471743941307068,-0.0446785017848014,-2.466992855072021,1
2023-10-21 17:16:37.420,0.2306450605392456,-0.1606477499008178,0.1416692733764648,0.694179892539978,-0.2026669681072235,0.6402199268341064,0.2591504454612732,-1.4724235534667969,-0.0504733324050903,-2.472739696502685,1
2023-10-21 17:16:37.430,-0.2094181776046753,0.1583042740821838,0.7052364349365234,0.6941637396812439,-0.2022912353277206,0.6403656005859375,0.259127140045166,-1.472489833831787,-0.0510479174554348,-2.4733071327209477,1
2023-10-21 17:16:37.450,-0.6247211694717407,0.182449460029602,1.1739015579223633,0.6952456831932068,-0.1992655545473098,0.6397503614425659,0.2600890100002289,-1.4684336185455322,-0.055735919624567,-2.475942373275757,1
2023-10-21 17:16:37.470,-0.736212968826294,0.1902686357498169,1.1149263381958008,0.6952456831932068,-0.1992655545473098,0.6397503614425659,0.2600890100002289,-1.4684336185455322,-0.055735919624567,-2.475942373275757,1
2023-10-21 17:16:37.530,-0.7187955379486084,0.1090033054351806,0.1083889007568359,0.6993959546089172,-0.1941885948181152,0.6351091265678406,0.2641449868679046,-1.45242440700531,-0.0639359131455421,-2.4761502742767334,1
2023-10-21 17:16:37.550,-0.5381041765213013,-0.082286924123764,0.1497993469238281,0.6993959546089172,-0.1941885948181152,0.6351091265678406,0.2641449868679046,-1.45242440700531,-0.0639359131455421,-2.4761502742767334,1
2023-10-21 17:16:37.570,-0.4619814157485962,-0.3196205794811249,0.6093740463256836,0.7019963264465332,-0.1923168450593948,0.6326217651367188,0.2645850777626037,-1.4445894956588743,-0.0647984817624092,-2.477816104888916,1
2023-10-21 17:16:37.620,-0.5742453336715698,-0.3675593435764313,0.100285530090332,0.7046730518341064,-0.1930200904607772,0.6304941773414612,0.2620235383510589,-1.439758062362671,-0.0584097281098365,-2.480823278427124,1
2023-10-21 17:16:37.680,-0.3356990814208984,-0.3522699773311615,0.3199853897094726,0.713168203830719,-0.197338730096817,0.6222621202468872,0.2554179728031158,-1.422460436820984,-0.0364105068147182,-2.4851415157318115,1
2023-10-21 17:16:37.700,-0.1288435459136963,-0.0691102147102356,0.1070432662963867,0.713168203830719,-0.197338730096817,0.6222621202468872,0.2554179728031158,-1.422460436820984,-0.0364105068147182,-2.4851415157318115,1
2023-10-21 17:16:37.720,0.005149483680725,0.1647901237010955,-0.0796871185302734,0.7165972590446472,-0.1975724399089813,0.6193486452102661,0.2527068257331848,-1.4153573513031006,-0.0298719722777605,-2.489084243774414,1
2023-10-21 17:16:37.780,-0.054146409034729,-0.1187946796417236,0.2323436737060547,0.71798175573349,-0.1990597695112228,0.6187546253204346,0.2490384131669998,-1.4150934219360352,-0.0223466269671916,-2.492957592010498,1
2023-10-21 17:16:37.800,0.0509030818939209,-0.4081111550331116,0.1023359298706054,0.7167192101478577,-0.2011264115571975,0.6210084557533264,0.2453780472278595,-1.4224393367767334,-0.0164620857685804,-2.49606728553772,1
2023-10-21 17:16:37.830,-0.1202263832092285,-0.3719072043895721,0.0840110778808593,0.7150915861129761,-0.2038381248712539,0.6235455870628357,0.2414228767156601,-1.4310537576675415,-0.0095506273210048,-2.4987027645111084,1
2023-10-21 17:16:37.850,-0.1942238807678222,-0.2382696270942688,0.2285690307617187,0.7149419188499451,-0.204086422920227,0.6237736940383911,0.241066962480545,-1.4318337440490725,-0.0089226951822638,-2.498929977416992,1
2023-10-21 17:16:37.870,-0.132970929145813,-0.2785089015960693,0.230259895324707,0.7138103246688843,-0.2051552981138229,0.6259387135505676,0.2378802001476287,-1.438182353973389,-0.0049129324033856,-2.502535343170166,1
2023-10-21 17:16:37.930,0.1287010908126831,-0.2561358511447906,-0.0892696380615234,0.7124912738800049,-0.2048360556364059,0.6284854412078857,0.2353817373514175,-1.4443622827529907,-0.0039802002720534,-2.5069468021392822,1
2023-10-21 17:16:37.950,0.0966367721557617,-0.2530295252799988,-0.1102199554443359,0.7105954885482788,-0.2055482864379882,0.6307913661003113,0.2343209385871887,-1.450803518295288,-0.0034918854944407,-2.5076394081115723,1
2023-10-21 17:16:37.970,0.0402802228927612,-0.1585757732391357,-0.018463134765625,0.7105954885482788,-0.2055482864379882,0.6307913661003113,0.2343209385871887,-1.450803518295288,-0.0034918854944407,-2.5076394081115723,1
2023-10-21 17:16:38.000,0.0287021398544311,-0.0369992554187774,0.1607275009155273,0.7080761194229126,-0.2073772251605987,0.6335085034370422,0.2330021411180496,-1.4592416286468506,-0.0015399461844936,-2.507164001464844,1
2023-10-21 17:16:38.020,0.123381495475769,0.071728229522705,0.1736516952514648,0.7061610817909241,-0.2087455838918686,0.6358652710914612,0.2311649024486541,-1.4664055109024048,0.0008365513058379,-2.508119583129883,1
2023-10-21 17:16:38.080,0.0513819456100463,0.2476116716861724,-0.0156669616699218,0.7052438855171204,-0.2055086195468902,0.6372588872909546,0.2330203652381897,-1.4672743082046509,-0.007121265400201,-2.5097761154174805,1
2023-10-21 17:16:38.100,-0.0797817707061767,0.3116086423397064,0.0549964904785156,0.7043612599372864,-0.2051328718662262,0.6388829350471497,0.2315693199634552,-1.4711308479309082,-0.0069161308929324,-2.512584924697876,1
2023-10-21 17:16:38.120,-0.1407662630081176,0.2575899362564087,-0.0421304702758789,0.7042693495750427,-0.205132246017456,0.6390488147735596,0.2313916981220245,-1.471556544303894,-0.006804518867284,-2.512864351272583,1
2023-10-21 17:16:38.170,-0.1394962072372436,0.2766644358634949,0.1438865661621093,0.7037460207939148,-0.2056576013565063,0.6403441429138184,0.228923350572586,-1.4753220081329346,-0.0037180271465331,-2.515978574752808,1
2023-10-21 17:16:38.230,-0.1035033464431762,0.1739066541194915,0.1751737594604492,0.7064344882965088,-0.2047829627990722,0.6377455592155457,0.2286807596683502,-1.4679256677627563,-0.0023487827274948,-2.5175797939300537,1
2023-10-21 17:16:38.250,-0.0779541730880737,0.1299784779548645,0.0176324844360351,0.7060815095901489,-0.2051847130060196,0.6378909349441528,0.2290052026510238,-1.4686295986175537,-0.0024064206518232,-2.516508817672729,1
2023-10-21 17:16:38.270,-0.1586909294128418,0.0670041441917419,-0.0947580337524414,0.7060815095901489,-0.2051847130060196,0.6378909349441528,0.2290052026510238,-1.4686295986175537,-0.0024064206518232,-2.516508817672729,1
2023-10-21 17:16:38.330,-0.1335225105285644,0.0571870803833007,-0.0539808273315429,0.7056582570075989,-0.2040292620658874,0.6372223496437073,0.2331658601760864,-1.4659605026245115,-0.009207259863615,-2.5116236209869385,1
2023-10-21 17:16:38.350,-0.1435416936874389,0.102070540189743,0.0210247039794921,0.7063012719154358,-0.1998788565397262,0.6363946795463562,0.2370415329933166,-1.460451364517212,-0.0193557608872652,-2.511326789855957,1
2023-10-21 17:16:38.380,-0.1004303693771362,0.2621752321720123,0.0501766204833984,0.7061794400215149,-0.1989219635725021,0.6363527774810791,0.2383185476064682,-1.459568977355957,-0.0223620105534791,-2.510647773742676,1
2023-10-21 17:16:38.400,-0.1373584270477295,0.2837193310260772,0.0137357711791992,0.7051856517791748,-0.1938798129558563,0.6373311281204224,0.24276103079319,-1.4580453634262085,-0.0360035598278045,-2.5106618404388428,1
2023-10-21 17:16:38.420,-0.1537067890167236,0.3074114322662353,-0.042245864868164,0.7051856517791748,-0.1938798129558563,0.6373311281204224,0.24276103079319,-1.4580453634262085,-0.0360035598278045,-2.5106618404388428,1
2023-10-21 17:16:38.480,0.0117311477661132,0.1347133517265319,0.1814794540405273,0.7002086043357849,-0.1903595775365829,0.6425316333770752,0.2462203055620193,-1.468659520149231,-0.0498464852571487,-2.5103256702423096,1
2023-10-21 17:16:38.500,0.0764951705932617,0.0063616782426834,0.1791391372680664,0.6987119317054749,-0.1892839223146438,0.6441220045089722,0.2471441626548767,-1.471935153007507,-0.0538982301950454,-2.510452508926392,1
2023-10-21 17:16:38.520,0.1248499155044555,-0.1841863691806793,-0.1240692138671875,0.6987574100494385,-0.1896358430385589,0.6439262628555298,0.2472556978464126,-1.471698522567749,-0.0534353889524936,-2.5097787380218506,1
2023-10-21 17:16:38.550,-0.0274474620819091,-0.7774267196655273,-1.1461639404296875,0.6986313462257385,-0.1904508918523788,0.6439798474311829,0.2468456923961639,-1.4724692106246948,-0.051840603351593,-2.509300708770752,1
2023-10-21 17:16:38.570,-0.500725269317627,-1.2190489768981934,-1.0689697265625,0.6986313462257385,-0.1904508918523788,0.6439798474311829,0.2468456923961639,-1.4724692106246948,-0.051840603351593,-2.509300708770752,1
2023-10-21 17:16:38.630,-0.8184112310409546,-0.1932989209890365,2.220086097717285,0.6988387107849121,-0.1959449052810669,0.6434969305992126,0.243191048502922,-1.475545048713684,-0.0391276180744171,-2.5073893070220947,1
2023-10-21 17:16:38.650,-0.8623424172401428,0.1261784136295318,2.352776527404785,0.6987078189849854,-0.1958690285682678,0.6436142325401306,0.2433177381753921,-1.4757874011993408,-0.0395053550601005,-2.5073018074035645,1
2023-10-21 17:16:38.670,-0.7738162279129028,0.3938502967357635,1.652261734008789,0.6994407176971436,-0.1968119144439697,0.6428195834159851,0.2425505369901657,-1.4744873046875,-0.0365240424871444,-2.5071561336517334,1
2023-10-21 17:16:38.720,-0.3986794948577881,0.1239138543605804,-0.4954872131347656,0.6995574831962585,-0.1954588294029235,0.6428590416908264,0.2432025671005249,-1.473512053489685,-0.0392306335270404,-2.508018732070923,1
2023-10-21 17:16:38.780,-0.2329532504081726,-0.0573164820671081,-1.0432815551757812,0.7008216381072998,-0.1942597031593322,0.6423776149749756,0.2417919188737869,-1.471331000328064,-0.0383700393140316,-2.511876344680786,1
2023-10-21 17:16:38.800,-0.3444802165031433,-0.1900747716426849,-0.7738847732543945,0.7008216381072998,-0.1942597031593322,0.6423776149749756,0.2417919188737869,-1.471331000328064,-0.0383700393140316,-2.511876344680786,1
2023-10-21 17:16:38.820,-0.4108272194862366,-0.4687340855598449,-0.4929380416870117,0.7039754986763,-0.1963796764612198,0.6388375163078308,0.2402917444705963,-1.463899850845337,-0.0305265504866838,-2.5111491680145264,1
2023-10-21 17:16:38.880,-1.126412272453308,-0.6819460391998291,-0.0997247695922851,0.7048594951629639,-0.1956793069839477,0.6368533968925476,0.2435169517993927,-1.458237886428833,-0.0343231000006198,-2.506965160369873,1
2023-10-21 17:16:38.900,-1.2384581565856934,-0.7345808148384094,-0.4151554107666015,0.7046909332275391,-0.1922683715820312,0.63661128282547,0.2473250925540924,-1.4549076557159424,-0.0439344719052314,-2.505634069442749,1
2023-10-21 17:16:38.930,-1.0364131927490234,-0.6121083498001099,-0.5524425506591797,0.7044525742530823,-0.1880921423435211,0.6370671987533569,0.2500267624855041,-1.4528204202651978,-0.0535893589258194,-2.5070993900299072,1
2023-10-21 17:16:38.950,-0.9311351776123048,-0.6101817488670349,-0.4493141174316406,0.7044299840927124,-0.1877117753028869,0.6371146440505981,0.250255137681961,-1.4526485204696655,-0.05444972589612,-2.5072593688964844,1
2023-10-21 17:16:38.970,-0.916802167892456,-0.5367257595062256,-0.330179214477539,0.7028845548629761,-0.1874494105577469,0.6390470862388611,0.249869704246521,-1.457413911819458,-0.0558754913508892,-2.5083515644073486,1
2023-10-21 17:16:39.030,-0.7251200079917908,-0.0670021772384643,-1.802903652191162,0.7016046643257141,-0.1901270747184753,0.6408072710037231,0.2469184845685959,-1.4640265703201294,-0.0496866665780544,-2.5094470977783203,1
2023-10-21 17:16:39.050,-0.9041585922241212,-0.1250806152820587,-2.148070335388184,0.7011478543281555,-0.1928722262382507,0.6420749425888062,0.2427587807178497,-1.4694565534591677,-0.0412865132093429,-2.512269258499145,1
2023-10-21 17:16:39.070,-1.0266906023025513,-0.3273108005523681,-2.3269147872924805,0.7011478543281555,-0.1928722262382507,0.6420749425888062,0.2427587807178497,-1.4694565534591677,-0.0412865132093429,-2.512269258499145,1
2023-10-21 17:16:39.100,-1.159172773361206,-0.9889745116233826,-2.104194164276123,0.7020472884178162,-0.1929866075515747,0.6430699825286865,0.2373750358819961,-1.4721440076828003,-0.0343328192830085,-2.5205941200256348,1
2023-10-21 17:16:39.120,-1.2014408111572266,-1.3237775564193726,-1.9955697059631348,0.7038182616233826,-0.1897305101156234,0.6441554427146912,0.2317456901073455,-1.4724570512771606,-0.031494103372097,-2.533956289291382,1
2023-10-21 17:16:39.180,-0.7671658396720886,-2.070369005203247,-1.047773361206055,0.7040659785270691,-0.1858967244625091,0.6461896896362305,0.22841277718544,-1.4748330116271973,-0.0334350764751434,-2.544550657272339,1
2023-10-21 17:16:39.200,-1.1222498416900637,-2.0088419914245605,-0.252817153930664,0.7036701440811157,-0.1834245026111602,0.6478684544563293,0.2268707305192947,-1.4773566722869873,-0.0358317568898201,-2.550447940826416,1
2023-10-21 17:16:39.220,-0.7452508211135864,-0.9230384826660156,0.3135833740234375,0.7036299109458923,-0.1831806153059005,0.6480340957641602,0.22671939432621,-1.4776076078414917,-0.0360688976943492,-2.5510284900665283,1
2023-10-21 17:16:39.280,1.0836619138717651,0.2832998633384704,-0.1636066436767578,0.7034578323364258,-0.176759585738182,0.65047287940979,0.225362628698349,-1.4792959690093994,-0.0445134118199348,-2.562143564224243,1
2023-10-21 17:16:39.330,0.7369704246520996,0.3666881322860718,-0.9096994400024414,0.7045028209686279,-0.1711843013763427,0.6514190435409546,0.2236625850200653,-1.4778472185134888,-0.0502176024019718,-2.5725252628326416,1
2023-10-21 17:16:39.350,0.8482455015182495,1.0674959421157837,-0.6108283996582031,0.7063401341438293,-0.1670109033584594,0.6516892313957214,0.2202094197273254,-1.4757121801376345,-0.0511054508388042,-2.583634614944458,1
2023-10-21 17:16:39.370,0.8935109376907349,1.37849760055542,-0.4777631759643554,0.7063401341438293,-0.1670109033584594,0.6516892313957214,0.2202094197273254,-1.4757121801376345,-0.0511054508388042,-2.583634614944458,1
2023-10-21 17:16:39.430,2.031325340270996,1.1441643238067627,0.3668832778930664,0.7130096554756165,-0.1614713221788406,0.6488078832626343,0.2111696898937225,-1.4645442962646484,-0.0437698774039745,-2.6050713062286377,1
2023-10-21 17:16:39.450,2.225693702697754,0.7021045684814453,0.8415374755859375,0.7133333683013916,-0.1612739413976669,0.6486351490020752,0.2107577621936798,-1.4639668464660645,-0.0433391854166984,-2.605970621109009,1
2023-10-21 17:16:39.480,2.7915096282958984,1.0518559217453003,1.713520050048828,0.7178975939750671,-0.1611398011445999,0.6441227197647095,0.2091962844133377,-1.4521523714065552,-0.0381416603922843,-2.6083595752716064,1
2023-10-21 17:16:39.500,2.079896926879883,1.0292335748672483,2.067397117614746,0.7220163941383362,-0.1653214395046234,0.6383915543556213,0.2093261927366256,-1.4401216506958008,-0.0285384505987167,-2.602261066436768,1
2023-10-21 17:16:39.520,1.6921617984771729,0.1721609979867935,2.316835403442383,0.7220163941383362,-0.1653214395046234,0.6383915543556213,0.2093261927366256,-1.4401216506958008,-0.0285384505987167,-2.602261066436768,1
2023-10-21 17:16:39.580,1.622273087501526,0.6525130271911621,1.562704086303711,0.7217435240745544,-0.1715841889381408,0.6367164850234985,0.2103266417980194,-1.4400960206985474,-0.0201586727052927,-2.592151403427124,1
2023-10-21 17:16:39.600,1.332951307296753,0.7014728784561157,1.0156145095825195,0.7216563820838928,-0.171730563044548,0.6367431282997131,0.2104256749153137,-1.4402660131454468,-0.0201146453619003,-2.5917980670928955,1
2023-10-21 17:16:39.620,1.616349458694458,0.6768975853919983,1.0291767120361328,0.7200914621353149,-0.173001080751419,0.6372308731079102,0.2132506519556045,-1.4423961639404297,-0.0226285401731729,-2.585657119750977,1
2023-10-21 17:16:39.650,1.782959222793579,0.232562780380249,1.8237924575805664,0.718237042427063,-0.1759408265352249,0.6370946168899536,0.2174646556377411,-1.4441096782684326,-0.0243590716272592,-2.5750436782836914,1
2023-10-21 17:16:39.670,1.5144457817077637,0.0817465931177139,1.9288206100463867,0.718237042427063,-0.1759408265352249,0.6370946168899536,0.2174646556377411,-1.4441096782684326,-0.0243590716272592,-2.5750436782836914,1
2023-10-21 17:16:39.730,1.23730731010437,0.0193223804235458,1.4471702575683594,0.7185018658638,-0.1833698451519012,0.6323439478874207,0.2242135107517242,-1.437340497970581,-0.0200583077967166,-2.554175853729248,1
2023-10-21 17:16:39.750,1.1497187614440918,-0.2116962075233459,1.2262868881225586,0.7185018658638,-0.1833698451519012,0.6323439478874207,0.2242135107517242,-1.437340497970581,-0.0200583077967166,-2.554175853729248,1
2023-10-21 17:16:39.770,1.2272145748138428,-0.2166259735822677,0.7660675048828125,0.7210724949836731,-0.185460165143013,0.6284798383712769,0.2251049131155014,-1.4290701150894165,-0.0154879922047257,-2.549839973449707,1
2023-10-21 17:16:39.830,0.6994650363922119,-0.231142058968544,1.3065481185913086,0.7227848768234253,-0.1863687187433242,0.6258813142776489,0.2261002510786056,-1.423168420791626,-0.013615284115076,-2.546983480453491,1
2023-10-21 17:16:39.880,1.2408788204193115,0.1052139922976493,1.0365734100341797,0.7240599989891052,-0.1880433857440948,0.6222214102745056,0.2306890934705734,-1.415191888809204,-0.0147705385461449,-2.537353038787842,1
2023-10-21 17:16:39.900,1.916677951812744,-0.5378303527832031,1.5025691986083984,0.7240599989891052,-0.1880433857440948,0.6222214102745056,0.2306890934705734,-1.415191888809204,-0.0147705385461449,-2.537353038787842,1
2023-10-21 17:16:39.920,1.9554831981658936,0.3157553672790527,1.0233697891235352,0.726352334022522,-0.1896632313728332,0.6182120442390442,0.2329251170158386,-1.406360149383545,-0.0124698830768466,-2.53152847290039,1
2023-10-21 17:16:39.980,0.484591007232666,-0.1912083923816681,0.7568378448486328,0.7298126220703125,-0.1908308565616607,0.6129913330078125,0.2349444180727005,-1.3942219018936155,-0.0094963843002915,-2.526649713516236,1
2023-10-21 17:16:40.000,0.7971920967102051,-0.3764159679412842,1.1077308654785156,0.7320045828819275,-0.1915463954210281,0.609774112701416,0.2359126955270767,-1.3867837190628052,-0.0072813080623745,-2.5240986347198486,1
2023-10-21 17:16:40.020,1.2300589084625244,-0.2185253798961639,1.5977096557617188,0.7322202920913696,-0.191616877913475,0.6094562411308289,0.2360077202320099,-1.386050581932068,-0.0070612719282507,-2.523848533630371,1
2023-10-21 17:16:40.030,1.4546258449554443,0.1460934430360794,1.7497577667236328,0.7342004179954529,-0.191655158996582,0.6065133213996887,0.2374020367860794,-1.3787950277328491,-0.0065484219230711,-2.521517276763916,1
2023-10-21 17:16:40.050,1.5549275875091553,0.0260799676179885,1.645747184753418,0.7343956828117371,-0.1916581243276596,0.6062217354774475,0.2375403195619583,-1.3780767917633057,-0.0064984718337655,-2.521286964416504,1
2023-10-21 17:16:40.070,1.697150468826294,-0.1357016563415527,1.3751716613769531,0.7370755076408386,-0.1915271282196045,0.6021839380264282,0.2396070510149002,-1.3680219650268557,-0.006235163193196,-2.518071413040161,1
2023-10-21 17:16:40.130,1.169819951057434,0.4348020553588867,0.9522705078125,0.7389866709709167,-0.1901439130306244,0.5997938513755798,0.2408139109611511,-1.3610705137252808,-0.0078498339280486,-2.517909526824951,1
2023-10-21 17:16:40.150,0.995679497718811,0.166519433259964,0.9548234939575196,0.7399923205375671,-0.1888406425714492,0.5989345908164978,0.2408898919820785,-1.357951045036316,-0.0090734418481588,-2.519491910934448,1
2023-10-21 17:16:40.170,1.253021478652954,-0.1126955896615982,0.9010829925537108,0.7399923205375671,-0.1888406425714492,0.5989345908164978,0.2408898919820785,-1.357951045036316,-0.0090734418481588,-2.519491910934448,1
2023-10-21 17:16:40.200,1.194742202758789,0.3276439011096954,0.5572404861450195,0.7407744526863098,-0.1871811151504516,0.5982933640480042,0.2413743138313293,-1.3550969362258911,-0.0115075865760445,-2.5208680629730225,1
2023-10-21 17:16:40.220,0.9444316625595092,0.3443396091461181,0.5385704040527344,0.741176187992096,-0.1845511496067047,0.5984110236167908,0.241874098777771,-1.3533697128295898,-0.015911117196083,-2.523488998413086,1
2023-10-21 17:16:40.280,1.2712363004684448,0.1718976646661758,0.2353925704956054,0.7394536733627319,-0.1843816637992859,0.6009994149208069,0.2408556491136551,-1.3595937490463257,-0.0168255753815174,-2.525425434112549,1
2023-10-21 17:16:40.300,1.3139415979385376,0.4486568570137024,0.0789346694946289,0.7367151379585266,-0.1865830719470977,0.6038340330123901,0.2404626011848449,-1.368247628211975,-0.0154824778437614,-2.523226737976074,1
2023-10-21 17:16:40.320,1.235161066055298,0.6172158718109131,-0.0672817230224609,0.736441969871521,-0.1868031322956085,0.6041144132614136,0.2404239475727081,-1.369107365608215,-0.0153484111651778,-2.5230042934417725,1
2023-10-21 17:16:40.380,1.043031096458435,-0.1766870766878128,-0.5714511871337891,0.7274395227432251,-0.1935542374849319,0.6126391887664795,0.2409185618162155,-1.3954633474349976,-0.0135947186499834,-2.513355493545532,1
2023-10-21 17:16:40.430,0.931007981300354,0.410127192735672,-0.7972354888916016,0.7219938039779663,-0.196775883436203,0.6177843809127808,0.2415506243705749,-1.4108555316925049,-0.0143109681084752,-2.508070945739746,1
2023-10-21 17:16:40.450,0.9931597709655762,0.548305094242096,-0.7940092086791992,0.7177542448043823,-0.1994326114654541,0.6210623979568481,0.2435918003320694,-1.4212030172348022,-0.016284916549921,-2.501240968704224,1
2023-10-21 17:16:40.470,0.9676673412322998,0.3079440891742706,-0.9115381240844728,0.7177542448043823,-0.1994326114654541,0.6210623979568481,0.2435918003320694,-1.4212030172348022,-0.016284916549921,-2.501240968704224,1
2023-10-21 17:16:40.530,1.0098847150802612,0.698508620262146,-1.024383544921875,0.7086822986602783,-0.2033288776874542,0.6279698014259338,0.2491599172353744,-1.4417766332626345,-0.0247411932796239,-2.4871644973754883,1
2023-10-21 17:16:40.550,1.0665227174758911,0.7729829549789429,-1.2010812759399414,0.7082629799842834,-0.203464925289154,0.6282944083213806,0.2494228631258011,-1.4427094459533691,-0.0252113230526447,-2.486567497253418,1
2023-10-21 17:16:40.570,0.7264715433120728,0.5993353724479675,-1.1990156173706057,0.7045835256576538,-0.2049126327037811,0.6310152411460876,0.2517791986465454,-1.4507970809936523,-0.029000949114561,-2.4809012413024902,1
2023-10-21 17:16:40.580,0.5213316679000854,0.2345497608184814,-0.9516839981079102,0.7045835256576538,-0.2049126327037811,0.6310152411460876,0.2517791986465454,-1.4507970809936523,-0.029000949114561,-2.4809012413024902,1
2023-10-21 17:16:40.600,0.2515914440155029,-0.0316193997859954,-0.2960519790649414,0.7005162239074707,-0.2071704715490341,0.6342737674713135,0.2530895173549652,-1.46096932888031,-0.0308084040880203,-2.475796937942505,1
2023-10-21 17:16:40.620,-0.1121948957443237,-0.0883725881576538,0.3499040603637695,0.7005162239074707,-0.2071704715490341,0.6342737674713135,0.2530895173549652,-1.46096932888031,-0.0308084040880203,-2.475796937942505,1
2023-10-21 17:16:40.680,-1.1430836915969849,-0.6371644735336304,1.014568328857422,0.6939774751663208,-0.2091237604618072,0.6401289701461792,0.2547500431537628,-1.4775972366333008,-0.0358991250395774,-2.470663070678711,1
2023-10-21 17:16:40.700,-1.9363502264022827,-0.9464467763900756,0.5061330795288086,0.6936975121498108,-0.2091524600982666,0.640381932258606,0.2548531293869018,-1.478271245956421,-0.0362375415861606,-2.470470666885376,1
2023-10-21 17:16:40.720,-2.262005090713501,-0.9489659070968628,-0.4525699615478515,0.6913291215896606,-0.2093459367752075,0.642412543296814,0.2560167908668518,-1.4836574792861938,-0.0394931584596633,-2.468454599380493,1
2023-10-21 17:16:40.750,-2.2554643154144287,-0.3669554591178894,-2.782780170440674,0.6889737248420715,-0.2090464234352111,0.6440648436546326,0.2584479451179504,-1.487656831741333,-0.0448745563626289,-2.465132236480713,1
2023-10-21 17:16:40.770,-2.32217025756836,0.0418666005134582,-3.2530293464660645,0.6889737248420715,-0.2090464234352111,0.6440648436546326,0.2584479451179504,-1.487656831741333,-0.0448745563626289,-2.465132236480713,1
2023-10-21 17:16:40.830,-2.115063428878784,-1.2778130769729614,-2.399905204772949,0.6858351826667786,-0.2090169638395309,0.645825207233429,0.2623964250087738,-1.4921647310256958,-0.0522458367049694,-2.459061861038208,1
2023-10-21 17:16:40.850,-1.998057961463928,-1.7179515361785889,-1.3672561645507812,0.6857458353042603,-0.2090537697076797,0.6458637714385986,0.2625055611133575,-1.4922950267791748,-0.0523941293358802,-2.4588406085968018,1
2023-10-21 17:16:40.870,-1.8186166286468504,-1.432992458343506,-0.3424768447875976,0.6864790916442871,-0.2091677337884903,0.6450287103652954,0.2625516951084137,-1.4902286529541016,-0.0515510439872741,-2.458558797836304,1
2023-10-21 17:16:40.930,-1.8041162490844729,0.2581849098205566,-1.7866954803466797,0.6887913346290588,-0.209197923541069,0.6425849795341492,0.2624641954898834,-1.4839409589767456,-0.0491434223949909,-2.4585154056549072,1
2023-10-21 17:16:40.980,-2.072807550430298,-0.0187771841883659,-1.9597525596618648,0.6904769539833069,-0.2106056064367294,0.6392017006874084,0.2651566863059997,-1.4764140844345093,-0.0481592006981372,-2.452100276947021,1
2023-10-21 17:16:41.000,-2.157002210617065,0.0291605293750762,-1.2997303009033203,0.6904769539833069,-0.2106056064367294,0.6392017006874084,0.2651566863059997,-1.4764140844345093,-0.0481592006981372,-2.452100276947021,1
2023-10-21 17:16:41.020,-2.005192279815674,-0.0296196341514587,-0.8089513778686523,0.6893082857131958,-0.2113682478666305,0.6396368741989136,0.2665375471115112,-1.4781739711761477,-0.0495990291237831,-2.4488680362701416,1
2023-10-21 17:16:41.080,-1.5744550228118896,-0.4440703690052032,-0.1058435440063476,0.6906983852386475,-0.2111606895923614,0.6382628083229065,0.2663973271846771,-1.4744714498519895,-0.0483851842582225,-2.449305534362793,1
2023-10-21 17:16:41.100,-1.693583846092224,-0.6042230129241943,0.1839857101440429,0.6934463381767273,-0.2113978266716003,0.6355096101760864,0.2656514048576355,-1.4676345586776731,-0.0444765985012054,-2.450017213821411,1
2023-10-21 17:16:41.120,-1.6029397249221802,-0.889838457107544,0.1192770004272461,0.693719208240509,-0.2114216238260269,0.635235071182251,0.2655768692493438,-1.466954469680786,-0.0440872646868228,-2.4500892162323,1
2023-10-21 17:16:41.130,-1.4323232173919678,-0.971124529838562,-0.1394100189208984,0.697256326675415,-0.2135995924472808,0.630905032157898,0.2648919522762298,-1.457813382148743,-0.0363840274512767,-2.447952508926392,1
2023-10-21 17:16:41.150,-1.261326551437378,-0.9710096716880798,-0.4125595092773437,0.6976059675216675,-0.2138167321681976,0.6304735541343689,0.2648236751556396,-1.4569072723388672,-0.0356165058910846,-2.447742223739624,1
2023-10-21 17:16:41.170,-1.079885482788086,-0.7401078343391418,-0.5847978591918945,0.7006535530090332,-0.2166095376014709,0.6266726851463318,0.26352658867836,-1.4497343301773071,-0.0267565585672855,-2.4457952976226807,1
2023-10-21 17:16:41.230,-1.0055145025253296,-0.4062293171882629,-0.1262445449829101,0.7013869285583496,-0.2188894599676132,0.6261577010154724,0.2609030902385711,-1.4504549503326416,-0.0196818299591541,-2.446794271469116,1
2023-10-21 17:16:41.250,-0.7829821109771729,-0.167802095413208,-0.0409173965454101,0.7017064094543457,-0.2198088467121124,0.6269447803497314,0.2573566734790802,-1.4532654285430908,-0.0142147559672594,-2.451176643371582,1
2023-10-21 17:16:41.270,-0.5518357753753662,0.0856668651103973,0.0172967910766601,0.7017064094543457,-0.2198088467121124,0.6269447803497314,0.2573566734790802,-1.4532654285430908,-0.0142147559672594,-2.451176643371582,1
2023-10-21 17:16:41.320,-0.7899676561355591,0.1754363775253296,-0.0277929306030273,0.7074910402297974,-0.2176898866891861,0.6248630285263062,0.2482213377952575,-1.4461590051651,-0.0021813826169818,-2.468658924102783,1
2023-10-21 17:16:41.380,-0.7847949266433716,-0.2066749632358551,-0.2548274993896484,0.7105733156204224,-0.2142926007509231,0.6238312125205994,0.2449467778205871,-1.44060218334198,-0.0010696949902921,-2.478610038757324,1
2023-10-21 17:16:41.400,-0.987824022769928,-0.4320524334907532,-0.3058137893676758,0.7115824222564697,-0.2108012437820434,0.6242035627365112,0.244096890091896,-1.4385441541671753,-0.0047273812815546,-2.4848217964172363,1
2023-10-21 17:16:41.420,-0.9878973364830016,-0.5983009338378906,-0.1936187744140625,0.711679995059967,-0.2104550302028656,0.6242412328720093,0.2440146505832672,-1.4383444786071775,-0.0050947587005794,-2.485433578491211,1
2023-10-21 17:16:41.480,-0.663650393486023,-0.7114146947860718,-0.3828334808349609,0.7123684883117676,-0.2075373083353042,0.6242656707763672,0.2444420158863067,-1.4359406232833862,-0.0095075909048318,-2.4887969493865967,1
2023-10-21 17:16:41.530,-0.5313869714736938,-0.1558553278446197,0.1582593917846679,0.7125820517539978,-0.2070496082305908,0.6236193776130676,0.2458786219358444,-1.433901309967041,-0.0115899359807372,-2.487173557281494,1
2023-10-21 17:16:41.550,-0.4123427867889404,0.0261667966842651,0.1301174163818359,0.7127043604850769,-0.2059206962585449,0.6236003637313843,0.2465195208787918,-1.4329079389572144,-0.0139386104419827,-2.4877078533172607,1
2023-10-21 17:16:41.570,-0.2806261777877807,0.0502755716443061,-0.0256357192993164,0.7127043604850769,-0.2059206962585449,0.6236003637313843,0.2465195208787918,-1.4329079389572144,-0.0139386104419827,-2.4877078533172607,1
2023-10-21 17:16:41.630,-0.3703023195266723,-0.0484868288040161,-0.091440200805664,0.7115071415901184,-0.2035043239593505,0.6274481415748596,0.2421827465295791,-1.4406261444091797,-0.0143251549452543,-2.498006820678711,1
2023-10-21 17:16:41.650,-0.3933607339859009,-0.1370415836572647,-0.1494884490966797,0.7113953232765198,-0.2034139335155487,0.6277221441268921,0.2418769150972366,-1.4412457942962646,-0.0142480190843343,-2.498621702194214,1
2023-10-21 17:16:41.670,-0.4410704374313354,-0.0518012642860412,-0.2981033325195312,0.7108352184295654,-0.200976550579071,0.6306565403938293,0.2378951162099838,-1.4467039108276367,-0.01433826982975,-2.508347749710083,1
2023-10-21 17:16:41.680,-0.4538990259170532,0.0376031547784805,-0.3350963592529297,0.7108352184295654,-0.200976550579071,0.6306565403938293,0.2378951162099838,-1.4467039108276367,-0.01433826982975,-2.508347749710083,1
2023-10-21 17:16:41.700,-0.3973344564437866,0.1137129217386245,-0.36041259765625,0.7101941108703613,-0.1966794729232788,0.6341272592544556,0.2341455370187759,-1.4520998001098633,-0.0175958108156919,-2.5202746391296387,1
2023-10-21 17:16:41.720,-0.3665295839309692,0.1164297312498092,-0.3703374862670898,0.7101941108703613,-0.1966794729232788,0.6341272592544556,0.2341455370187759,-1.4520998001098633,-0.0175958108156919,-2.5202746391296387,1
2023-10-21 17:16:41.780,-0.1529921293258667,-0.2032921910285949,-0.0791053771972656,0.7088910937309265,-0.2115093916654586,0.637657105922699,0.2147806882858276,-1.473294734954834,0.0259642861783504,-2.5296647548675537,1
2023-10-21 17:16:41.800,-0.1810587644577026,-0.2511491775512695,0.0224905014038085,0.7105478644371033,-0.2148383408784866,0.6357802152633667,0.211541548371315,-1.4713107347488403,0.0363259613513946,-2.529991149902344,1
2023-10-21 17:16:41.820,-0.1812186241149902,-0.1650819778442382,-0.0620002746582031,0.7099238038063049,-0.2136174291372299,0.6367246508598328,0.2120321691036224,-1.4726860523223877,0.0332981199026107,-2.530940294265747,1
2023-10-21 17:16:41.870,-0.0777208805084228,0.0136008113622665,-0.2831382751464844,0.7092900276184082,-0.2093879580497741,0.6376971006393433,0.2154221087694168,-1.4716110229492188,0.0222873073071241,-2.5316896438598637,1
2023-10-21 17:16:41.930,-0.0345158576965332,-0.0282815396785736,-0.0597248077392578,0.7084226608276367,-0.1991558969020843,0.6391438841819763,0.2235386669635772,-1.4669450521469116,-0.0035736637655645,-2.533501625061035,1
2023-10-21 17:16:41.950,-0.0613852739334106,-0.1106776297092437,0.0130538940429687,0.7085248231887817,-0.1991630345582962,0.6390518546104431,0.2234714031219482,-1.4667142629623413,-0.0033957129344344,-2.53359603881836,1
2023-10-21 17:16:41.970,-0.1692049503326416,-0.2086438834667205,-0.0195436477661132,0.7070909142494202,-0.1982715129852295,0.6411058902740479,0.2229216992855072,-1.4712873697280884,-0.0054408879950642,-2.535711765289306,1
2023-10-21 17:16:42.030,-0.3501167893409729,-0.1636160314083099,-0.2259731292724609,0.7049916386604309,-0.195350095629692,0.6440340876579285,0.2237081974744796,-1.4765323400497437,-0.0127113908529281,-2.538618326187134,1
2023-10-21 17:16:42.080,-0.2694988250732422,-0.4499004483222961,-0.1113109588623046,0.7054857611656189,-0.1930281966924667,0.643958330154419,0.2243829667568206,-1.4745187759399414,-0.016630046069622,-2.5408196449279785,1
2023-10-21 17:16:42.100,-0.2495509386062622,-0.4143456220626831,0.0244140625,0.7054857611656189,-0.1930281966924667,0.643958330154419,0.2243829667568206,-1.4745187759399414,-0.016630046069622,-2.5408196449279785,1
2023-10-21 17:16:42.120,-0.2537211179733276,-0.3647158741950989,0.120274543762207,0.7065684199333191,-0.1948726773262024,0.642715334892273,0.2229410111904144,-1.4727498292922974,-0.0111936880275607,-2.5404598712921143,1
2023-10-21 17:16:42.180,-0.4770033955574035,-0.045595958828926,0.1368846893310547,0.708666205406189,-0.1918690055608749,0.640313982963562,0.2257798165082931,-1.4642102718353271,-0.0171986352652311,-2.5401875972747803,1
2023-10-21 17:16:42.200,-0.498068630695343,-0.0359017699956893,0.1364107131958007,0.7091003060340881,-0.1910432428121566,0.6398666501045227,0.2263843715190887,-1.4624189138412476,-0.018775075674057,-2.540380477905273,1
2023-10-21 17:16:42.220,-0.5031909942626953,-0.0760716795921325,0.1021223068237304,0.7094578146934509,-0.1905923187732696,0.639464259147644,0.2267810851335525,-1.4610350131988523,-0.01960364356637,-2.5403764247894287,1
2023-10-21 17:16:42.230,-0.527454674243927,-0.150845319032669,0.0501623153686523,0.7088502645492554,-0.1929799318313598,0.638127863407135,0.2303972989320755,-1.4594398736953735,-0.0204595290124416,-2.53137469291687,1
2023-10-21 17:16:42.250,-0.5576709508895874,-0.13177590072155,0.0597925186157226,0.707788348197937,-0.197989284992218,0.6360833048820496,0.2350188642740249,-1.4581419229507446,-0.0187152232974767,-2.517125606536865,1
2023-10-21 17:16:42.270,-0.58683842420578,-0.1278137564659118,0.1042871475219726,0.7049303650856018,-0.2057529389858245,0.6333787441253662,0.2440703362226486,-1.4575395584106443,-0.0190961044281721,-2.4920096397399902,1
2023-10-21 17:16:42.330,-0.1831012964248657,-0.3959728479385376,0.0414485931396484,0.700253427028656,-0.2170860767364502,0.6333056092262268,0.2478766441345214,-1.467009663581848,-0.0099329492077231,-2.4701101779937744,1
2023-10-21 17:16:42.350,-0.022473931312561,-0.3193936944007873,-0.354196548461914,0.6980521082878113,-0.2251588702201843,0.6291980743408203,0.2571704089641571,-1.4637609720230105,-0.0092771491035819,-2.443962574005127,1
2023-10-21 17:16:42.370,0.1299548149108886,-0.2441032230854034,-0.8026676177978516,0.6980521082878113,-0.2251588702201843,0.6291980743408203,0.2571704089641571,-1.4637609720230105,-0.0092771491035819,-2.443962574005127,1
2023-10-21 17:16:42.420,0.1532245874404907,0.7169121503829956,-1.339676856994629,0.701793909072876,-0.2275906503200531,0.6275114417076111,0.2488317042589187,-1.4617135524749756,0.0071540488861501,-2.453707218170166,1
2023-10-21 17:16:42.480,-0.2308129072189331,0.9178889989852904,0.9001035690307617,0.6994943618774414,-0.2329551577568054,0.6254387497901917,0.255472183227539,-1.4614598751068115,0.0063372678123414,-2.435567855834961,1
2023-10-21 17:16:42.500,-0.3204625844955444,0.531985878944397,1.381608963012695,0.695269763469696,-0.2319198995828628,0.6289400458335876,0.2593213617801666,-1.469326376914978,-0.0037013972178101,-2.4309401512146,1
2023-10-21 17:16:42.520,-0.5994254946708679,0.3160423040390014,1.6158781051635742,0.6918753981590271,-0.2325760275125503,0.6319637298583984,0.2604587376117706,-1.4775984287261963,-0.0073737571947276,-2.4282212257385254,1
2023-10-21 17:16:42.580,-0.5858716368675232,-0.0405510067939758,0.7792720794677734,0.6839838624000549,-0.2395504415035247,0.6341754198074341,0.2694498300552368,-1.4898256063461304,-0.0140600958839058,-2.4040122032165527,1
2023-10-21 17:16:42.600,-0.6539204716682434,0.0639275312423706,0.4151544570922851,0.6817191243171692,-0.2418938726186752,0.6359282732009888,0.2689641714096069,-1.496557354927063,-0.0122767789289355,-2.4014124870300293,1
2023-10-21 17:16:42.630,-0.9327222108840942,0.3128768503665924,-0.3311738967895508,0.6765458583831787,-0.2574315369129181,0.6285558938980103,0.2844861149787903,-1.4934228658676147,-0.0093025118112564,-2.35409951210022,1
2023-10-21 17:16:42.650,-0.984460711479187,0.4133016467094421,-0.5840625762939453,0.677894651889801,-0.252223402261734,0.6301289796829224,0.2824533879756927,-1.492065668106079,-0.0140027804300189,-2.3649590015411377,1
2023-10-21 17:16:42.670,-0.939726948738098,0.4870675206184387,-0.7617912292480469,0.677894651889801,-0.252223402261734,0.6301289796829224,0.2824533879756927,-1.492065668106079,-0.0140027804300189,-2.3649590015411377,1
2023-10-21 17:16:42.730,-0.7453885674476624,0.7143343687057495,-1.0212621688842771,0.6855509281158447,-0.2395756840705871,0.6294432282447815,0.276450365781784,-1.4778354167938232,-0.0195382144302129,-2.3927793502807617,1
2023-10-21 17:16:42.750,-0.7217422127723694,0.7391922473907471,-1.0040216445922852,0.6878371834754944,-0.2347752153873443,0.6309347152709961,0.2714446187019348,-1.4770371913909912,-0.0195546690374612,-2.407649278640747,1
2023-10-21 17:16:42.770,-0.8783354759216309,0.5669516324996948,-1.218428611755371,0.6919602155685425,-0.2312067449092865,0.6297889351844788,0.2666468918323517,-1.4707984924316406,-0.015891445800662,-2.420342206954956,1
2023-10-21 17:16:42.780,-0.9979072213172911,0.3401412963867187,-1.4862241744995115,0.6919602155685425,-0.2312067449092865,0.6297889351844788,0.2666468918323517,-1.4707984924316406,-0.015891445800662,-2.420342206954956,1
2023-10-21 17:16:42.800,-0.973571002483368,0.2579923272132873,-1.6919279098510742,0.6948666572570801,-0.2289278507232666,0.6293333768844604,0.2620913386344909,-1.4675427675247192,-0.0117372581735253,-2.430811643600464,1
2023-10-21 17:16:42.820,-0.9302338361740112,0.0878999829292297,-1.5955605506896973,0.6948666572570801,-0.2289278507232666,0.6293333768844604,0.2620913386344909,-1.4675427675247192,-0.0117372581735253,-2.430811643600464,1
2023-10-21 17:16:42.880,-0.8717309236526489,0.6486504077911377,-1.381270408630371,0.6961692571640015,-0.2218482345342636,0.6322460174560547,0.2576756477355957,-1.4685066938400269,-0.0169417615979909,-2.447889566421509,1
2023-10-21 17:16:42.900,-0.9107328653335572,0.3950594067573547,-1.6969618797302246,0.6945439577102661,-0.2254102528095245,0.6310298442840576,0.2619166672229767,-1.4686200618743896,-0.0174406673759222,-2.436105251312256,1
2023-10-21 17:16:42.920,-0.8383793830871582,0.1308231353759765,-1.7580327987670898,0.6913674473762512,-0.225035548210144,0.6329737901687622,0.2659215927124023,-1.473203420639038,-0.0254810601472854,-2.430325508117676,1
2023-10-21 17:16:42.970,-1.5591918230056765,0.2826964259147644,-2.0198464393615723,0.6875357031822205,-0.2253373861312866,0.6352367997169495,0.2701701521873474,-1.4792228937149048,-0.033395268023014,-2.4232265949249268,1
2023-10-21 17:16:43.030,-0.2369952201843261,0.7562059760093689,-1.884124755859375,0.6815597414970398,-0.2300158143043518,0.6372220516204834,0.2766174972057342,-1.488559603691101,-0.039004411548376,-2.4064202308654785,1
2023-10-21 17:16:43.050,0.3423460721969604,0.4511321783065796,-0.8933792114257812,0.6813359260559082,-0.230266585946083,0.6372706890106201,0.2768478691577911,-1.4889156818389893,-0.0390862189233303,-2.4056990146636963,1
2023-10-21 17:16:43.070,-0.31752610206604,1.3224153518676758,1.1057825088500977,0.6790258288383484,-0.2333066761493683,0.6375681161880493,0.2792826294898987,-1.4925062656402588,-0.0392909720540046,-2.397505044937134,1
2023-10-21 17:16:43.130,-0.7393928170204163,-1.2608726024627686,0.8569183349609375,0.6766546368598938,-0.2375970929861068,0.6366692185401917,0.2834406197071075,-1.4942625761032104,-0.0393836684525013,-2.3847126960754395,1
2023-10-21 17:16:43.150,0.2360652685165405,-0.2044509053230285,-0.6195478439331055,0.6741436719894409,-0.241541102528572,0.6364505290985107,0.2865642011165619,-1.4974974393844604,-0.0391110330820083,-2.374062776565552,1
2023-10-21 17:16:43.180,0.8136999607086182,0.5956629514694214,-0.8069133758544922,0.6713793873786926,-0.2463187128305435,0.6355374455451965,0.2909796833992004,-1.4998440742492676,-0.0391203388571739,-2.3600945472717285,1
2023-10-21 17:16:43.200,1.540136694908142,0.0518667697906494,0.2969436645507812,0.6713793873786926,-0.2463187128305435,0.6355374455451965,0.2909796833992004,-1.4998440742492676,-0.0391203388571739,-2.3600945472717285,1
2023-10-21 17:16:43.220,1.7359389066696167,-0.7829122543334961,0.6088962554931641,0.669517993927002,-0.2504229247570038,0.6341434121131897,0.2947815060615539,-1.5003849267959597,-0.0385517589747905,-2.3480236530303955,1
2023-10-21 17:16:43.280,2.2012948989868164,-1.1602414846420288,0.2515869140625,0.6680667996406555,-0.2550711929798126,0.6318866014480591,0.2989061176776886,-1.4993709325790403,-0.0369487442076206,-2.334581136703491,1
2023-10-21 17:16:43.300,2.3592371940612797,-1.0058075189590454,1.4367713928222656,0.6688408851623535,-0.2578985393047333,0.6280855536460876,0.3027354776859283,-1.492674469947815,-0.0353087224066257,-2.3241729736328125,1
2023-10-21 17:16:43.320,2.243708610534668,-0.8217939138412476,1.946995735168457,0.6689181327819824,-0.2581769526004791,0.6277061700820923,0.3031144440174103,-1.49200701713562,-0.0351423546671867,-2.3231441974639893,1
2023-10-21 17:16:43.330,1.8882397413253784,-0.852874219417572,1.683258056640625,0.6723476648330688,-0.2582431137561798,0.6211873292922974,0.3088455498218536,-1.475716471672058,-0.0364516638219356,-2.313523292541504,1
2023-10-21 17:16:43.350,1.7306910753250122,-1.2545210123062134,1.387798309326172,0.6726866364479065,-0.2582457065582275,0.6205362677574158,0.3094134032726288,-1.474093317985535,-0.0365757532417774,-2.312570333480835,1
2023-10-21 17:16:43.370,1.935594916343689,-1.0001227855682373,1.4166488647460938,0.6732200980186462,-0.2560062110424042,0.6175054311752319,0.3161054253578186,-1.4641876220703125,-0.0457125045359134,-2.3047034740448,1
2023-10-21 17:16:43.430,1.9516242742538448,-0.0712156295776367,1.3203458786010742,0.6691001653671265,-0.2538125216960907,0.6186580061912537,0.3242630362510681,-1.4647136926651,-0.0616028048098087,-2.2944424152374268,1
2023-10-21 17:16:43.450,1.9581958055496216,0.4217127561569214,1.485945701599121,0.6660962104797363,-0.2512169778347015,0.6197884678840637,0.3302548825740814,-1.4647977352142334,-0.074776642024517,-2.288266897201538,1
2023-10-21 17:16:43.470,1.4949201345443726,-0.0691159963607788,1.0198993682861328,0.6660962104797363,-0.2512169778347015,0.6197884678840637,0.3302548825740814,-1.4647977352142334,-0.074776642024517,-2.288266897201538,1
2023-10-21 17:16:43.520,1.627998113632202,-0.0705169439315795,1.0596742630004885,0.6634839177131653,-0.2488846778869629,0.6210417747497559,0.3348921239376068,-1.465488076210022,-0.0858072936534881,-2.283939838409424,1
2023-10-21 17:16:43.580,1.536796808242798,-0.2270001173019409,1.2954225540161133,0.6645079255104065,-0.2434006482362747,0.6191468834877014,0.3403564393520355,-1.4551570415496826,-0.0981353744864463,-2.282294273376465,1
2023-10-21 17:16:43.600,1.374462604522705,0.2077137231826782,1.206594467163086,0.6672744154930115,-0.24290132522583,0.6149027347564697,0.3429847061634063,-1.444066286087036,-0.0977965965867042,-2.278151750564575,1
2023-10-21 17:16:43.620,1.215996503829956,-0.2873156666755676,0.6985483169555664,0.6675488948822021,-0.2428521364927292,0.6144788861274719,0.3432449996471405,-1.4429627656936646,-0.097757875919342,-2.2777395248413086,1
2023-10-21 17:16:43.680,1.118380784988403,-0.0580342411994934,0.7160778045654297,0.6710013151168823,-0.245049238204956,0.6066704392433167,0.3487968742847442,-1.4258410930633545,-0.094493344426155,-2.26456069946289,1
2023-10-21 17:16:43.700,0.845679521560669,0.0638144016265869,0.6097803115844727,0.6711571216583252,-0.2451955378055572,0.6063096523284912,0.349021315574646,-1.4251017570495603,-0.0942399650812149,-2.263944149017334,1
2023-10-21 17:16:43.730,0.768395185470581,-0.5050724744796753,-0.4235792160034179,0.6732461452484131,-0.2460932731628418,0.6022880673408508,0.3513215780258178,-1.4161555767059326,-0.0919604375958442,-2.2584221363067627,1
2023-10-21 17:16:43.750,0.6907157897949219,-0.1940810084342956,-0.0785770416259765,0.675128698348999,-0.2451288551092147,0.5999159216880798,0.3524400889873504,-1.409391164779663,-0.0920115858316421,-2.2576117515563965,1
2023-10-21 17:16:43.770,0.8223206996917725,-0.0425701141357421,0.7587089538574219,0.675128698348999,-0.2451288551092147,0.5999159216880798,0.3524400889873504,-1.409391164779663,-0.0920115858316421,-2.2576117515563965,1
2023-10-21 17:16:43.830,1.0225157737731934,-0.2959059476852417,0.9066524505615234,0.6792925000190735,-0.2439074069261551,0.5953714847564697,0.3529926836490631,-1.3971562385559082,-0.0890723317861557,-2.25793194770813,1
2023-10-21 17:16:43.850,1.055453538894653,-0.0856435894966125,0.6896915435791016,0.679483950138092,-0.2438636869192123,0.5951570272445679,0.3530158698558807,-1.396594762802124,-0.0889139324426651,-2.2579331398010254,1
2023-10-21 17:16:43.870,1.0334336757659912,0.0910989046096801,0.5188779830932617,0.6809669137001038,-0.2438500523567199,0.5929616093635559,0.3538613617420196,-1.3912807703018188,-0.087656982243061,-2.256308317184448,1
2023-10-21 17:16:43.900,1.4716079235076904,-0.1588246822357177,1.3347043991088867,0.6829702854156494,-0.2428686171770095,0.5907717347145081,0.3543377518653869,-1.3850233554840088,-0.0870311930775642,-2.256627082824707,1
2023-10-21 17:16:43.920,1.3263940811157229,0.0289402604103088,1.427001953125,0.6829702854156494,-0.2428686171770095,0.5907717347145081,0.3543377518653869,-1.3850233554840088,-0.0870311930775642,-2.256627082824707,1
2023-10-21 17:16:43.980,1.2210724353790283,-0.0090908408164978,1.1489830017089844,0.6862912178039551,-0.2436582744121551,0.5869084596633911,0.3537987172603607,-1.37660813331604,-0.0809422060847282,-2.2562015056610107,1
2023-10-21 17:16:44.000,1.3022055625915527,0.3429881334304809,0.8915395736694336,0.6864176392555237,-0.2437110990285873,0.5867621898651123,0.3537596464157104,-1.3763142824172974,-0.0806577950716018,-2.256187438964844,1
2023-10-21 17:16:44.020,1.274421215057373,0.0316725969314575,0.4720573425292969,0.6875438690185547,-0.2438791096210479,0.5854268670082092,0.3536690771579742,-1.3733092546463013,-0.0788211748003959,-2.25602126121521,1
2023-10-21 17:16:44.070,1.3594152927398682,0.2889511585235595,0.8505697250366211,0.6877845525741577,-0.2441937327384948,0.5842762589454651,0.3548846542835235,-1.3708683252334597,-0.0788777694106102,-2.2533981800079346,1
2023-10-21 17:16:44.130,1.2203803062438965,-0.1359248161315918,0.5137758255004883,0.6827731728553772,-0.2454195916652679,0.5877317190170288,0.3579965531826019,-1.3802679777145386,-0.0857852175831794,-2.246588706970215,1
2023-10-21 17:16:44.150,1.0133602619171145,-0.4140006303787231,0.4335870742797851,0.6824638843536377,-0.2455219030380249,0.5879616141319275,0.3581387102603912,-1.3809175491333008,-0.0861304104328155,-2.2462215423583984,1
2023-10-21 17:16:44.170,1.0224261283874512,-0.7822429537773132,0.2702665328979492,0.6788631081581116,-0.2472233772277832,0.590723991394043,0.359264075756073,-1.3892357349395752,-0.0889072567224502,-2.2421889305114746,1
2023-10-21 17:16:44.230,0.6346145868301392,-0.5515311360359192,-0.0467414855957031,0.6743242740631104,-0.2496121376752853,0.5950823426246643,0.3589674532413482,-1.4021666049957275,-0.0907157137989997,-2.2398228645324707,1
2023-10-21 17:16:44.250,0.8161592483520508,-0.9811712503433228,-0.2141990661621093,0.669806182384491,-0.2526330053806305,0.5988338589668274,0.3590742647647857,-1.4143545627593994,-0.0917500406503677,-2.235822916030884,1
2023-10-21 17:16:44.280,1.286954045295715,-0.5010512471199036,-0.3958806991577148,0.6636672019958496,-0.2558300495147705,0.6040722727775574,0.3594350814819336,-1.4304118156433103,-0.0948195233941078,-2.2312440872192383,1
2023-10-21 17:16:44.300,1.3474091291427612,-0.2572193145751953,-0.6115455627441406,0.6636672019958496,-0.2558300495147705,0.6040722727775574,0.3594350814819336,-1.4304118156433103,-0.0948195233941078,-2.2312440872192383,1
2023-10-21 17:16:44.320,1.2352921962738037,0.0195571184158325,-0.5976705551147461,0.6588664650917053,-0.2581778764724731,0.6089328527450562,0.3583854436874389,-1.4447896480560305,-0.0964051336050033,-2.230209350585937,1
2023-10-21 17:16:44.380,0.3187659978866577,0.1430795788764953,-0.1038341522216796,0.6557443141937256,-0.2585594058036804,0.6143577098846436,0.3545576333999634,-1.4586148262023926,-0.0967033803462982,-2.236685037612915,1
2023-10-21 17:16:44.400,-0.0550638437271118,-0.079270601272583,-0.0612640380859375,0.6548299789428711,-0.2572707831859588,0.6188281774520874,0.3493724465370178,-1.4684239625930786,-0.09561138600111,-2.247673988342285,1
2023-10-21 17:16:44.420,-0.0345202684402465,-0.3312396705150604,-0.1968774795532226,0.6547392010688782,-0.25714111328125,0.6192691326141357,0.3488563895225525,-1.469393014907837,-0.0954963266849517,-2.2487661838531494,1
2023-10-21 17:16:44.450,-0.7460691928863525,-0.1385028064250946,-0.7247457504272461,0.6534884572029114,-0.2565271258354187,0.6243721842765808,0.3424996435642242,-1.4815903902053833,-0.092551551759243,-2.26074767112732,1
2023-10-21 17:16:44.470,-1.51338529586792,0.0454452335834503,-0.9044017791748048,0.6515628099441528,-0.2571101188659668,0.6292394995689392,0.3367758095264435,-1.49451744556427,-0.088895559310913,-2.269850254058838,1
2023-10-21 17:16:44.530,-2.774889707565308,-0.125220775604248,-2.3824615478515625,0.6492974162101746,-0.2582013010978699,0.6347405910491943,0.3299232125282287,-1.5096718072891235,-0.0836299061775207,-2.280015707015991,1
2023-10-21 17:16:44.550,-2.9663491249084477,0.6510221362113953,-2.4813756942749023,0.6475814580917358,-0.2595148980617523,0.6384033560752869,0.3251638114452362,-1.5204311609268188,-0.0791398286819458,-2.286162614822388,1
2023-10-21 17:16:44.570,-3.4014713764190674,1.4433032274246216,-2.275622844696045,0.6475814580917358,-0.2595148980617523,0.6384033560752869,0.3251638114452362,-1.5204311609268188,-0.0791398286819458,-2.286162614822388,1
2023-10-21 17:16:44.620,-2.810070514678955,1.447700262069702,-1.602574348449707,0.6468259692192078,-0.2598122954368591,0.6418039202690125,0.3196897804737091,-1.5295000076293943,-0.0743180215358734,-2.294841766357422,1
2023-10-21 17:16:44.680,-2.707148790359497,-0.3496533930301666,-0.2027559280395507,0.6506437063217163,-0.2573625445365906,0.6449857354164124,0.3072797060012817,-1.5352057218551636,-0.0615182146430015,-2.3185231685638428,1
2023-10-21 17:16:44.700,-2.582270383834839,-0.303967148065567,-0.0509004592895507,0.6532796621322632,-0.2566302120685577,0.6455760598182678,0.3009953498840332,-1.5359948873519895,-0.0533534958958625,-2.3296148777008057,1
2023-10-21 17:16:44.720,-2.5711653232574463,-0.5673138499259949,0.038248062133789,0.6535394191741943,-0.2565574049949646,0.645632266998291,0.3003722429275512,-1.5360668897628784,-0.0525434352457523,-2.330712080001831,1
2023-10-21 17:16:44.780,-2.250009536743164,0.3587294816970825,-0.8924703598022461,0.6608575582504272,-0.2518951594829559,0.6455526351928711,0.2882323265075683,-1.5311342477798462,-0.0392146781086921,-2.356730699539185,1
2023-10-21 17:16:44.800,-2.391829013824463,0.5473580956459045,-1.4077672958374023,0.6611894369125366,-0.2516137361526489,0.645546555519104,0.28773033618927,-1.5308352708816528,-0.0387676917016506,-2.35793399810791,1
2023-10-21 17:16:44.830,-1.7324962615966797,0.5763897895812988,-2.459268569946289,0.6638835668563843,-0.2491846084594726,0.6456198692321777,0.283444344997406,-1.5285937786102295,-0.0351427122950553,-2.3682425022125244,1
2023-10-21 17:16:44.850,-1.464999079704285,0.4513231515884399,-2.759977340698242,0.6672798991203308,-0.2460289299488067,0.6455255150794983,0.2783957123756408,-1.5252254009246826,-0.0310877561569213,-2.3807876110076904,1
2023-10-21 17:16:44.870,-1.0207288265228271,0.313287079334259,-3.0084023475646973,0.6672798991203308,-0.2460289299488067,0.6455255150794983,0.2783957123756408,-1.5252254009246826,-0.0310877561569213,-2.3807876110076904,1
2023-10-21 17:16:44.930,-0.894249677658081,0.8812314867973328,-2.463076591491699,0.6735095977783203,-0.2360884398221969,0.6472470164299011,0.2678030431270599,-1.5200867652893066,-0.0286576934158802,-2.411921501159668,1
2023-10-21 17:16:44.950,-1.1693710088729858,0.8622679710388184,-1.8319721221923828,0.6737912893295288,-0.2355722039937973,0.6473053693771362,0.2674078345298767,-1.5197501182556152,-0.0287400111556053,-2.413290977478028,1
2023-10-21 17:16:44.970,-1.2628167867660522,0.6317836046218872,-1.1634721755981443,0.6767299175262451,-0.2298009246587753,0.6471027135848999,0.2654927372932434,-1.5138360261917114,-0.0325815789401531,-2.424638271331787,1
2023-10-21 17:16:45.000,-0.6263126134872437,0.4980137348175049,-0.0997495651245117,0.6778278350830078,-0.2248685657978058,0.6470876932144165,0.266947865486145,-1.5092835426330566,-0.0406441837549209,-2.429461717605591,1
2023-10-21 17:16:45.020,-0.5130022764205933,0.2525878548622131,0.3062210083007812,0.6778278350830078,-0.2248685657978058,0.6470876932144165,0.266947865486145,-1.5092835426330566,-0.0406441837549209,-2.429461717605591,1
2023-10-21 17:16:45.080,-0.6339880228042603,-0.0014002621173858,0.3150053024291992,0.6729229092597961,-0.2226094007492065,0.6505334973335266,0.2728115916252136,-1.5161831378936768,-0.0553765445947647,-2.4236981868743896,1
2023-10-21 17:16:45.100,-1.4457145929336548,-0.1776556074619293,0.0192804336547851,0.6726475954055786,-0.2226595282554626,0.6507090926170349,0.2730304598808288,-1.516684889793396,-0.0558129884302616,-2.423294305801392,1
2023-10-21 17:16:45.120,-2.0163145065307617,-0.0816827714443206,-0.2985210418701172,0.6706488132476807,-0.224837839603424,0.6512464284896851,0.27487513422966,-1.520041584968567,-0.056478451937437,-2.417313814163208,1
2023-10-21 17:16:45.180,-2.07978630065918,-0.8947571516036987,-0.5970382690429688,0.6712780594825745,-0.2266296148300171,0.6487104296684265,0.2778483033180237,-1.5150517225265503,-0.0562528781592845,-2.409916639328003,1
2023-10-21 17:16:45.230,-0.6962538957595825,-0.4503194391727447,0.8064994812011719,0.6802017688751221,-0.2227148860692978,0.6380169987678528,0.2840036749839782,-1.4838687181472778,-0.0594512484967708,-2.4050402641296387,1
2023-10-21 17:16:45.250,-0.7724770307540894,0.4147193431854248,1.210968017578125,0.6806697249412537,-0.2224795520305633,0.6374910473823547,0.2842479944229126,-1.4823081493377686,-0.0595761649310588,-2.40494704246521,1
2023-10-21 17:16:45.270,-0.8010753393173218,0.5979965925216675,0.7457494735717773,0.6857067346572876,-0.2229804545640945,0.6319088935852051,0.2842131555080414,-1.468530774116516,-0.0534206479787826,-2.4039571285247803,1
2023-10-21 17:16:45.330,-1.196614384651184,0.0032056421041488,-1.2229681015014648,0.6918767094612122,-0.2266131937503814,0.6249346733093262,0.2817972600460052,-1.4542394876480105,-0.0386425741016864,-2.402418613433838,1
2023-10-21 17:16:45.350,-1.1723740100860596,0.018334075808525,-0.9572267532348632,0.6956226229667664,-0.229699894785881,0.6212807893753052,0.2781319618225097,-1.447949767112732,-0.0260301418602466,-2.4038844108581543,1
2023-10-21 17:16:45.380,-1.076341152191162,0.079075664281845,-0.2610921859741211,0.6976714730262756,-0.231205552816391,0.6208025217056274,0.2727687358856201,-1.4481770992279053,-0.0160606857389211,-2.410399913787842,1
2023-10-21 17:16:45.400,-0.8342177867889404,0.0107660964131355,-0.1488904953002929,0.6976714730262756,-0.231205552816391,0.6208025217056274,0.2727687358856201,-1.4481770992279053,-0.0160606857389211,-2.410399913787842,1
2023-10-21 17:16:45.420,-0.5749325752258301,-0.0926163718104362,-0.0828838348388671,0.6970586180686951,-0.2328306883573532,0.6231722831726074,0.2674985527992248,-1.455645203590393,-0.0088021997362375,-2.4165902137756348,1
2023-10-21 17:16:45.480,-0.6341536045074463,-0.4241194725036621,-0.0673503875732421,0.6973968148231506,-0.2362855821847915,0.6226620078086853,0.2647619843482971,-1.4576326608657837,-0.0001448094844818,-2.4160516262054443,1
2023-10-21 17:16:45.500,-0.9304810762405396,-0.2288090884685516,-0.1110677719116211,0.698845386505127,-0.2403799444437027,0.6193394660949707,0.2650494575500488,-1.4532501697540283,0.007665738929063,-2.4097650051116943,1
2023-10-21 17:16:45.520,-1.0185494422912598,-0.0997923985123634,-0.401865005493164,0.6989888548851013,-0.2407858818769455,0.6190067529678345,0.2650802433490753,-1.4528130292892456,0.008440475910902,-2.4091389179229736,1
2023-10-21 17:16:45.550,-0.5914547443389893,-0.2640948295593261,-0.7468109130859375,0.6992272138595581,-0.2425823956727981,0.6173061728477478,0.2667737007141113,-1.450325608253479,0.0098784985020756,-2.4038774967193604,1
2023-10-21 17:16:45.570,-0.4739340543746948,-0.3643046617507934,-0.5055217742919922,0.6992292404174805,-0.2425983548164367,0.6172909736633301,0.266789048910141,-1.450303316116333,0.0098909558728337,-2.4038302898406982,1
2023-10-21 17:16:45.630,-0.5517135858535767,-0.0107533484697341,-0.0655126571655273,0.69251549243927,-0.2429810315370559,0.6243984699249268,0.2674119770526886,-1.4684438705444336,0.0025930134579539,-2.4022395610809326,1
2023-10-21 17:16:45.650,-0.4988465309143066,-0.0726711675524711,-0.2196292877197265,0.6914596557617188,-0.2434675097465515,0.6261063814163208,0.2657026052474975,-1.4732120037078855,0.0039797234348952,-2.40424919128418,1
2023-10-21 17:16:45.670,-0.524186372756958,-0.1115851625800132,-0.2895727157592773,0.6914596557617188,-0.2434675097465515,0.6261063814163208,0.2657026052474975,-1.4732120037078855,0.0039797234348952,-2.40424919128418,1
2023-10-21 17:16:45.730,-0.5957529544830322,0.0706749111413955,-0.3773488998413086,0.6910220384597778,-0.2432739436626434,0.6276825666427612,0.2632887363433838,-1.4769924879074097,0.0056918570771813,-2.40834641456604,1
2023-10-21 17:16:45.780,-0.4614216089248657,0.2171434015035629,-0.3006401062011719,0.6898980140686035,-0.2427399009466171,0.6300225257873535,0.2611317038536072,-1.4823817014694214,0.0058938604779541,-2.412513494491577,1
2023-10-21 17:16:45.800,-0.4699949026107788,0.1483372300863266,-0.3662328720092773,0.6886212229728699,-0.2421081215143203,0.6322709321975708,0.2596497535705566,-1.4874645471572876,0.0051036104559898,-2.4157512187957764,1
2023-10-21 17:16:45.820,-0.5841162204742432,0.1490652859210968,-0.2682685852050781,0.6884942054748535,-0.2420452982187271,0.6324933767318726,0.2595033049583435,-1.4879682064056396,0.0050253481604158,-2.4160714149475098,1
2023-10-21 17:16:45.880,-0.5628353357315063,0.2294413745403289,-0.042581558227539,0.6880959272384644,-0.2414783686399459,0.6329563856124878,0.2599587142467499,-1.4885945320129397,0.0032355245202779,-2.4161763191223145,1
2023-10-21 17:16:45.900,-0.5959687232971191,0.3180418014526367,-0.0333900451660156,0.6881110668182373,-0.2414602935314178,0.632928192615509,0.260003924369812,-1.488505482673645,0.0031753533985465,-2.4161317348480225,1
2023-10-21 17:16:45.930,-0.4950605630874634,0.3681007921695709,-0.2583074569702148,0.6876103281974792,-0.2417839616537094,0.633295476436615,0.2601334452629089,-1.4897525310516355,0.0030236290767788,-2.415456771850586,1
2023-10-21 17:16:45.950,-0.401401162147522,0.4100731015205383,-0.3598337173461914,0.6868618130683899,-0.2422924190759658,0.6338208913803101,0.2603580057621002,-1.491582274436951,0.0028021372854709,-2.414363145828247,1
2023-10-21 17:16:45.970,-0.47322678565979,0.370467334985733,-0.3207426071166992,0.6868618130683899,-0.2422924190759658,0.6338208913803101,0.2603580057621002,-1.491582274436951,0.0028021372854709,-2.414363145828247,1
2023-10-21 17:16:46.030,-0.5798500776290894,0.3283462524414062,0.0566825866699218,0.6963902115821838,-0.2350413799285888,0.6229165196418762,0.2679017186164856,-1.4570879936218262,-0.0063997944816946,-2.4128072261810303,1
2023-10-21 17:16:46.050,-0.5225152969360352,0.138168454170227,0.135873794555664,0.6965521574020386,-0.2323743402957916,0.6226931810379028,0.270315557718277,-1.4540106058120728,-0.0129259545356035,-2.412719964981079,1
2023-10-21 17:16:46.070,-0.4501639604568481,0.0049463808536529,0.0394535064697265,0.6969806551933289,-0.2311945706605911,0.6219850182533264,0.2718487679958343,-1.4511284828186035,-0.0158960949629545,-2.411914348602295,1
2023-10-21 17:16:46.100,-0.4382433891296386,0.0885695815086364,-0.3644895553588867,0.6981450915336609,-0.2267988920211792,0.6203593611717224,0.2762424945831299,-1.442972183227539,-0.0260651111602783,-2.4109678268432617,1
2023-10-21 17:16:46.120,-0.3647583723068237,0.2052259147167205,-0.3594884872436523,0.6981450915336609,-0.2267988920211792,0.6203593611717224,0.2762424945831299,-1.442972183227539,-0.0260651111602783,-2.4109678268432617,1
2023-10-21 17:16:46.180,-0.3680199384689331,0.1062379777431488,0.0138444900512695,0.696820080280304,-0.2223524153232574,0.6208928227424622,0.2819457948207855,-1.440217137336731,-0.0402478761970996,-2.407939910888672,1
2023-10-21 17:16:46.200,-0.3485670089721679,-0.0882935523986816,-0.1959877014160156,0.6950517892837524,-0.2208530753850937,0.6228021383285522,0.2832746505737304,-1.4436378479003906,-0.045855525881052,-2.4079489707946777,1
2023-10-21 17:16:46.220,-0.3592793941497803,-0.5384495258331299,-0.5812511444091797,0.6954342722892761,-0.2202373743057251,0.6220481991767883,0.284469336271286,-1.4411842823028564,-0.0476040318608284,-2.406824350357056,1
2023-10-21 17:16:46.280,-0.5804657936096191,-1.082644820213318,-0.5902080535888672,0.6949982643127441,-0.2144434154033661,0.6222282648086548,0.2895228564739227,-1.4364409446716309,-0.0622632093727588,-2.406574487686157,1
2023-10-21 17:16:46.330,-0.6330044269561768,-0.2819945216178894,1.4402999877929688,0.6948881149291992,-0.2118073403835296,0.6227090358734131,0.2906917333602905,-1.4353306293487549,-0.0677196830511093,-2.4083006381988525,1
2023-10-21 17:16:46.350,-0.6052675247192383,0.1185994446277618,1.3744621276855469,0.6941500902175903,-0.2139472365379333,0.6237220764160156,0.2887094616889953,-1.4397664070129397,-0.0631679370999336,-2.4086806774139404,1
2023-10-21 17:16:46.370,-0.4324718713760376,0.3204798698425293,0.8493080139160156,0.6951984167098999,-0.2142642587423324,0.6229997277259827,0.2875091135501861,-1.4382435083389282,-0.0603604800999164,-2.410153865814209,1
2023-10-21 17:16:46.430,-0.6832370758056641,0.6290205717086792,-0.174046516418457,0.6981111764907837,-0.2167354971170425,0.6207869052886963,0.2833551466464996,-1.4349159002304075,-0.0492152757942676,-2.4133946895599365,1
2023-10-21 17:16:46.450,-0.6859261989593506,0.3356620371341705,-0.4975471496582031,0.6989172101020813,-0.216434821486473,0.6210346221923828,0.2810459434986114,-1.435291767120361,-0.0465553179383277,-2.417574405670166,1
2023-10-21 17:16:46.470,-0.6532334089279175,0.0975082218647003,-0.6382637023925781,0.6989172101020813,-0.216434821486473,0.6210346221923828,0.2810459434986114,-1.435291767120361,-0.0465553179383277,-2.417574405670166,1
2023-10-21 17:16:46.480,-0.6762844920158386,-0.2368442267179489,-0.5893573760986328,0.6994005441665649,-0.2150207757949829,0.6216449737548828,0.2795758247375488,-1.4355897903442385,-0.0468396432697773,-2.421935558319092,1
2023-10-21 17:16:46.500,-0.8086480498313904,-0.5254694223403931,-0.3827829360961914,0.6994005441665649,-0.2150207757949829,0.6216449737548828,0.2795758247375488,-1.4355897903442385,-0.0468396432697773,-2.421935558319092,1
2023-10-21 17:16:46.520,-0.8747146725654602,-0.5520147681236267,-0.1750211715698242,0.700244665145874,-0.2182916700839996,0.6208972930908203,0.2765732705593109,-1.436628341674805,-0.0377409942448139,-2.4222631454467773,1
2023-10-21 17:16:46.580,-0.8321224451065063,-0.3937541544437408,-0.8599185943603516,0.6996357440948486,-0.2173559218645095,0.6205577850341797,0.279596745967865,-1.434925198554993,-0.0428850650787353,-2.4186370372772217,1
2023-10-21 17:16:46.600,-0.9322973489761353,-0.159839317202568,-1.2105607986450195,0.6986837983131409,-0.2155425399541854,0.6203576326370239,0.283793568611145,-1.4327845573425293,-0.0509368777275085,-2.4142954349517822,1
2023-10-21 17:16:46.620,-1.1632468700408936,-0.1061008870601654,-1.4090118408203125,0.6985883712768555,-0.2153618186712265,0.620337188243866,0.2842101752758026,-1.4325700998306274,-0.0517368428409099,-2.4138636589050293,1
2023-10-21 17:16:46.650,-0.9315138459205629,-0.38800248503685,-1.7928833961486816,0.6962716579437256,-0.2144492119550705,0.6213206052780151,0.288406103849411,-1.434183955192566,-0.0597911216318607,-2.408329963684082,1
2023-10-21 17:16:46.670,-0.6976252794265747,-0.5794148445129395,-2.3574233055114746,0.6939207315444946,-0.2147218734025955,0.6231394410133362,0.2899412214756012,-1.4389673471450806,-0.0633901432156562,-2.405571937561035,1
2023-10-21 17:16:46.730,-1.6599488258361816,0.0804837048053741,-2.083723545074463,0.692223310470581,-0.2152424901723861,0.6254437565803528,0.2886480689048767,-1.4452357292175293,-0.0631163939833641,-2.4071192741394043,1
2023-10-21 17:16:46.750,-1.842900037765503,-0.1294614374637603,-1.5325202941894531,0.6918591260910034,-0.2163683325052261,0.6271095871925354,0.2850424945354461,-1.4504666328430176,-0.0581457093358039,-2.4115264415740967,1
2023-10-21 17:16:46.770,-2.004457950592041,-0.7795267105102539,-0.9823856353759766,0.6918591260910034,-0.2163683325052261,0.6271095871925354,0.2850424945354461,-1.4504666328430176,-0.0581457093358039,-2.4115264415740967,1
2023-10-21 17:16:46.830,-2.0761046409606934,-1.3987234830856323,-0.9560909271240234,0.6919699907302856,-0.2165326476097107,0.6313428282737732,0.2751314043998718,-1.4614142179489136,-0.0477544367313385,-2.4275095462799072,1
2023-10-21 17:16:46.880,-0.3890964984893799,0.3336941003799438,-0.4730815887451172,0.6910024881362915,-0.2144805490970611,0.6353877782821655,0.2698076665401459,-1.4699559211730957,-0.0464685298502445,-2.4390904903411865,1
2023-10-21 17:16:46.900,-0.5688401460647583,-0.8645322322845459,-0.0453834533691406,0.6903524994850159,-0.2114893943071365,0.6391803622245789,0.264828622341156,-1.477116584777832,-0.0465588681399822,-2.4513816833496094,1
2023-10-21 17:16:46.920,-0.2765227556228637,-1.191946268081665,0.4718685150146484,0.6902865171432495,-0.2111915200948715,0.639554500579834,0.2643344402313232,-1.477825403213501,-0.0465640574693679,-2.452601194381714,1
2023-10-21 17:16:46.980,-0.1522623300552368,1.185883402824402,0.2335948944091797,0.6926872134208679,-0.2057467401027679,0.6435669660568237,0.2523379325866699,-1.4836375713348389,-0.039766926318407,-2.47934365272522,1
2023-10-21 17:16:47.000,0.1674669981002807,0.3368849754333496,-0.0330400466918945,0.6929320693016052,-0.2054943889379501,0.6436118483543396,0.2517561614513397,-1.4835467338562012,-0.0392892993986606,-2.4806127548217773,1
2023-10-21 17:16:47.020,0.5121026039123535,-0.5607515573501587,-0.7409954071044922,0.696753978729248,-0.2022968232631683,0.6426258087158203,0.2462559640407562,-1.4783935546875,-0.0346055552363395,-2.493680238723755,1
2023-10-21 17:16:47.030,0.7189596891403198,-0.90101420879364,-1.102827072143555,0.6971316337585449,-0.2019789665937423,0.642524778842926,0.245711013674736,-1.477875828742981,-0.0341456122696399,-2.4949753284454346,1
2023-10-21 17:16:47.050,1.0195815563201904,0.3042517304420471,-0.7343378067016602,0.6990928649902344,-0.2002517133951187,0.6420866250991821,0.2426792383193969,-1.4753557443618774,-0.0316583923995494,-2.5021259784698486,1
2023-10-21 17:16:47.070,1.3418529033660889,1.2582024335861206,-0.2263164520263672,0.6990928649902344,-0.2002517133951187,0.6420866250991821,0.2426792383193969,-1.4753557443618774,-0.0316583923995494,-2.5021259784698486,1
2023-10-21 17:16:47.130,2.0666399002075195,0.7081446051597595,0.9283065795898438,0.7018433213233948,-0.2006144076585769,0.6401443481445312,0.239551767706871,-1.4706594944000244,-0.0250983070582151,-2.5064568519592285,1
2023-10-21 17:16:47.150,2.0437235832214355,0.5752296447753906,1.2095651626586914,0.7019854784011841,-0.200651466846466,0.6400297284126282,0.2394104897975921,-1.4703952074050903,-0.0247533563524484,-2.5066232681274414,1
2023-10-21 17:16:47.170,1.8043973445892332,0.3589687645435333,1.5505657196044922,0.7043853402137756,-0.2004751712083816,0.6379554867744446,0.238041877746582,-1.464929699897766,-0.0212982892990112,-2.5089614391326904,1
2023-10-21 17:16:47.200,1.550247073173523,-0.413929671049118,1.904092788696289,0.707466185092926,-0.2025652676820755,0.6344203948974609,0.2365791499614715,-1.4575881958007812,-0.0135655393823981,-2.5082767009735107,1
2023-10-21 17:16:47.220,1.6727579832077026,-0.3456141352653503,1.758432388305664,0.707466185092926,-0.2025652676820755,0.6344203948974609,0.2365791499614715,-1.4575881958007812,-0.0135655393823981,-2.5082767009735107,1
2023-10-21 17:16:47.280,1.430980563163757,0.4005163311958313,1.3434944152832031,0.7062824964523315,-0.2059912979602813,0.6364420652389526,0.2316769063472747,-1.465583324432373,-0.0039217574521899,-2.5111947059631348,1
2023-10-21 17:16:47.300,1.727650761604309,-0.022670567035675,1.3937091827392578,0.7060760855674744,-0.2060556858778,0.6366917490959167,0.2315627187490463,-1.466275930404663,-0.0038861730135977,-2.511284112930298,1
2023-10-21 17:16:47.320,1.836778998374939,-0.1389686465263366,1.4937496185302734,0.7042189240455627,-0.2060568332672119,0.6381567120552063,0.2331788688898086,-1.4700299501419067,-0.0073911626823246,-2.50876522064209,1
2023-10-21 17:16:47.380,1.3162055015563965,0.7798075079917908,1.309274673461914,0.7037239670753479,-0.2075695097446441,0.6372628211975098,0.2357617765665054,-1.4689950942993164,-0.0083412304520607,-2.502589225769043,1
2023-10-21 17:16:47.430,0.967109203338623,-0.1942465156316757,0.3370304107666015,0.7057234048843384,-0.2123431414365768,0.6315851807594299,0.2407593578100204,-1.45853853225708,-0.0044090594165027,-2.487990140914917,1
2023-10-21 17:16:47.450,0.820789098739624,0.1924265176057815,0.3406867980957031,0.705897331237793,-0.2125488817691803,0.6312636137008667,0.2409113496541977,-1.4578971862792969,-0.004081767052412,-2.487460136413574,1
2023-10-21 17:16:47.470,0.5339100360870361,0.5180505514144897,0.5004072189331055,0.7073241472244263,-0.2142835259437561,0.6288842558860779,0.2414122372865677,-1.4533522129058838,-0.0005049109458923,-2.484228610992432,1
2023-10-21 17:16:47.530,0.7432329654693604,-0.1275445222854614,0.3109588623046875,0.7088720798492432,-0.2162030488252639,0.6255228519439697,0.2438808232545852,-1.4465217590332031,0.0014145676977932,-2.4776318073272705,1
2023-10-21 17:16:47.550,0.603252649307251,0.2352372109889984,0.1242494583129882,0.7104247212409973,-0.2172998338937759,0.6220628619194031,0.2472154796123504,-1.438775897026062,0.0011832120362669,-2.4708032608032227,1
2023-10-21 17:16:47.570,0.5703229904174805,0.3973577618598938,-0.1721029281616211,0.7104247212409973,-0.2172998338937759,0.6220628619194031,0.2472154796123504,-1.438775897026062,0.0011832120362669,-2.4708032608032227,1
2023-10-21 17:16:47.580,0.3425748348236084,0.1559620350599289,-0.2409257888793945,0.7125212550163269,-0.2189173251390457,0.6172045469284058,0.2518874704837799,-1.4280444383621216,0.0010343196336179,-2.461089611053467,1
2023-10-21 17:16:47.600,0.3140187263488769,-0.0854184478521347,-0.2426061630249023,0.7125212550163269,-0.2189173251390457,0.6172045469284058,0.2518874704837799,-1.4280444383621216,0.0010343196336179,-2.461089611053467,1
2023-10-21 17:16:47.620,0.5214684009552002,0.0090482085943222,-0.0257558822631835,0.7159823775291443,-0.2193002104759216,0.610919177532196,0.2570105493068695,-1.412769079208374,4.8279762268e-06,-2.45231556892395,1
2023-10-21 17:16:47.680,0.938462734222412,0.2754516303539276,0.2453374862670898,0.7185578942298889,-0.2180705070495605,0.6070770025253296,0.2599565386772156,-1.4021927118301392,-0.002234699204564,-2.4492263793945312,1
2023-10-21 17:16:47.700,0.6071069240570068,0.0008231103420257,0.6742210388183594,0.7204488515853882,-0.2161642760038375,0.6047825217247009,0.2616573274135589,-1.3948657512664795,-0.0050209672190248,-2.449052572250366,1
2023-10-21 17:16:47.720,0.7108826637268066,0.0460919886827468,1.1415767669677734,0.7206351161003113,-0.2159745991230011,0.6045560240745544,0.2618245482444763,-1.394142508506775,-0.0052975066937506,-2.449036836624145,1
2023-10-21 17:16:47.770,0.9455690383911132,-0.1285315006971359,1.6156558990478516,0.723063588142395,-0.2143965810537338,0.6017364263534546,0.262919157743454,-1.385845184326172,-0.0063713626004755,-2.4493725299835205,1
2023-10-21 17:16:47.830,2.2086386680603027,0.5139576196670532,1.73907470703125,0.725580096244812,-0.2137150317430496,0.598353922367096,0.2642576694488525,-1.376984715461731,-0.006104536820203,-2.4480748176574707,1
2023-10-21 17:16:47.850,1.9297175407409668,-0.0354015678167343,1.6031169891357422,0.7263997197151184,-0.213368758559227,0.5974862575531006,0.2642489969730377,-1.3745683431625366,-0.0057883285917341,-2.448549747467041,1
2023-10-21 17:16:47.870,1.8606092929840088,-0.1121381223201751,1.3748130798339844,0.7263997197151184,-0.213368758559227,0.5974862575531006,0.2642489969730377,-1.3745683431625366,-0.0057883285917341,-2.448549747467041,1
2023-10-21 17:16:47.930,1.376340389251709,-0.332090824842453,1.7239322662353516,0.7272326350212097,-0.2140072286128997,0.5965316295623779,0.2635974884033203,-1.3728023767471311,-0.003222381696105,-2.4487578868865967,1
2023-10-21 17:16:47.980,1.8886516094207764,0.5114206075668335,1.1578073501586914,0.7269344925880432,-0.213852509856224,0.597582221031189,0.2621621787548065,-1.3752262592315674,-0.002413394395262,-2.451329469680786,1
2023-10-21 17:16:48.000,1.7219065427780151,0.389916330575943,0.9020299911499025,0.7261356115341187,-0.2137631773948669,0.5996699929237366,0.2596697509288788,-1.3802427053451538,-0.0009901822777464,-2.45554256439209,1
2023-10-21 17:16:48.020,1.5234216451644895,0.1316185891628265,0.8006763458251953,0.7261356115341187,-0.2137631773948669,0.5996699929237366,0.2596697509288788,-1.3802427053451538,-0.0009901822777464,-2.45554256439209,1
2023-10-21 17:16:48.080,1.4491058588027954,0.7414796352386475,0.3861103057861328,0.7206866145133972,-0.2149956971406936,0.607393205165863,0.2558540403842926,-1.4002703428268433,-0.0009189547272399,-2.460097312927246,1
2023-10-21 17:16:48.100,1.4260051250457764,0.3251418471336365,0.2509107589721679,0.7203646302223206,-0.2150664329528808,0.6078243851661682,0.2556770741939544,-1.401395320892334,-0.0009610058623366,-2.460288047790528,1
2023-10-21 17:16:48.120,1.536237120628357,-0.354918897151947,0.0343389511108398,0.7166610956192017,-0.2162983119487762,0.6122522950172424,0.2544780671596527,-1.41342294216156,-0.0015844113659113,-2.4605441093444824,1
2023-10-21 17:16:48.130,1.8702809810638428,-0.2499351948499679,0.0674266815185546,0.7162925601005554,-0.216420367360115,0.6126895546913147,0.2543594539165497,-1.4146145582199097,-0.0016461617778986,-2.460568189620972,1
2023-10-21 17:16:48.150,1.8921256065368648,0.286131352186203,-0.0828104019165039,0.7125188112258911,-0.217359721660614,0.6175714135169983,0.2523438036441803,-1.4275864362716677,-0.0019348573405295,-2.462521314620972,1
2023-10-21 17:16:48.170,1.7561355829238892,0.5966501235961914,-0.2179489135742187,0.7125188112258911,-0.217359721660614,0.6175714135169983,0.2523438036441803,-1.4275864362716677,-0.0019348573405295,-2.462521314620972,1
2023-10-21 17:16:48.230,1.4531389474868774,0.0817013382911682,-0.4687528610229492,0.7050694823265076,-0.2189660370349884,0.6262360215187073,0.2505184412002563,-1.45074200630188,-0.0049948305822908,-2.463225841522217,1
2023-10-21 17:16:48.250,1.2637462615966797,0.2047463208436966,-0.4566984176635742,0.7050694823265076,-0.2189660370349884,0.6262360215187073,0.2505184412002563,-1.45074200630188,-0.0049948305822908,-2.463225841522217,1
2023-10-21 17:16:48.270,1.240299105644226,0.3505599498748779,-0.3920555114746094,0.7012550830841064,-0.2199732959270477,0.629770815372467,0.2514791786670685,-1.4605685472488403,-0.0082338191568851,-2.4603111743927,1
2023-10-21 17:16:48.320,0.3629549741744995,0.678899884223938,-0.4077653884887695,0.6974838376045227,-0.2200237065553665,0.6331689953804016,0.2533828616142273,-1.4692387580871582,-0.0139428423717617,-2.4572720527648926,1
2023-10-21 17:16:48.380,-0.4638702869415283,-0.6807941794395447,-0.478672981262207,0.6906042098999023,-0.2215754389762878,0.638792097568512,0.2567390501499176,-1.484972357749939,-0.0219656601548194,-2.4498956203460693,1
2023-10-21 17:16:48.400,-0.6406911015510559,-0.4552460312843323,-0.2948322296142578,0.6903045773506165,-0.2216693311929702,0.6390204429626465,0.2568952441215515,-1.4856411218643188,-0.0222857557237148,-2.449522018432617,1
2023-10-21 17:16:48.420,-0.8016431331634521,-0.2881898880004883,-0.3134746551513672,0.6882073879241943,-0.2226554602384567,0.6402326822280884,0.2586452960968017,-1.489629149436951,-0.024722620844841,-2.445399284362793,1
2023-10-21 17:16:48.480,-1.8323744535446167,0.0264217853546142,-1.3804969787597656,0.6861193776130676,-0.2225020825862884,0.6417405605316162,0.2605805397033691,-1.4933624267578125,-0.029128348454833,-2.442623853683472,1
2023-10-21 17:16:48.530,-1.9274635314941408,-0.3603622317314148,-2.8965744972229004,0.6831596493721008,-0.2209141552448272,0.6435177326202393,0.2652822434902191,-1.4965060949325562,-0.0395987406373024,-2.437566041946411,1
2023-10-21 17:16:48.550,-2.1692323684692383,-0.4813702404499054,-2.9591727256774902,0.6830512285232544,-0.2208546251058578,0.6435551643371582,0.2655204832553863,-1.4965486526489258,-0.0400548391044139,-2.4372780323028564,1
2023-10-21 17:16:48.570,-1.977499008178711,-0.984644889831543,-2.6678452491760254,0.6825905442237854,-0.2204514145851135,0.643603503704071,0.2669192850589752,-1.496308445930481,-0.0426371805369854,-2.4356529712677,1
2023-10-21 17:16:48.630,-1.5422815084457395,-1.3577349185943604,0.9118127822875975,0.6826028823852539,-0.2196586728096008,0.6434792876243591,0.2678392827510834,-1.4952797889709473,-0.044833805412054,-2.435324192047119,1
2023-10-21 17:16:48.650,-1.4654849767684937,-0.4415920972824096,1.4946441650390625,0.683086097240448,-0.2194747179746627,0.6426227688789368,0.2688128054141998,-1.492902755737305,-0.0456660538911819,-2.434006929397583,1
2023-10-21 17:16:48.670,-1.3840523958206177,0.0827001333236694,0.9376535415649414,0.683086097240448,-0.2194747179746627,0.6426227688789368,0.2688128054141998,-1.492902755737305,-0.0456660538911819,-2.434006929397583,1
2023-10-21 17:16:48.680,-1.3080062866210938,0.3671965599060058,0.0501775741577148,0.6840163469314575,-0.2201689034700393,0.640753448009491,0.2703374922275543,-1.4886988401412964,-0.0452565662562847,-2.4305202960968018,1
2023-10-21 17:16:48.700,-1.350732922554016,0.2777083218097687,-0.6163520812988281,0.6840163469314575,-0.2201689034700393,0.640753448009491,0.2703374922275543,-1.4886988401412964,-0.0452565662562847,-2.4305202960968018,1
2023-10-21 17:16:48.720,-1.572908639907837,0.0852718502283096,-1.0574007034301758,0.6834498643875122,-0.2200092077255249,0.6403657793998718,0.2728076875209808,-1.487546443939209,-0.0486821271479129,-2.426814556121826,1
2023-10-21 17:16:48.780,-1.4627270698547363,-0.3377901017665863,-0.9199609756469728,0.6811057329177856,-0.217972531914711,0.6425743699073792,0.2751020789146423,-1.4914134740829468,-0.0566527172923088,-2.426182985305786,1
2023-10-21 17:16:48.800,-1.085780143737793,-0.1191549003124237,-0.5834312438964844,0.6797909736633301,-0.2156922519207,0.6443564295768738,0.275981605052948,-1.4940080642700195,-0.0624503158032894,-2.428123235702514,1
2023-10-21 17:16:48.820,-0.8212831020355225,-0.0313929393887519,-0.5939092636108398,0.6796612739562988,-0.2154659479856491,0.6445322632789612,0.276067316532135,-1.4942647218704224,-0.063022568821907,-2.428318738937378,1
2023-10-21 17:16:48.870,-0.650645911693573,-0.0100656636059284,-0.3392190933227539,0.6795950531959534,-0.215230792760849,0.6450310349464417,0.2752476334571838,-1.4953558444976809,-0.0625878199934959,-2.429983139038086,1
2023-10-21 17:16:48.930,-0.7249499559402466,0.1349381804466247,-0.701167106628418,0.6817606091499329,-0.2217793315649032,0.6397281885147095,0.2770638763904571,-1.487463355064392,-0.052113901823759,-2.417523145675659,1
2023-10-21 17:16:48.950,-0.7223015427589417,0.1563611328601837,-0.6222248077392578,0.6817951798439026,-0.2242357432842254,0.6384568810462952,0.2779327034950256,-1.4864121675491333,-0.0491501949727535,-2.41259765625,1
2023-10-21 17:16:48.970,-0.7949830889701843,0.0944012999534607,-0.3571338653564453,0.6817951798439026,-0.2242357432842254,0.6384568810462952,0.2779327034950256,-1.4864121675491333,-0.0491501949727535,-2.41259765625,1
2023-10-21 17:16:49.030,-0.6692765355110168,-0.7256845831871033,-0.1208639144897461,0.6799442768096924,-0.2287613004446029,0.6396913528442383,0.2759332358837127,-1.4937257766723633,-0.041946642100811,-2.409403085708618,1
2023-10-21 17:16:49.050,-0.5304100513458252,-0.7075925469398499,0.0765142440795898,0.6799033284187317,-0.22893987596035,0.6397445201873779,0.2757626473903656,-1.494027853012085,-0.0415332801640033,-2.409420967102051,1
2023-10-21 17:16:49.080,-0.4506089687347412,-0.4600452184677124,0.1516742706298828,0.6813317537307739,-0.2312644720077514,0.6380861401557922,0.2741346955299377,-1.4919415712356567,-0.03471440076828,-2.408609390258789,1
2023-10-21 17:16:49.100,-0.2654342651367187,-0.4360425472259521,-0.0008115768432617,0.6839206218719482,-0.2323017567396164,0.6354005336761475,0.2730472087860107,-1.4860546588897705,-0.0292409304529428,-2.4087564945220947,1
2023-10-21 17:16:49.120,-0.2680840492248535,-0.6127268075942993,0.2092113494873047,0.6839206218719482,-0.2323017567396164,0.6354005336761475,0.2730472087860107,-1.4860546588897705,-0.0292409304529428,-2.4087564945220947,1
2023-10-21 17:16:49.180,-0.3597820997238159,-0.1797717660665512,0.2793025970458984,0.6875916123390198,-0.2308888733386993,0.6334547996520996,0.2695240974426269,-1.4797940254211426,-0.0239504519850015,-2.4163053035736084,1
2023-10-21 17:16:49.200,-0.2802765369415283,0.072540171444416,0.1311941146850586,0.6877555251121521,-0.2308257222175598,0.6333979368209839,0.2692933082580566,-1.4795913696289062,-0.0236385129392147,-2.416759967803955,1
2023-10-21 17:16:49.220,-0.0744243860244751,0.1668114960193634,-0.1584281921386718,0.6892150640487671,-0.2297987192869186,0.6335113644599915,0.2661550343036651,-1.4789361953735352,-0.0204644482582807,-2.423201560974121,1
2023-10-21 17:16:49.230,0.0668690204620361,0.333135724067688,-0.2910432815551758,0.6893589496612549,-0.2296964973211288,0.6335228681564331,0.2658433318138122,-1.4788717031478882,-0.0201503559947013,-2.4238414764404297,1
2023-10-21 17:16:49.250,0.0281318426132202,0.362318754196167,-0.0735931396484375,0.6913667321205139,-0.228010356426239,0.6333003044128418,0.2625913619995117,-1.4767597913742063,-0.0173217076808214,-2.431387186050415,1
2023-10-21 17:16:49.270,-0.0587824583053588,0.283275306224823,0.0060386657714843,0.6913667321205139,-0.228010356426239,0.6333003044128418,0.2625913619995117,-1.4767597913742063,-0.0173217076808214,-2.431387186050415,1
2023-10-21 17:16:49.330,-0.1360449790954589,-0.0028288066387176,0.0168113708496093,0.6957643628120422,-0.2232934981584549,0.631964385509491,0.2582111954689026,-1.469086527824402,-0.0156418792903423,-2.4449923038482666,1
2023-10-21 17:16:49.350,-0.2321590185165405,-0.0130734145641326,0.3129510879516601,0.6957643628120422,-0.2232934981584549,0.631964385509491,0.2582111954689026,-1.469086527824402,-0.0156418792903423,-2.4449923038482666,1
2023-10-21 17:16:49.370,-0.1641414165496826,0.1155231297016143,0.4081096649169922,0.6977227926254272,-0.2200239151716232,0.6308819055557251,0.2583805024623871,-1.4634157419204712,-0.0189849212765693,-2.4493191242218018,1
2023-10-21 17:16:49.420,-0.1980056762695312,0.3870213627815246,-0.4220542907714844,0.6989207863807678,-0.217153325676918,0.6300229430198669,0.2596638202667236,-1.458699345588684,-0.0236445944756269,-2.451290845870972,1
2023-10-21 17:16:49.480,-0.2636934518814087,-0.1217104494571685,0.0864810943603515,0.6962781548500061,-0.2166894227266311,0.6317281126976013,0.2629867792129516,-1.462604522705078,-0.0305248219519853,-2.446704149246216,1
2023-10-21 17:16:49.500,-0.0986582040786743,-0.2128389775753021,0.0763111114501953,0.6971989274024963,-0.2202907651662826,0.6307044625282288,0.2599954307079315,-1.463197946548462,-0.0207890644669532,-2.446375608444214,1
2023-10-21 17:16:49.520,-0.0334241390228271,-0.0800812542438507,-0.0131635665893554,0.6957564949989319,-0.2200234532356262,0.6319082975387573,0.2611599862575531,-1.466011643409729,-0.0238951239734888,-2.444932222366333,1
2023-10-21 17:16:49.580,-0.0882021188735961,0.0396302044391632,-0.0523252487182617,0.6952198147773743,-0.2176022678613662,0.6328422427177429,0.2623534798622131,-1.466240644454956,-0.0294982064515352,-2.4464681148529053,1
2023-10-21 17:16:49.600,-0.0733134746551513,0.0100089907646179,0.1429738998413086,0.6948624849319458,-0.2168652564287185,0.6333932876586914,0.2625804841518402,-1.4669946432113647,-0.0312554761767387,-2.447160482406616,1
2023-10-21 17:16:49.630,0.0642886161804199,-0.0535523295402526,0.1657285690307617,0.6941602230072021,-0.2165044546127319,0.6342630982398987,0.2626360356807709,-1.4688937664031982,-0.0325889140367507,-2.4476094245910645,1
2023-10-21 17:16:49.650,0.0893237590789794,-0.0489071309566497,-0.0608301162719726,0.6940938830375671,-0.2164762169122696,0.6343441009521484,0.2626391649246216,-1.4690755605697632,-0.0327034182846546,-2.4476470947265625,1
2023-10-21 17:16:49.670,0.0477174520492553,0.0037645995616912,-0.1044034957885742,0.6930397748947144,-0.2153652012348175,0.6359783411026001,0.2623839378356933,-1.4722771644592283,-0.0352350063621997,-2.4496734142303467,1
2023-10-21 17:16:49.730,0.0947375297546386,-0.1031741201877594,0.1745452880859375,0.6921796798706055,-0.2130534201860427,0.6381886005401611,0.2611720860004425,-1.4759371280670166,-0.0384210385382175,-2.454929113388061,1
2023-10-21 17:16:49.750,0.1188472509384155,-0.1681230962276458,-0.0344533920288085,0.6918126344680786,-0.2113524079322815,0.6394858360290527,0.260352224111557,-1.4778099060058594,-0.0405616797506809,-2.458670139312744,1
2023-10-21 17:16:49.770,-0.0721153020858764,-0.1801609098911285,-0.159576416015625,0.6918126344680786,-0.2113524079322815,0.6394858360290527,0.260352224111557,-1.4778099060058594,-0.0405616797506809,-2.458670139312744,1
2023-10-21 17:16:49.780,-0.1707856655120849,-0.1401683986186981,-0.0818004608154296,0.6917116045951843,-0.2107413113117218,0.6399508714675903,0.2599734663963318,-1.478485107421875,-0.0412077382206916,-2.4601473808288574,1
2023-10-21 17:16:49.800,-0.2130645513534546,-0.0939701199531555,0.0235986709594726,0.6917116045951843,-0.2107413113117218,0.6399508714675903,0.2599734663963318,-1.478485107421875,-0.0412077382206916,-2.4601473808288574,1
2023-10-21 17:16:49.820,-0.1320021152496338,-0.1856888532638549,0.0325813293457031,0.6896872520446777,-0.2231000810861587,0.6350902915000916,0.2668675482273102,-1.4768390655517578,-0.031236482784152,-2.4316298961639404,1
2023-10-21 17:16:49.880,-0.0305451154708862,-0.158097505569458,-0.0706892013549804,0.69236159324646,-0.2210011035203933,0.632043719291687,0.2689142227172851,-1.4671931266784668,-0.0339122451841831,-2.43122673034668,1
2023-10-21 17:16:49.900,-0.0934380292892456,-0.1378939747810363,-0.1141271591186523,0.6923294067382812,-0.2203289419412613,0.6323391199111938,0.2688539326190948,-1.467344045639038,-0.0349404066801071,-2.4322781562805176,1
2023-10-21 17:16:49.920,-0.1077615022659301,-0.1510901451110839,-0.1834440231323242,0.692954421043396,-0.2205216437578201,0.6316795945167542,0.2686360478401184,-1.4658418893814087,-0.033767320215702,-2.4323301315307617,1
2023-10-21 17:16:49.970,-0.2619794607162475,-0.2196803092956543,0.022775650024414,0.6954476237297058,-0.219704121351242,0.6294154524803162,0.2681771218776703,-1.4593764543533323,-0.0320097021758556,-2.4341273307800293,1
2023-10-21 17:16:50.030,-0.2510547637939453,-0.2092477083206176,0.2047901153564453,0.6975354552268982,-0.2174558043479919,0.6289278864860535,0.2657197117805481,-1.4561655521392822,-0.030875701457262,-2.441180229187012,1
2023-10-21 17:16:50.050,-0.2785458564758301,-0.3134043514728546,0.1752643585205078,0.697930634021759,-0.2158401161432266,0.6296265721321106,0.2643411457538605,-1.4565240144729614,-0.0315948240458965,-2.4456608295440674,1
2023-10-21 17:16:50.070,-0.3643952012062073,-0.3870841264724731,0.1881475448608398,0.697930634021759,-0.2158401161432266,0.6296265721321106,0.2643411457538605,-1.4565240144729614,-0.0315948240458965,-2.4456608295440674,1
2023-10-21 17:16:50.130,-0.5196104645729065,-0.5220409631729126,0.0251235961914062,0.6970571875572205,-0.216169387102127,0.6328299045562744,0.2586665749549866,-1.4649689197540283,-0.0260219741612672,-2.454331398010254,1
2023-10-21 17:16:50.150,-0.4480321407318115,-0.4709839820861816,-0.2144737243652343,0.6975768804550171,-0.2173042744398117,0.6323671340942383,0.2574436962604522,-1.4647899866104126,-0.0224268455058336,-2.454664468765259,1
2023-10-21 17:16:50.180,-0.2771042585372925,-0.3129948079586029,-0.1802759170532226,0.6984522938728333,-0.215970754623413,0.6322106122970581,0.2565752863883972,-1.4632285833358765,-0.0227306392043828,-2.4579100608825684,1
2023-10-21 17:16:50.200,-0.2776811122894287,-0.1816810667514801,-0.0120506286621093,0.7000921368598938,-0.2143782526254654,0.6314132809638977,0.2554023563861847,-1.4598225355148315,-0.0223616827279329,-2.461982488632202,1
2023-10-21 17:16:50.220,-0.0954228639602661,-0.0837087333202362,0.005711555480957,0.7000921368598938,-0.2143782526254654,0.6314132809638977,0.2554023563861847,-1.4598225355148315,-0.0223616827279329,-2.461982488632202,1
2023-10-21 17:16:50.280,0.0965794324874877,0.3923637270927429,-0.7205791473388672,0.700637936592102,-0.2114342749118805,0.6324746608734131,0.2537278234958648,-1.4599933624267578,-0.0246775764971971,-2.468782663345337,1
2023-10-21 17:16:50.300,0.0408024787902832,0.6528780460357666,-0.8139505386352539,0.6994572281837463,-0.2132017612457275,0.6339110136032104,0.2519157528877258,-1.4651727676391602,-0.021134877577424,-2.4692130088806152,1
2023-10-21 17:16:50.320,-0.0813052654266357,0.7783515453338623,-0.6569643020629883,0.7009502649307251,-0.2109840214252472,0.632988452911377,0.2519527971744537,-1.460923194885254,-0.0231898948550224,-2.4722375869750977,1
2023-10-21 17:16:50.350,-0.1874302625656128,0.762718141078949,0.4675407409667969,0.7006656527519226,-0.2105620205402374,0.6339910626411438,0.2505728006362915,-1.463122844696045,-0.0226566214114427,-2.47503662109375,1
2023-10-21 17:16:50.370,-0.2709312438964844,0.7059630155563354,1.0321731567382812,0.7006656527519226,-0.2105620205402374,0.6339910626411438,0.2505728006362915,-1.463122844696045,-0.0226566214114427,-2.47503662109375,1
2023-10-21 17:16:50.430,-0.6386144161224365,-0.1683929860591888,1.0650396347045898,0.6961292624473572,-0.217459499835968,0.6382655501365662,0.2464396506547927,-1.4800083637237549,-0.0118283107876777,-2.471900224685669,1
2023-10-21 17:16:50.450,-0.5955052971839905,-0.1748088598251342,0.9525108337402344,0.6961292624473572,-0.217459499835968,0.6382655501365662,0.2464396506547927,-1.4800083637237549,-0.0118283107876777,-2.471900224685669,1
2023-10-21 17:16:50.470,-0.4787986278533935,0.1255766451358795,0.7315845489501953,0.6953227519989014,-0.2225506752729416,0.6373552083969116,0.2465275973081588,-1.48218035697937,-0.0047622206620872,-2.464503288269043,1
2023-10-21 17:16:50.520,-0.5121577978134155,0.5429072380065918,-0.2999944686889648,0.6961127519607544,-0.2239481508731842,0.6342083215713501,0.2511059045791626,-1.475395441055298,-0.0067206234671175,-2.4553048610687256,1
2023-10-21 17:16:50.580,-0.7797410488128662,0.4465160369873047,-0.759394645690918,0.6987636089324951,-0.2230407744646072,0.6271379590034485,0.2620691657066345,-1.4566304683685305,-0.0170022994279861,-2.4391331672668457,1
2023-10-21 17:16:50.600,-0.7708035111427307,0.4914870858192444,-0.799931526184082,0.6987636089324951,-0.2230407744646072,0.6271379590034485,0.2620691657066345,-1.4566304683685305,-0.0170022994279861,-2.4391331672668457,1
2023-10-21 17:16:50.620,-0.5030924677848816,0.5864946246147156,-0.7686443328857422,0.7001953125,-0.2248639464378357,0.6243600249290466,0.2633199691772461,-1.4512789249420166,-0.0139160174876451,-2.4345269203186035,1
2023-10-21 17:16:50.680,-1.404314041137695,0.0713847279548645,-1.1076812744140625,0.701800525188446,-0.227301225066185,0.6214517951011658,0.2638332843780517,-1.446205735206604,-0.008879211731255,-2.430244207382202,1
2023-10-21 17:16:50.700,-1.398327112197876,0.2592089772224426,-1.4173383712768557,0.7022721171379089,-0.2288557589054107,0.6202026605606079,0.2641735374927521,-1.44451105594635,-0.0062442529015243,-2.4275026321411133,1
2023-10-21 17:16:50.730,-0.7553678750991821,0.2644346356391907,-1.5792646408081057,0.701557457447052,-0.2292509973049163,0.6202433109283447,0.2656301856040954,-1.4449763298034668,-0.0078452732414007,-2.4246108531951904,1
2023-10-21 17:16:50.750,-1.0154889822006226,0.0968396663665771,-1.423564910888672,0.7014808654785156,-0.2292736023664474,0.6202607750892639,0.2657721042633056,-1.4450407028198242,-0.00803401786834,-2.424351453781128,1
2023-10-21 17:16:50.770,-1.0994746685028076,0.0292600393295288,-1.560384750366211,0.6999198794364929,-0.2281181514263153,0.6211512684822083,0.2687850892543793,-1.4461945295333862,-0.0145840747281908,-2.421149253845215,1
2023-10-21 17:16:50.830,-1.2324490547180176,0.131399393081665,-2.485930919647217,0.6971923112869263,-0.2260168939828872,0.6232905387878418,0.2726686298847198,-1.449612379074097,-0.0247515980154275,-2.417900323867798,1
2023-10-21 17:16:50.850,-1.437995195388794,0.4458166360855102,-2.4996447563171387,0.6944045424461365,-0.2247349321842193,0.62574303150177,0.2752132415771484,-1.4545947313308716,-0.0323172435164451,-2.4156806468963623,1
2023-10-21 17:16:50.870,-1.7158799171447754,0.5526682138442993,-2.127803325653076,0.6944045424461365,-0.2247349321842193,0.62574303150177,0.2752132415771484,-1.4545947313308716,-0.0323172435164451,-2.4156806468963623,1
2023-10-21 17:16:50.900,-1.051498532295227,0.182782769203186,-1.9199180603027344,0.691093921661377,-0.2247098088264465,0.6287547945976257,0.2766986191272735,-1.4621613025665283,-0.0373687073588371,-2.4134442806243896,1
2023-10-21 17:16:50.920,0.751701831817627,-0.946135401725769,-2.5803122520446777,0.6880780458450317,-0.2264861613512039,0.6311280727386475,0.2773627936840057,-1.4697874784469604,-0.0384320430457592,-2.4099791049957275,1
2023-10-21 17:16:50.980,0.6306189298629761,0.2886073589324951,1.5360851287841797,0.6839574575424194,-0.2290782779455185,0.6342683434486389,0.2782609462738037,-1.4801474809646606,-0.0396350063383579,-2.4050118923187256,1
2023-10-21 17:16:51.000,1.3205235004425049,-0.9090467691421508,1.6442155838012695,0.6801718473434448,-0.231482595205307,0.6368800401687622,0.2795817852020263,-1.4890366792678833,-0.0412358976900577,-2.399604320526123,1
2023-10-21 17:16:51.020,0.9089242815971376,-1.998801827430725,0.3354330062866211,0.6797959804534912,-0.2317203432321548,0.6371374130249023,0.2797126471996307,-1.4899157285690308,-0.0413975045084953,-2.399068832397461,1
2023-10-21 17:16:51.070,1.1321721076965332,1.061118245124817,-0.1045894622802734,0.6770469546318054,-0.2345613092184066,0.6382332444190979,0.2815080881118774,-1.4953806400299072,-0.04172969982028,-2.392204523086548,1
2023-10-21 17:16:51.130,1.705241084098816,-1.5007113218307495,0.1469564437866211,0.6730957627296448,-0.2435215413570404,0.6362471580505371,0.2878002822399139,-1.4989078044891355,-0.0384070202708244,-2.3692312240600586,1
2023-10-21 17:16:51.150,1.8531980514526367,-1.6614691019058228,0.5800161361694336,0.6719763278961182,-0.2474323660135269,0.634526789188385,0.2908621430397033,-1.4983786344528198,-0.036590427160263,-2.358630657196045,1
2023-10-21 17:16:51.170,2.397125482559204,-0.9200519323349,1.2442302703857422,0.6719763278961182,-0.2474323660135269,0.634526789188385,0.2908621430397033,-1.4983786344528198,-0.036590427160263,-2.358630657196045,1
2023-10-21 17:16:51.230,1.8982067108154297,-0.2336125373840332,1.7562646865844729,0.6695129871368408,-0.2550096809864044,0.6293405890464783,0.30108642578125,-1.4928617477416992,-0.0375160351395607,-2.331068992614746,1
2023-10-21 17:16:51.250,1.9219111204147337,-0.4613975286483764,1.634805679321289,0.6694892644882202,-0.25535848736763,0.6289398670196533,0.3016801476478576,-1.4922066926956177,-0.0375666469335556,-2.329591751098633,1
2023-10-21 17:16:51.280,2.119650363922119,-0.5582790970802307,1.7747907638549805,0.6670436859130859,-0.2563200294971466,0.6283348798751831,0.3074868619441986,-1.4916448593139648,-0.0444707795977592,-2.318799495697021,1
2023-10-21 17:16:51.300,2.2142693996429443,-0.3918190002441406,1.5081148147583008,0.6635793447494507,-0.2531232833862304,0.6304465532302856,0.3132543265819549,-1.4936538934707642,-0.0590798258781433,-2.314178228378296,1
2023-10-21 17:16:51.320,1.781206130981445,-0.4219388365745544,1.2911577224731443,0.6635793447494507,-0.2531232833862304,0.6304465532302856,0.3132543265819549,-1.4936538934707642,-0.0590798258781433,-2.314178228378296,1
2023-10-21 17:16:51.380,1.6329280138015747,-0.3032511472702026,1.7092905044555664,0.6546311974525452,-0.2480713427066803,0.6386469006538391,0.3194506168365478,-1.5093631744384766,-0.0833382532000541,-2.311987400054932,1
2023-10-21 17:16:51.400,1.711215257644653,-0.1661758422851562,1.6348772048950195,0.6542754769325256,-0.2478540539741516,0.6389996409416199,0.3196427524089813,-1.5100479125976562,-0.0842732787132263,-2.312018632888794,1
2023-10-21 17:16:51.420,1.428619384765625,-0.1591683626174926,1.547398567199707,0.6518592238426208,-0.2475347220897674,0.6405193209648132,0.3217782378196716,-1.5136127471923828,-0.0896146595478057,-2.309150457382202,1
2023-10-21 17:16:51.450,1.1841812133789062,-0.4759773015975952,1.562103271484375,0.6508927345275879,-0.2494480460882187,0.6399604082107544,0.3233652412891388,-1.5140875577926636,-0.0892725959420204,-2.303774118423462,1
2023-10-21 17:16:51.470,1.3296558856964111,-0.198376178741455,1.3155279159545898,0.6508927345275879,-0.2494480460882187,0.6399604082107544,0.3233652412891388,-1.5140875577926636,-0.0892725959420204,-2.303774118423462,1
2023-10-21 17:16:51.530,0.6224219799041748,-0.1524375081062317,0.6522245407104492,0.6539816856384277,-0.2483132928609848,0.6381241679191589,0.3216302692890167,-1.5082495212554932,-0.0858006179332733,-2.308056354522705,1
2023-10-21 17:16:51.550,0.6658339500427246,-0.5144616365432739,0.647308349609375,0.6539816856384277,-0.2483132928609848,0.6381241679191589,0.3216302692890167,-1.5082495212554932,-0.0858006179332733,-2.308056354522705,1
2023-10-21 17:16:51.570,0.5687971115112305,-0.5021125674247742,0.4843921661376953,0.6561456322669983,-0.2460252791643142,0.6378505825996399,0.3195168972015381,-1.5052775144577026,-0.0848530679941177,-2.3147435188293457,1
2023-10-21 17:16:51.630,0.6811312437057495,-0.3805832266807556,0.7258996963500977,0.6599677801132202,-0.2429720908403396,0.6362190246582031,0.3172262609004974,-1.4981021881103516,-0.0830386579036712,-2.3226826190948486,1
2023-10-21 17:16:51.680,0.8246293067932129,-0.5435807704925537,1.312504768371582,0.6681171655654907,-0.2406708002090454,0.6299179196357727,0.3144845962524414,-1.479856014251709,-0.0746757462620735,-2.329901218414306,1
2023-10-21 17:16:51.700,0.6834748983383179,-0.7274487614631653,1.0081377029418943,0.6681171655654907,-0.2406708002090454,0.6299179196357727,0.3144845962524414,-1.479856014251709,-0.0746757462620735,-2.329901218414306,1
2023-10-21 17:16:51.720,1.199436902999878,-0.289486289024353,1.1196327209472656,0.6722158789634705,-0.2405294477939605,0.6259704232215881,0.313739538192749,-1.4697680473327637,-0.0694637596607208,-2.331026315689087,1
2023-10-21 17:16:51.780,1.3591490983963013,0.000931978225708,0.9376955032348632,0.675616979598999,-0.2405958920717239,0.6221743226051331,0.3139338791370392,-1.4603091478347778,-0.0655888766050338,-2.3303513526916504,1
2023-10-21 17:16:51.800,1.7229865789413452,0.0235152244567871,1.218158721923828,0.6781824827194214,-0.23963063955307,0.619804322719574,0.3138284981250763,-1.453447699546814,-0.0640416890382766,-2.3317208290100098,1
2023-10-21 17:16:51.830,1.942325592041016,0.0612810850143432,0.7883834838867188,0.6810289025306702,-0.2386216521263122,0.6170914173126221,0.3137794137001037,-1.445712685585022,-0.062284916639328,-2.333036422729492,1
2023-10-21 17:16:51.850,1.7987143993377686,0.0107528567314147,0.8884305953979492,0.6812851428985596,-0.2385312169790268,0.6168454885482788,0.3137754797935486,-1.4450138807296753,-0.0621263906359672,-2.333153247833252,1
2023-10-21 17:16:51.870,1.6729716062545776,-0.2947274446487427,1.2163896560668943,0.6826827526092529,-0.2374605983495712,0.615444540977478,0.3143005073070526,-1.4404916763305664,-0.0626896172761917,-2.3336856365203857,1
2023-10-21 17:16:51.930,1.0700923204421997,-0.8804590702056885,0.7797489166259766,0.6838869452476501,-0.2372093200683593,0.6142783761024475,0.3141536712646484,-1.437361240386963,-0.0615457445383071,-2.334204196929932,1
2023-10-21 17:16:51.950,1.4609004259109497,-0.5520650148391724,0.8260135650634766,0.6838898658752441,-0.240154430270195,0.6129425764083862,0.3145186007022857,-1.436924695968628,-0.0571163557469844,-2.3294289112091064,1
2023-10-21 17:16:51.970,1.3820667266845703,-0.6305733919143677,0.3974733352661133,0.6838898658752441,-0.240154430270195,0.6129425764083862,0.3145186007022857,-1.436924695968628,-0.0571163557469844,-2.3294289112091064,1
2023-10-21 17:16:52.000,1.0855979919433594,-0.5418512225151062,0.2055864334106445,0.6826507449150085,-0.2418066263198852,0.6129238605499268,0.3159774839878082,-1.4384868144989014,-0.057232566177845,-2.3247087001800537,1
2023-10-21 17:16:52.020,1.020662784576416,-0.8276705741882324,-0.0519657135009765,0.6791220307350159,-0.2426437437534332,0.6153875589370728,0.3181437849998474,-1.445382833480835,-0.0620337948203086,-2.3200974464416504,1
2023-10-21 17:16:52.080,1.6418110132217407,-0.1827307343482971,-0.2687921524047851,0.6759491562843323,-0.2432675063610077,0.6177493333816528,0.3198429048061371,-1.4518415927886963,-0.0663412064313888,-2.316563606262207,1
2023-10-21 17:16:52.100,1.7688368558883667,-0.2346230149269104,-0.4668569564819336,0.674078643321991,-0.2434560358524322,0.6190027594566345,0.3212207555770874,-1.4551303386688232,-0.0695120096206665,-2.3141043186187744,1
2023-10-21 17:16:52.120,1.9357249736785889,-0.2304459810256958,-0.660736083984375,0.6738942265510559,-0.2434742301702499,0.6191257238388062,0.321356862783432,-1.4554530382156372,-0.0698255747556686,-2.3138620853424072,1
2023-10-21 17:16:52.180,1.521701693534851,-0.5171587467193604,-0.3277835845947265,0.6710861325263977,-0.2433941513299942,0.6226242780685425,0.3205334842205047,-1.4641175270080566,-0.0725305452942848,-2.31558609008789,1
2023-10-21 17:16:52.230,1.1480035781860352,-0.3356943726539612,-0.3959569931030273,0.6692951917648315,-0.2454898208379745,0.6238165497779846,0.3203617334365845,-1.4691896438598633,-0.0711436048150062,-2.3130033016204834,1
2023-10-21 17:16:52.250,0.8980646133422852,-0.5650484561920166,-0.4246015548706054,0.6671410202980042,-0.2476390749216079,0.6248322129249573,0.3212205469608307,-1.4738812446594238,-0.0710572898387909,-2.308624029159546,1
2023-10-21 17:16:52.270,0.5253865718841553,-0.6832915544509888,-0.2693214416503906,0.6671410202980042,-0.2476390749216079,0.6248322129249573,0.3212205469608307,-1.4738812446594238,-0.0710572898387909,-2.308624029159546,1
2023-10-21 17:16:52.330,-0.0512971878051757,-0.1578627824783325,-0.413334846496582,0.6608477830886841,-0.2554817199707031,0.6279452443122864,0.3220157623291015,-1.489699125289917,-0.0667971521615982,-2.2963500022888184,1
2023-10-21 17:16:52.350,-0.5145065784454346,-0.0916595160961151,-0.7873878479003906,0.6605355739593506,-0.2559160888195038,0.628074586391449,0.3220592141151428,-1.490473985671997,-0.0665201172232627,-2.295663595199585,1
2023-10-21 17:16:52.380,-1.886471152305603,0.2706754207611084,-1.2190189361572266,0.6583752632141113,-0.2594955265522003,0.6290883421897888,0.3216394782066345,-1.496761918067932,-0.0630301535129547,-2.291256189346313,1
2023-10-21 17:16:52.400,-2.4327597618103027,0.7124855518341064,-1.321798324584961,0.6571500301361084,-0.262602686882019,0.6300580501556396,0.3197194337844848,-1.5024960041046145,-0.0577770285308361,-2.2899363040924072,1
2023-10-21 17:16:52.420,-2.6817753314971924,0.6604989767074585,-1.6020622253417969,0.6571500301361084,-0.262602686882019,0.6300580501556396,0.3197194337844848,-1.5024960041046145,-0.0577770285308361,-2.2899363040924072,1
2023-10-21 17:16:52.480,-1.826899170875549,0.0820260345935821,-2.958115577697754,0.6573253273963928,-0.2647043168544769,0.6325297355651855,0.3126679956912994,-1.5110175609588623,-0.0475678406655788,-2.298414707183838,1
2023-10-21 17:16:52.500,-1.6546828746795654,1.262434720993042,-2.501768112182617,0.6573447585105896,-0.2647763192653656,0.6326719522476196,0.3122780621051788,-1.5114564895629885,-0.0470578297972679,-2.2989444732666016,1
2023-10-21 17:16:52.520,-1.816045880317688,1.922066330909729,-1.4021711349487305,0.6584262251853943,-0.2648433744907379,0.6334326267242432,0.3083766400814056,-1.5134724378585815,-0.0419242680072784,-2.305156707763672,1
2023-10-21 17:16:52.550,-1.874525547027588,1.2854979038238523,0.6322498321533203,0.6596128344535828,-0.2644959390163421,0.6340652704238892,0.3048181235790252,-1.5147210359573364,-0.0376282297074794,-2.311399459838867,1
2023-10-21 17:16:52.570,-1.4691622257232666,1.0651108026504517,0.6638603210449219,0.6596128344535828,-0.2644959390163421,0.6340652704238892,0.3048181235790252,-1.5147210359573364,-0.0376282297074794,-2.311399459838867,1
2023-10-21 17:16:52.630,-1.6539533138275146,0.0766307711601257,-0.1714153289794922,0.6623014807701111,-0.2626034617424011,0.6350975632667542,0.2984079420566559,-1.5153599977493286,-0.0311960503458976,-2.324463367462158,1
2023-10-21 17:16:52.650,-1.868521213531494,0.2164168953895568,-0.4067716598510742,0.6623014807701111,-0.2626034617424011,0.6350975632667542,0.2984079420566559,-1.5153599977493286,-0.0311960503458976,-2.324463367462158,1
2023-10-21 17:16:52.670,-1.7512694597244265,0.2064294815063476,-0.9557247161865234,0.6630215644836426,-0.261775255203247,0.6367074251174927,0.2940744459629059,-1.5185983180999756,-0.0273568779230117,-2.3326256275177,1
2023-10-21 17:16:52.730,-1.136181116104126,0.1606531143188476,-2.2634754180908203,0.6628414988517761,-0.2624880969524383,0.6380420923233032,0.290935605764389,-1.522760272026062,-0.0232844240963459,-2.336578369140625,1
2023-10-21 17:16:52.780,-0.5607457160949707,0.6600536704063416,-2.1661953926086426,0.6659374833106995,-0.2608041167259216,0.6347307562828064,0.2926181554794311,-1.5125503540039062,-0.024111371487379,-2.336317777633667,1
2023-10-21 17:16:52.800,-0.4058560132980346,0.8862903118133545,-1.9843511581420896,0.6659374833106995,-0.2608041167259216,0.6347307562828064,0.2926181554794311,-1.5125503540039062,-0.024111371487379,-2.336317777633667,1
2023-10-21 17:16:52.820,-0.3340330123901367,0.8390383124351501,-1.556379318237305,0.6690331697463989,-0.2559578418731689,0.6328359246253967,0.2939369678497314,-1.502705454826355,-0.0295434650033712,-2.3412728309631348,1
2023-10-21 17:16:52.880,-0.0970282554626464,0.1601596474647522,-0.098210334777832,0.6717208027839661,-0.2491085678339004,0.6318031549453735,0.295907199382782,-1.4931191205978394,-0.0392574779689312,-2.348027229309082,1
2023-10-21 17:16:52.900,-0.3838376998901367,-0.1270339488983154,0.3699798583984375,0.6723296642303467,-0.2447263300418853,0.6327016353607178,0.2962610721588135,-1.4910327196121216,-0.0458322279155254,-2.353808641433716,1
2023-10-21 17:16:52.920,-0.4986052513122558,-0.3094899356365204,0.6580562591552734,0.6723876595497131,-0.2442935854196548,0.6327915191650391,0.2962944805622101,-1.490833759307861,-0.0464820452034473,-2.3543803691864014,1
2023-10-21 17:16:52.930,-0.5630385875701904,-0.3720028698444366,0.7886123657226562,0.6708564162254333,-0.2420370429754257,0.6360185146331787,0.2947034835815429,-1.4968390464782717,-0.0501505807042121,-2.360335111618042,1
2023-10-21 17:16:52.950,-0.5358905792236328,-0.4038749039173126,0.5941524505615234,0.6707019805908203,-0.241815447807312,0.6363396644592285,0.2945437133312225,-1.4974428415298462,-0.0505089610815048,-2.3609261512756348,1
2023-10-21 17:16:52.970,-0.686220645904541,-0.2048108279705047,0.1581029891967773,0.6690760850906372,-0.2405761033296585,0.6392087936401367,0.2930402159690857,-1.5035818815231323,-0.0527247674763202,-2.365266799926758,1
2023-10-21 17:16:53.030,-1.113057017326355,0.2737741470336914,-1.164628028869629,0.6690026521682739,-0.2394083440303802,0.6399421691894531,0.2925631105899811,-1.504334807395935,-0.0541437417268753,-2.367748260498047,1
2023-10-21 17:16:53.050,-1.0800750255584717,0.2279104590415954,-1.1171789169311523,0.6711841821670532,-0.2379215955734253,0.6381658911705017,0.2926592528820038,-1.4983515739440918,-0.0541783645749092,-2.369624376296997,1
2023-10-21 17:16:53.070,-1.057529091835022,-0.0587392151355743,-0.789586067199707,0.6711841821670532,-0.2379215955734253,0.6381658911705017,0.2926592528820038,-1.4983515739440918,-0.0541783645749092,-2.369624376296997,1
2023-10-21 17:16:53.100,-0.2309178113937378,0.0411473512649536,0.8289508819580078,0.6757176518440247,-0.2353920489549636,0.6340504884719849,0.2932170629501343,-1.4854284524917605,-0.0537376031279563,-2.3721024990081787,1
2023-10-21 17:16:53.120,-0.1288232803344726,-0.0272258222103118,1.659769058227539,0.6824712157249451,-0.2328967452049255,0.6275985836982727,0.2934489548206329,-1.4667179584503174,-0.0504670664668083,-2.3749022483825684,1
2023-10-21 17:16:53.180,-0.7542163133621216,0.0187889337539672,-0.138981819152832,0.6896791458129883,-0.2322088778018951,0.6206598281860352,0.291895717382431,-1.4486644268035889,-0.0420490428805351,-2.378049373626709,1
2023-10-21 17:16:53.200,-1.0620498657226562,-0.3921754360198974,-0.622711181640625,0.6945036053657532,-0.2329706698656082,0.6161114573478699,0.2894755601882934,-1.438071846961975,-0.0331065319478511,-2.3807482719421387,1
2023-10-21 17:16:53.220,-1.1893911361694336,-0.6715059280395508,-0.8056373596191406,0.6949777603149414,-0.2330468446016311,0.6156612634658813,0.2892342209815979,-1.4370278120040894,-0.0322214402258396,-2.3810203075408936,1
2023-10-21 17:16:53.280,-0.4420464038848877,-0.1030061244964599,-0.4684305191040039,0.6975845098495483,-0.2343708723783493,0.6139582991600037,0.2854846119880676,-1.43408203125,-0.0235665198415517,-2.3852338790893555,1
2023-10-21 17:16:53.330,0.0848251581192016,-0.0393580496311187,0.3120326995849609,0.6983805298805237,-0.2334792017936706,0.6140016317367554,0.2841726541519165,-1.4333492517471311,-0.0228522941470146,-2.3886168003082275,1
2023-10-21 17:16:53.350,0.0740604400634765,-0.2027920037508011,0.077432632446289,0.7005819082260132,-0.234003335237503,0.6118907332420349,0.2828733026981354,-1.4286298751831057,-0.0182991102337837,-2.3899567127227783,1
2023-10-21 17:16:53.370,-0.0934772491455078,-0.3743188381195068,-0.212533950805664,0.7005819082260132,-0.234003335237503,0.6118907332420349,0.2828733026981354,-1.4286298751831057,-0.0182991102337837,-2.3899567127227783,1
2023-10-21 17:16:53.430,-0.6014400720596313,-0.4300335645675659,-0.2472591400146484,0.7059420943260193,-0.2373478710651397,0.6068224906921387,0.2776297330856323,-1.419352889060974,-0.0018362115370109,-2.393777847290039,1
2023-10-21 17:16:53.450,-0.4259878396987915,-0.3291786313056946,0.0228242874145507,0.7060922384262085,-0.2374227344989776,0.6067418456077576,0.2773600816726684,-1.4192270040512085,-0.0012872222578153,-2.3941128253936768,1
2023-10-21 17:16:53.470,-0.1968299150466919,-0.1395073682069778,0.0562686920166015,0.7047988176345825,-0.2355909049510955,0.6102415919303894,0.2745194733142853,-1.4260869026184082,-0.0029580339323729,-2.40130615234375,1
2023-10-21 17:16:53.480,-0.1274695396423339,-0.093722254037857,-0.1557703018188476,0.7047988176345825,-0.2355909049510955,0.6102415919303894,0.2745194733142853,-1.4260869026184082,-0.0029580339323729,-2.40130615234375,1
2023-10-21 17:16:53.500,-0.0335603952407836,-0.2142695039510727,-0.3502016067504883,0.7021811604499817,-0.2344801872968673,0.6149783730506897,0.2715923488140106,-1.436752438545227,-0.0047517297789454,-2.407623529434204,1
2023-10-21 17:16:53.520,-0.0768473148345947,-0.3807087540626526,-0.2172079086303711,0.7021811604499817,-0.2344801872968673,0.6149783730506897,0.2715923488140106,-1.436752438545227,-0.0047517297789454,-2.407623529434204,1
2023-10-21 17:16:53.580,-0.2027459144592285,-0.2031868994235992,-0.1233243942260742,0.6998385190963745,-0.2383469045162201,0.6169857978820801,0.2697133719921112,-1.4454295635223389,0.0007900596247054,-2.405192613601685,1
2023-10-21 17:16:53.600,-0.1898461580276489,-0.1429573744535446,-0.1986198425292968,0.6998010873794556,-0.2385545223951339,0.6169612407684326,0.2696832120418548,-1.4455680847167969,0.001113265985623,-2.404946565628052,1
2023-10-21 17:16:53.620,-0.0705041885375976,-0.1003894954919815,-0.2814388275146484,0.6994162201881409,-0.2398241907358169,0.6169835329055786,0.2695045471191406,-1.4468473196029663,0.0029141348786652,-2.403430461883545,1
2023-10-21 17:16:53.650,0.065804123878479,-0.1429758667945861,-0.2184133529663086,0.6981989741325378,-0.2406698614358902,0.618603527545929,0.2681900560855865,-1.4516985416412354,0.0042642783373594,-2.4043290615081787,1
2023-10-21 17:16:53.670,0.1079057455062866,-0.0759895890951156,-0.2431097030639648,0.6981989741325378,-0.2406698614358902,0.618603527545929,0.2681900560855865,-1.4516985416412354,0.0042642783373594,-2.4043290615081787,1
2023-10-21 17:16:53.730,-0.1420545578002929,0.1959622353315353,-0.1777486801147461,0.6956605911254883,-0.2424817532300949,0.621962308883667,0.265371173620224,-1.4618470668792725,0.0072683435864746,-2.4062204360961914,1
2023-10-21 17:16:53.750,-0.1017616987228393,0.2783510088920593,-0.2541542053222656,0.6956605911254883,-0.2424817532300949,0.621962308883667,0.265371173620224,-1.4618470668792725,0.0072683435864746,-2.4062204360961914,1
2023-10-21 17:16:53.770,-0.1469733715057373,0.2814958095550537,-0.2854175567626953,0.6948602199554443,-0.2428606897592544,0.6228389143943787,0.2650653719902038,-1.4644122123718262,0.0073224664665758,-2.406156063079834,1
2023-10-21 17:16:53.830,-0.2506366968154907,0.1528640538454055,0.1699676513671875,0.7000322937965393,-0.2417566925287246,0.6168452501296997,0.2664780914783478,-1.4483736753463743,0.0097236381843686,-2.4055354595184326,1
2023-10-21 17:16:53.880,-0.23691987991333,0.2896458506584167,-0.217320442199707,0.7013487815856934,-0.2438937127590179,0.6143923401832581,0.2667356133460998,-1.444370985031128,0.0143489697948098,-2.40210223197937,1
2023-10-21 17:16:53.900,-0.2700530290603637,0.478061705827713,-0.3275966644287109,0.7013487815856934,-0.2438937127590179,0.6143923401832581,0.2667356133460998,-1.444370985031128,0.0143489697948098,-2.40210223197937,1
2023-10-21 17:16:53.920,-0.3531043529510498,0.5259145498275757,-0.288640022277832,0.7017276287078857,-0.242360457777977,0.6132391691207886,0.2697730958461761,-1.440019965171814,0.0092713376507163,-2.399416446685791,1
2023-10-21 17:16:53.980,-0.3644239902496338,0.0018049776554107,0.225006103515625,0.7060075402259827,-0.2376796752214431,0.6074501276016235,0.275800883769989,-1.4212137460708618,0.0005367398262023,-2.396292924880981,1
2023-10-21 17:16:54.000,-0.255983829498291,-0.1154558062553405,0.0462188720703125,0.7062510251998901,-0.2375235855579376,0.6065623760223389,0.2772620022296905,-1.4188834428787231,-0.0008508266182616,-2.3941314220428467,1
2023-10-21 17:16:54.020,-0.2227579355239868,-0.0295131504535675,-0.0713634490966796,0.7058424353599548,-0.2347329556941986,0.6069657206535339,0.2797847390174866,-1.4172017574310305,-0.0082706259563565,-2.393910646438598,1
2023-10-21 17:16:54.030,-0.1407454013824463,0.1828926801681518,-0.2449474334716797,0.705955982208252,-0.2342947274446487,0.6062924861907959,0.2813212871551513,-1.41512930393219,-0.0103226052597165,-2.3920018672943115,1
2023-10-21 17:16:54.050,-0.1763858795166015,0.2957378625869751,-0.3492031097412109,0.705955982208252,-0.2342947274446487,0.6062924861907959,0.2813212871551513,-1.41512930393219,-0.0103226052597165,-2.3920018672943115,1
2023-10-21 17:16:54.070,-0.1714719533920288,0.253958523273468,-0.4142351150512695,0.7040938138961792,-0.2297299057245254,0.6078471541404724,0.2863529920578003,-1.414623141288757,-0.0246173869818449,-2.3901045322418213,1
2023-10-21 17:16:54.130,-0.1135932207107544,-0.550286054611206,-0.8404512405395508,0.6990929245948792,-0.227753147482872,0.6128992438316345,0.2893996834754944,-1.4252210855484009,-0.03631242364645,-2.3879973888397217,1
2023-10-21 17:16:54.150,-0.1427078247070312,-0.7144155502319336,-1.0094985961914062,0.6994178295135498,-0.2275948822498321,0.6122539639472961,0.2901042401790619,-1.423472881317139,-0.0368754677474498,-2.3870365619659424,1
2023-10-21 17:16:54.170,-0.2945036888122558,-0.964380979537964,-0.7294816970825195,0.6994178295135498,-0.2275948822498321,0.6122539639472961,0.2901042401790619,-1.423472881317139,-0.0368754677474498,-2.3870365619659424,1
2023-10-21 17:16:54.220,-0.0803086757659912,-0.4981258809566498,1.408696174621582,0.6973124742507935,-0.2221748083829879,0.6146626472473145,0.2942510545253753,-1.4244214296340942,-0.0519030354917049,-2.387789726257324,1
2023-10-21 17:16:54.280,-0.4780665636062622,0.8597551584243774,0.837895393371582,0.6946507096290588,-0.2200103551149368,0.6185440421104431,0.2940395474433899,-1.4321213960647583,-0.058124840259552,-2.391327142715454,1
2023-10-21 17:16:54.300,-0.7206626534461975,0.8414093255996704,0.4386835098266601,0.6939204335212708,-0.2245709598064422,0.6202207207679749,0.2887362241744995,-1.440499186515808,-0.0465083867311477,-2.3937995433807373,1
2023-10-21 17:16:54.320,-0.7980227470397949,0.6245947480201721,0.1431360244750976,0.6956015825271606,-0.2270507365465164,0.6184667348861694,0.2865053415298462,-1.4384183883666992,-0.0385238751769065,-2.393914222717285,1
2023-10-21 17:16:54.380,-0.4916583895683288,-0.4365841746330261,-0.6073942184448242,0.6965594291687012,-0.2239595353603363,0.6195376515388489,0.2842890322208404,-1.4382712841033936,-0.0402641594409942,-2.401850700378418,1
2023-10-21 17:16:54.430,-0.6086166501045227,-0.6542376279830933,-0.2459144592285156,0.6979485750198364,-0.2251512110233307,0.6183784604072571,0.2824587523937225,-1.4364805221557615,-0.0350520573556423,-2.403127193450928,1
2023-10-21 17:16:54.450,-0.5144038200378418,-0.6477229595184326,-0.2309961318969726,0.6983809471130371,-0.2261537462472915,0.6163654327392578,0.2849777340888977,-1.4323718547821045,-0.0354253239929676,-2.397563934326172,1
2023-10-21 17:16:54.470,-0.5843846797943115,-0.4279382824897766,-0.2380151748657226,0.6983809471130371,-0.2261537462472915,0.6163654327392578,0.2849777340888977,-1.4323718547821045,-0.0354253239929676,-2.397563934326172,1
2023-10-21 17:16:54.530,-0.7998201251029968,-0.2882383465766907,-0.6358556747436523,0.6950322985649109,-0.2250407040119171,0.6156835556030273,0.2953315079212188,-1.429564356803894,-0.0508623048663139,-2.3821356296539307,1
2023-10-21 17:16:54.550,-1.0158716440200806,-0.331155002117157,-0.8312797546386719,0.6950322985649109,-0.2250407040119171,0.6156835556030273,0.2953315079212188,-1.429564356803894,-0.0508623048663139,-2.3821356296539307,1
2023-10-21 17:16:54.570,-1.1147117614746094,-0.2288246005773544,-0.7563533782958984,0.6927294135093689,-0.2220854759216308,0.6184245944023132,0.297245979309082,-1.4336628913879397,-0.0599941425025463,-2.383213758468628,1
2023-10-21 17:16:54.580,-0.9179254174232484,-0.1699225753545761,-0.7983388900756836,0.6927294135093689,-0.2220854759216308,0.6184245944023132,0.297245979309082,-1.4336628913879397,-0.0599941425025463,-2.383213758468628,1
2023-10-21 17:16:54.600,-0.8703720569610596,-0.0780109167098999,-0.8087701797485352,0.6908078789710999,-0.220251590013504,0.6219959259033203,0.2956262528896332,-1.4409502744674685,-0.0634962171316146,-2.3886196613311768,1
2023-10-21 17:16:54.620,-0.7861499190330505,-0.122511938214302,-1.1724939346313477,0.6908078789710999,-0.220251590013504,0.6219959259033203,0.2956262528896332,-1.4409502744674685,-0.0634962171316146,-2.3886196613311768,1
2023-10-21 17:16:54.680,-0.954582154750824,-0.8555095791816711,-2.500854969024658,0.6902819871902466,-0.2225875109434127,0.6258728504180908,0.2867904901504516,-1.452890157699585,-0.0517155043780803,-2.4000062942504883,1
2023-10-21 17:16:54.700,-1.138381838798523,-0.966572642326355,-2.464742660522461,0.6903084516525269,-0.2227034568786621,0.6260106563568115,0.2863356471061706,-1.4533461332321167,-0.0510523617267608,-2.4005889892578125,1
2023-10-21 17:16:54.720,-1.3773366212844849,-1.081560492515564,-2.3391246795654297,0.6905619502067566,-0.2218095660209655,0.6277767419815063,0.2825262546539306,-1.457024335861206,-0.0483992099761962,-2.4080820083618164,1
2023-10-21 17:16:54.770,-1.978858232498169,-1.0514967441558838,-1.475844383239746,0.6900402307510376,-0.2191458344459533,0.630981981754303,0.2787138819694519,-1.4627816677093506,-0.0493079833686351,-2.418100357055664,1
2023-10-21 17:16:54.830,-0.4833595752716064,-0.1737940013408661,-0.8789081573486328,0.6881682872772217,-0.2121827453374862,0.6390360593795776,0.270251452922821,-1.4773043394088743,-0.0533913373947143,-2.4417994022369385,1
2023-10-21 17:16:54.850,-0.7893382906913757,-0.2735367715358734,-0.2183599472045898,0.6881682872772217,-0.2121827453374862,0.6390360593795776,0.270251452922821,-1.4773043394088743,-0.0533913373947143,-2.4417994022369385,1
2023-10-21 17:16:54.870,-0.3591145277023315,0.3625184893608093,0.3523378372192383,0.688234269618988,-0.2095267325639724,0.6422616839408875,0.2644466459751129,-1.4833731651306152,-0.0513034164905548,-2.4549055099487305,1
2023-10-21 17:16:54.930,0.3866779804229736,0.6400204300880432,0.0694208145141601,0.6887811422348022,-0.2073410749435424,0.6451903581619263,0.2575259506702423,-1.4891384840011597,-0.0466982573270797,-2.469038248062134,1
2023-10-21 17:16:54.980,0.673498272895813,-0.7402337789535522,0.6149911880493164,0.6932843923568726,-0.2030188888311386,0.6463030576705933,0.2458300441503524,-1.488497972488403,-0.0362697169184684,-2.49348258972168,1
2023-10-21 17:16:55.000,0.9022029638290404,0.0323244929313659,0.869685173034668,0.6932843923568726,-0.2030188888311386,0.6463030576705933,0.2458300441503524,-1.488497972488403,-0.0362697169184684,-2.49348258972168,1
2023-10-21 17:16:55.020,1.159085750579834,0.438730776309967,0.8518095016479492,0.6971230506896973,-0.201586827635765,0.6437278389930725,0.2428925931453704,-1.4806748628616333,-0.0316570810973644,-2.4999828338623047,1
2023-10-21 17:16:55.080,1.772869110107422,0.7383834719657898,0.8644981384277344,0.7004390358924866,-0.2015530318021774,0.640320360660553,0.2423868626356125,-1.4718637466430664,-0.0280629564076662,-2.500705480575561,1
2023-10-21 17:16:55.100,2.093569278717041,0.6804059147834778,0.6810359954833984,0.7027724385261536,-0.2018462419509887,0.6369009017944336,0.2443896383047104,-1.4633179903030396,-0.0276035256683826,-2.4970390796661377,1
2023-10-21 17:16:55.120,1.9376232624053955,0.7713679671287537,0.4239397048950195,0.7030023336410522,-0.2018752247095108,0.6365610361099243,0.2445898056030273,-1.4624706506729126,-0.0275586862117052,-2.4966726303100586,1
2023-10-21 17:16:55.130,1.7416013479232788,0.5457369089126587,0.3691310882568359,0.7047396302223206,-0.2016818970441818,0.6339724063873291,0.2464660555124282,-1.4556896686553955,-0.02824267745018,-2.493896245956421,1
2023-10-21 17:16:55.150,1.5062795877456665,-0.0227963030338287,0.7914628982543945,0.7047396302223206,-0.2016818970441818,0.6339724063873291,0.2464660555124282,-1.4556896686553955,-0.02824267745018,-2.493896245956421,1
2023-10-21 17:16:55.170,1.3503987789154053,-0.314334511756897,1.415959358215332,0.7048348784446716,-0.2030358910560608,0.6337908506393433,0.2455473989248275,-1.4563395977020264,-0.0250404719263315,-2.4934654235839844,1
2023-10-21 17:16:55.230,2.2628250122070312,0.3676127195358276,1.6709880828857422,0.7065660357475281,-0.2038162350654602,0.632579505443573,0.2430363893508911,-1.4539040327072144,-0.0194616392254829,-2.4963200092315674,1
2023-10-21 17:16:55.250,2.2210192680358887,0.3308910131454468,1.7427167892456057,0.7081260681152344,-0.2044355422258377,0.6310027837753296,0.2420723438262939,-1.4504072666168213,-0.015965037047863,-2.496952533721924,1
2023-10-21 17:16:55.270,2.2217822074890137,0.3782366812229156,1.7171916961669922,0.7081260681152344,-0.2044355422258377,0.6310027837753296,0.2420723438262939,-1.4504072666168213,-0.015965037047863,-2.496952533721924,1
2023-10-21 17:16:55.320,1.860546350479126,0.5243048667907715,1.4126787185668943,0.7098017334938049,-0.2064964175224304,0.6282374858856201,0.2426077425479889,-1.4451032876968384,-0.011687783524394,-2.4932007789611816,1
2023-10-21 17:16:55.380,1.0864315032958984,-0.1046779155731201,0.7560348510742188,0.7094112038612366,-0.2092434912919998,0.626665472984314,0.2454453557729721,-1.4434298276901243,-0.0107451062649488,-2.48486328125,1
2023-10-21 17:16:55.400,0.9001383781433105,-0.3712349236011505,0.4481773376464844,0.7108874917030334,-0.2088142484426498,0.6253291964530945,0.2449466288089752,-1.4396952390670776,-0.009457848034799,-2.486236572265625,1
2023-10-21 17:16:55.420,1.030810832977295,-0.2090231776237487,0.3775339126586914,0.7110351324081421,-0.2087703794240951,0.6251959800720215,0.2448958903551101,-1.4393223524093628,-0.0093298414722085,-2.4863767623901367,1
2023-10-21 17:16:55.480,1.1456952095031738,0.2307683676481247,0.2468595504760742,0.7147461175918579,-0.2119020819664001,0.6202740669250488,0.243917167186737,-1.4296125173568726,0.0003213882446289,-2.4835712909698486,1
2023-10-21 17:16:55.500,0.9937808513641356,0.1731700897216797,0.4282512664794922,0.7148864269256592,-0.2121282070875167,0.6200335621833801,0.2439208775758743,-1.4292036294937134,0.0008169115753844,-2.4832522869110107,1
2023-10-21 17:16:55.530,1.7542529106140137,-1.412001371383667,2.7967472076416016,0.7161657810211182,-0.2139767259359359,0.6170943379402161,0.2459982931613922,-1.4234460592269895,0.0028773287776857,-2.477377653121948,1
2023-10-21 17:16:55.550,1.4931309223175049,0.3761480450630188,2.780430793762207,0.7180713415145874,-0.2146242558956146,0.6138195395469666,0.2480636686086654,-1.4158520698547363,0.0036984169855713,-2.4731810092926025,1
2023-10-21 17:16:55.570,1.4670767784118652,0.4263415932655334,1.486384391784668,0.7180713415145874,-0.2146242558956146,0.6138195395469666,0.2480636686086654,-1.4158520698547363,0.0036984169855713,-2.4731810092926025,1
2023-10-21 17:16:55.630,0.967430591583252,0.5955026149749756,0.5041637420654297,0.7243797779083252,-0.2115425616502761,0.6065797209739685,0.2501696348190307,-1.3952741622924805,0.0029786571394652,-2.4740307331085205,1
2023-10-21 17:16:55.650,1.4310426712036133,0.3610921502113342,0.8559741973876953,0.7243797779083252,-0.2115425616502761,0.6065797209739685,0.2501696348190307,-1.3952741622924805,0.0029786571394652,-2.4740307331085205,1
2023-10-21 17:16:55.670,1.529184103012085,0.0502531230449676,1.9837055206298828,0.727781355381012,-0.2102195173501968,0.6025282144546509,0.2512009143829345,-1.3841789960861206,0.0032764135394245,-2.4741642475128174,1
2023-10-21 17:16:55.680,1.673576831817627,-0.0267558395862579,2.2689943313598637,0.727781355381012,-0.2102195173501968,0.6025282144546509,0.2512009143829345,-1.3841789960861206,0.0032764135394245,-2.4741642475128174,1
2023-10-21 17:16:55.700,1.83599066734314,0.2133693695068359,2.056873321533203,0.7310202121734619,-0.2094021141529083,0.5982581973075867,0.2526803910732269,-1.373032569885254,0.0038181636482477,-2.472867250442505,1
2023-10-21 17:16:55.720,1.5867987871170044,0.4866213798522949,1.9298725128173828,0.7310202121734619,-0.2094021141529083,0.5982581973075867,0.2526803910732269,-1.373032569885254,0.0038181636482477,-2.472867250442505,1
2023-10-21 17:16:55.780,1.5152390003204346,0.3841319680213928,0.8046579360961914,0.736967921257019,-0.2078106999397277,0.5916494131088257,0.2522778809070587,-1.35560142993927,0.0077795875258743,-2.475698947906494,1
2023-10-21 17:16:55.800,1.442099690437317,0.4134589433670044,0.9311227798461914,0.7372118234634399,-0.2077591121196746,0.5914186239242554,0.2521487772464752,-1.354997992515564,0.0080740731209516,-2.475982427597046,1
2023-10-21 17:16:55.820,1.4532654285430908,0.2358756065368652,0.8312416076660156,0.737836480140686,-0.2080156803131103,0.591450035572052,0.2500273585319519,-1.355285882949829,0.011205967515707,-2.479131937026977,1
2023-10-21 17:16:55.870,1.526920199394226,-0.0475462079048156,0.5437431335449219,0.7371806502342224,-0.2058208286762237,0.5931633114814758,0.2497194111347198,-1.3575890064239502,0.0072055188938975,-2.482546329498291,1
2023-10-21 17:16:55.930,1.585350513458252,0.3756767809391022,0.5306682586669922,0.7324561476707458,-0.2037179470062255,0.6014153957366943,0.2455737739801406,-1.3759682178497314,0.0030452357605099,-2.4920966625213623,1
2023-10-21 17:16:55.950,1.6514265537261963,0.4810488224029541,0.6643133163452148,0.7324561476707458,-0.2037179470062255,0.6014153957366943,0.2455737739801406,-1.3759682178497314,0.0030452357605099,-2.4920966625213623,1
2023-10-21 17:16:55.970,1.6578348875045776,0.3020529150962829,0.5489215850830078,0.7295479774475098,-0.2048565149307251,0.6054918169975281,0.2432555854320526,-1.386933445930481,0.0043268040753901,-2.494315385818481,1
2023-10-21 17:16:56.030,2.1438779830932617,0.3624889254570007,-0.5168371200561523,0.7248518466949463,-0.2037720829248428,0.6124246716499329,0.2408379465341568,-1.4031867980957031,0.0004189312458038,-2.49967360496521,1
2023-10-21 17:16:56.050,2.2245776653289795,0.5824813842773438,-0.597926139831543,0.7202059626579285,-0.2021385729312896,0.6190320253372192,0.239254429936409,-1.4183255434036257,-0.0050495183095335,-2.504460096359253,1
2023-10-21 17:16:56.080,1.8694376945495603,0.5159056186676025,-0.6425399780273438,0.714813768863678,-0.2013154327869415,0.6257579326629639,0.2386218756437301,-1.4345691204071045,-0.0108331777155399,-2.5066583156585693,1
2023-10-21 17:16:56.100,1.6607341766357422,0.5031791925430298,-0.6093845367431641,0.714813768863678,-0.2013154327869415,0.6257579326629639,0.2386218756437301,-1.4345691204071045,-0.0108331777155399,-2.5066583156585693,1
2023-10-21 17:16:56.120,1.7947030067443848,0.3604812026023865,-0.6161575317382812,0.7102932929992676,-0.2014126926660537,0.6306697130203247,0.2391069829463958,-1.4470890760421753,-0.0154715096578001,-2.5058279037475586,1
2023-10-21 17:16:56.180,1.412773847579956,0.6258859634399414,0.0566520690917968,0.7049840092658997,-0.2017151862382888,0.6361908316612244,0.2399372458457946,-1.4614101648330688,-0.0208812933415174,-2.5042123794555664,1
2023-10-21 17:16:56.200,1.0521162748336792,0.5497351884841919,0.2689142227172851,0.7003456354141235,-0.2025200575590133,0.6407285332679749,0.240766555070877,-1.4737087488174438,-0.0248664915561676,-2.501904964447021,1
2023-10-21 17:16:56.220,0.4585669040679931,0.3345386385917663,0.5256557464599609,0.6998845934867859,-0.202599823474884,0.6411763429641724,0.2408482283353805,-1.4749265909194946,-0.0252620615065097,-2.501678228378296,1
2023-10-21 17:16:56.250,-0.3066391348838806,-0.3884751498699188,0.5120553970336914,0.694913923740387,-0.2040709257125854,0.6458338499069214,0.2415540367364883,-1.4881616830825806,-0.0283879023045301,-2.4986515045166016,1
2023-10-21 17:16:56.270,-1.0537139177322388,-0.7462856769561768,0.3983726501464844,0.6888027787208557,-0.2064300328493118,0.6514087915420532,0.2420828342437744,-1.5046098232269287,-0.0310156010091304,-2.494680881500244,1
2023-10-21 17:16:56.330,-2.360553741455078,-0.1989788860082626,-2.366611957550049,0.6824737191200256,-0.2094621807336807,0.6568241119384766,0.2427701354026794,-1.5213338136672974,-0.0330157056450843,-2.489490270614624,1
2023-10-21 17:16:56.350,-2.3484818935394287,-0.5235718488693237,-2.9784512519836426,0.6784528493881226,-0.2099238783121109,0.6602885723114014,0.2442393451929092,-1.530855417251587,-0.0376989133656024,-2.486714124679565,1
2023-10-21 17:16:56.370,-2.486877202987671,-0.9093191623687744,-3.3081302642822266,0.6784528493881226,-0.2099238783121109,0.6602885723114014,0.2442393451929092,-1.530855417251587,-0.0376989133656024,-2.486714124679565,1
2023-10-21 17:16:56.420,-1.7918438911437988,-1.9549665451049805,-1.002946853637695,0.6749659180641174,-0.2089734375476837,0.6632118821144104,0.2467815428972244,-1.5377963781356812,-0.0452524460852146,-2.4843313694000244,1
2023-10-21 17:16:56.480,-0.7760326266288757,0.1634776294231414,0.7925004959106445,0.6739472150802612,-0.2126250565052032,0.6617440581321716,0.2503611445426941,-1.5369852781295776,-0.0447688326239585,-2.4735028743743896,1
2023-10-21 17:16:56.500,-0.7348047494888306,0.6705606579780579,0.0925426483154296,0.6745639443397522,-0.2150289863348007,0.6602796912193298,0.250513345003128,-1.535172700881958,-0.0407274290919303,-2.469724655151367,1
2023-10-21 17:16:56.520,-0.8250296115875244,0.7254015803337097,-0.6970119476318359,0.6746251583099365,-0.2152670919895172,0.6601340770721436,0.250527560710907,-1.5349934101104736,-0.0403252728283405,-2.4693517684936523,1
2023-10-21 17:16:56.580,-1.5683587789535522,0.3908190131187439,-1.940568447113037,0.6760849952697754,-0.218698114156723,0.6575620174407959,0.2503845393657684,-1.53119695186615,-0.0335760004818439,-2.46449875831604,1
2023-10-21 17:16:56.600,-1.6675539016723633,0.193247839808464,-2.233208179473877,0.6761199235916138,-0.2188379764556884,0.6574993133544922,0.2503327429294586,-1.531154751777649,-0.0332719087600708,-2.4643733501434326,1
2023-10-21 17:16:56.630,-1.614696025848389,-0.2099560797214508,-1.598200798034668,0.674708902835846,-0.2209652960300445,0.6581594347953796,0.250536173582077,-1.5347695350646973,-0.0316162630915641,-2.461000680923462,1
2023-10-21 17:16:56.650,-1.487727403640747,-0.3212967216968536,-0.9856529235839844,0.6756060123443604,-0.2232901901006698,0.6553305387496948,0.2534561455249786,-1.5293985605239868,-0.0304874312132596,-2.453032732009888,1
2023-10-21 17:16:56.670,-1.2745816707611084,-0.3944545686244964,-0.5667133331298828,0.6756060123443604,-0.2232901901006698,0.6553305387496948,0.2534561455249786,-1.5293985605239868,-0.0304874312132596,-2.453032732009888,1
2023-10-21 17:16:56.730,-1.0311479568481443,-0.2434002459049224,0.1318378448486328,0.6825059056282043,-0.2309986352920532,0.6398310661315918,0.26728555560112,-1.4961888790130615,-0.0267225112766027,-2.419863224029541,1
2023-10-21 17:16:56.750,-0.96037495136261,-0.2014067769050598,0.329690933227539,0.6825059056282043,-0.2309986352920532,0.6398310661315918,0.26728555560112,-1.4961888790130615,-0.0267225112766027,-2.419863224029541,1
2023-10-21 17:16:56.770,-0.7611243724822998,0.0455596446990966,0.230020523071289,0.6843876242637634,-0.236146867275238,0.6329670548439026,0.2742280066013336,-1.4834856986999512,-0.0239248741418123,-2.401310920715332,1
2023-10-21 17:16:56.800,-0.5010796785354614,-0.0239343643188476,-0.4944124221801758,0.6831045150756836,-0.2413811534643173,0.6309299468994141,0.2775442898273468,-1.4833415746688845,-0.0204463247209787,-2.3884763717651367,1
2023-10-21 17:16:56.820,-0.2024101018905639,-0.205899178981781,-0.7081890106201172,0.6831045150756836,-0.2413811534643173,0.6309299468994141,0.2775442898273468,-1.4833415746688845,-0.0204463247209787,-2.3884763717651367,1
2023-10-21 17:16:56.880,-0.6867665648460388,-0.1109142750501632,0.4599666595458984,0.6813586354255676,-0.2495424002408981,0.6306439638137817,0.275258332490921,-1.4906750917434692,-0.007124335039407,-2.3802947998046875,1
2023-10-21 17:16:56.900,-0.5848349332809448,-0.3560974597930908,0.6998500823974609,0.6813703179359436,-0.2498378455638885,0.6305994391441345,0.2750634551048279,-1.490858793258667,-0.0064456015825271,-2.3801732063293457,1
2023-10-21 17:16:56.920,-0.219446063041687,-0.546208918094635,0.6897373199462891,0.6835561990737915,-0.2516653537750244,0.6283214688301086,0.2731804549694061,-1.4869446754455566,0.0007645190344192,-2.3804874420166016,1
2023-10-21 17:16:56.970,-0.6076226234436035,-0.443572461605072,0.0398187637329101,0.6870107054710388,-0.252118706703186,0.6248063445091248,0.272157222032547,-1.4785573482513428,0.0063254362903535,-2.38146448135376,1
2023-10-21 17:16:57.030,-0.5205478668212891,0.2137903571128845,-0.4009742736816406,0.6922557353973389,-0.2479639798402786,0.6201187372207642,0.273402065038681,-1.4626514911651611,0.0042255050502717,-2.385521173477173,1
2023-10-21 17:16:57.050,-0.5560290813446045,0.2513230443000793,0.0138788223266601,0.6922557353973389,-0.2479639798402786,0.6201187372207642,0.273402065038681,-1.4626514911651611,0.0042255050502717,-2.385521173477173,1
2023-10-21 17:16:57.070,-0.4926319122314453,0.2162561863660812,0.2529163360595703,0.6932411789894104,-0.2448977082967758,0.6195722222328186,0.2749035954475403,-1.4582480192184448,-0.0010989012662321,-2.387519836425781,1
2023-10-21 17:16:57.130,-0.3028073310852051,-0.0552722215652465,-0.0641603469848632,0.6944275498390198,-0.2418178021907806,0.6187751293182373,0.2764270603656769,-1.4532405138015747,-0.0062425541691482,-2.389467716217041,1
2023-10-21 17:16:57.150,-0.258083701133728,-0.1384549736976623,-0.1108112335205078,0.6961396336555481,-0.2396885007619857,0.6173036098480225,0.2772640287876129,-1.4475083351135254,-0.0085989404469728,-2.3911325931549072,1
2023-10-21 17:16:57.180,-0.2578655481338501,-0.2967863082885742,0.1273202896118164,0.6969900131225586,-0.2379757910966873,0.6164245009422302,0.2785558998584747,-1.4436688423156738,-0.0116841467097401,-2.3914597034454346,1
2023-10-21 17:16:57.200,-0.1340001821517944,-0.3517634868621826,0.252349853515625,0.6969900131225586,-0.2379757910966873,0.6164245009422302,0.2785558998584747,-1.4436688423156738,-0.0116841467097401,-2.3914597034454346,1
2023-10-21 17:16:57.220,-0.0732734203338623,-0.2550956606864929,0.0741195678710937,0.6967679858207703,-0.2378448843955993,0.6161848306655884,0.2797509431838989,-1.442944884300232,-0.0133115705102682,-2.3897085189819336,1
2023-10-21 17:16:57.280,-0.0903478860855102,0.2362857311964035,-0.105691909790039,0.6961198449134827,-0.2381678074598312,0.6163325309753418,0.2807625830173492,-1.4436198472976685,-0.0145000535994768,-2.387617826461792,1
2023-10-21 17:16:57.300,-0.1042602062225341,0.2412882447242736,-0.0224266052246093,0.6948924660682678,-0.2388553619384765,0.6172982454299927,0.2810970544815063,-1.4466818571090698,-0.015084421262145,-2.386120557785034,1
2023-10-21 17:16:57.320,-0.0960912704467773,0.2213966846466064,0.0763530731201171,0.6947702169418335,-0.2389237731695175,0.6173945665359497,0.2811296582221985,-1.4469873905181885,-0.0151421846821904,-2.385972738265991,1
2023-10-21 17:16:57.350,-0.0236017704010009,0.0426627472043037,0.1246824264526367,0.694403350353241,-0.2387074083089828,0.6176329851150513,0.2816955149173736,-1.4473700523376465,-0.0164511762559413,-2.3853673934936523,1
2023-10-21 17:16:57.370,-0.0342966318130493,0.0389401838183403,0.0561504364013671,0.6945655941963196,-0.2371325641870498,0.617793619632721,0.2822729051113128,-1.446252942085266,-0.0193657763302326,-2.386658906936645,1
2023-10-21 17:16:57.430,0.0297163724899292,0.0754102319478988,-0.0334129333496093,0.6957091689109802,-0.2402572184801101,0.6173387169837952,0.2777735292911529,-1.4481457471847534,-0.0086625106632709,-2.3895046710968018,1
2023-10-21 17:16:57.450,0.0465571880340576,0.0874565988779068,-0.0950946807861328,0.6959715485572815,-0.239942118525505,0.6174975633621216,0.2770347595214844,-1.4482365846633911,-0.0081509063020348,-2.3911447525024414,1
2023-10-21 17:16:57.470,0.0113590955734252,0.1234594285488128,-0.0849695205688476,0.6959715485572815,-0.239942118525505,0.6174975633621216,0.2770347595214844,-1.4482365846633911,-0.0081509063020348,-2.3911447525024414,1
2023-10-21 17:16:57.530,-0.1647124290466308,-0.0202158838510513,0.0895071029663086,0.698234498500824,-0.2489417642354965,0.6148380041122437,0.2692043781280517,-1.450485348701477,0.0166060514748096,-2.390897750854492,1
2023-10-21 17:16:57.580,0.0390815734863281,-0.1389866173267364,0.024972915649414,0.6988955140113831,-0.2464871853590011,0.6142210960388184,0.271148681640625,-1.4465155601501465,0.0114473514258861,-2.3913052082061768,1
2023-10-21 17:16:57.600,-0.0889163017272949,-0.1350463926792144,0.0508737564086914,0.6978671550750732,-0.2457474470138549,0.6155738830566406,0.2714009881019592,-1.4491376876831057,0.0088635357096791,-2.3919436931610107,1
2023-10-21 17:16:57.620,-0.0954474210739135,-0.2255331873893737,0.0065555572509765,0.6970371603965759,-0.2421673685312271,0.616544246673584,0.2745314836502075,-1.4480319023132324,-0.0009222925873473,-2.3920130729675293,1
2023-10-21 17:16:57.680,-0.1375982761383056,-0.2404310852289199,0.0322647094726562,0.6964431405067444,-0.2391871660947799,0.6179512143135071,0.2754864394664764,-1.4486379623413086,-0.0073139127343893,-2.394714117050171,1
2023-10-21 17:16:57.700,-0.1278755664825439,-0.1741074025630951,0.0539846420288085,0.6974114179611206,-0.2389217913150787,0.6168968677520752,0.2756301462650299,-1.445758581161499,-0.0068172444589436,-2.394850730895996,1
2023-10-21 17:16:57.730,0.0133848190307617,-0.0039388611912727,-0.008336067199707,0.6979901194572449,-0.2370132058858871,0.6169461011886597,0.2757029831409454,-1.4440473318099976,-0.0093221524730324,-2.397432804107666,1
2023-10-21 17:16:57.750,0.2070704698562622,0.03553057461977,0.0036573410034179,0.698228657245636,-0.235258087515831,0.6176531314849854,0.2750181257724762,-1.4441335201263428,-0.011203970760107,-2.401021957397461,1
2023-10-21 17:16:57.770,0.2191945314407348,0.0721658691763877,-0.0833806991577148,0.698228657245636,-0.235258087515831,0.6176531314849854,0.2750181257724762,-1.4441335201263428,-0.011203970760107,-2.401021957397461,1
2023-10-21 17:16:57.830,0.0569946765899658,0.2147338837385177,0.1730680465698242,0.6978349685668945,-0.2313288450241089,0.6203660368919373,0.2732385396957397,-1.4471999406814575,-0.0161577928811311,-2.4094629287719727,1
2023-10-21 17:16:57.850,0.078923225402832,0.1406988352537155,0.198765754699707,0.6978349685668945,-0.2313288450241089,0.6203660368919373,0.2732385396957397,-1.4471999406814575,-0.0161577928811311,-2.4094629287719727,1
2023-10-21 17:16:57.870,0.14290452003479,0.0758034884929657,0.0584993362426757,0.6978105306625366,-0.2321336716413498,0.6213359832763672,0.2703999280929565,-1.4503856897354126,-0.012048059143126,-2.4129064083099365,1
2023-10-21 17:16:57.900,0.1506224870681762,0.1026567369699478,-0.0895929336547851,0.6987780332565308,-0.2325233519077301,0.6208776235580444,0.2686132788658142,-1.4496077299118042,-0.0085876146331429,-2.415217876434326,1
2023-10-21 17:16:57.920,0.1267660856246948,0.0649005323648452,-0.1310997009277343,0.6987780332565308,-0.2325233519077301,0.6208776235580444,0.2686132788658142,-1.4496077299118042,-0.0085876146331429,-2.415217876434326,1
2023-10-21 17:16:57.980,0.0951272249221801,0.0227781981229782,0.0405511856079101,0.6984379291534424,-0.2373769283294677,0.6211158633232117,0.2646730840206146,-1.4548014402389526,0.0028007961809635,-2.4146409034729004,1
2023-10-21 17:16:58.000,0.1395999193191528,0.0152706056833267,0.0229721069335937,0.6977619528770447,-0.2382446825504303,0.6218340396881104,0.2639891803264618,-1.457428812980652,0.0041612209752202,-2.41449236869812,1
2023-10-21 17:16:58.020,0.2161071300506591,0.0306824296712875,0.0476837158203125,0.6971599459648132,-0.239014521241188,0.62169349193573,0.2652119398117065,-1.4578169584274292,0.0035016310866922,-2.4114420413970947,1
2023-10-21 17:16:58.080,0.1285212039947509,-0.0477215498685836,-0.0952310562133789,0.6991820335388184,-0.2350951582193374,0.6182944774627686,0.2712687849998474,-1.445582151412964,-0.0066994335502386,-2.4072983264923096,1
2023-10-21 17:16:58.130,0.1141279935836792,0.0126550942659378,0.0547780990600585,0.6971126794815063,-0.2333806455135345,0.6189928650856018,0.2764330804347992,-1.4456899166107178,-0.0168357994407415,-2.4014036655426025,1
2023-10-21 17:16:58.150,0.1205724477767944,0.0377252697944641,0.0266828536987304,0.6971126794815063,-0.2333806455135345,0.6189928650856018,0.2764330804347992,-1.4456899166107178,-0.0168357994407415,-2.4014036655426025,1
2023-10-21 17:16:58.170,0.1311116218566894,0.0667764842510223,-0.0417995452880859,0.6955840587615967,-0.2319449633359909,0.6201894879341125,0.2787999510765075,-1.4473167657852173,-0.0231452379375696,-2.3996269702911377,1
2023-10-21 17:16:58.230,0.1475908756256103,0.0234597623348236,-0.0180072784423828,0.6970789432525635,-0.2304455190896988,0.6181893348693848,0.2807453572750091,-1.4409146308898926,-0.0258329939097166,-2.398529529571533,1
2023-10-21 17:16:58.250,0.0587749481201171,0.0221863687038421,-0.0847835540771484,0.6968808770179749,-0.2302564978599548,0.6182413697242737,0.2812770009040832,-1.440865159034729,-0.026874678209424,-2.3979334831237797,1
2023-10-21 17:16:58.280,0.0306575298309326,0.0361830294132232,0.0342416763305664,0.695561408996582,-0.2320941537618637,0.6176525950431824,0.2843097746372223,-1.4411059617996216,-0.0283416602760553,-2.390427589416504,1
2023-10-21 17:16:58.300,0.0420202016830444,0.0026239156723022,0.0566215515136718,0.695561408996582,-0.2320941537618637,0.6176525950431824,0.2843097746372223,-1.4411059617996216,-0.0283416602760553,-2.390427589416504,1
2023-10-21 17:16:58.320,0.0873365402221679,-0.0648286044597625,-0.001011848449707,0.6936019062995911,-0.2379412353038787,0.614690363407135,0.2906135320663452,-1.439289689064026,-0.0272050388157367,-2.3718953132629395,1
2023-10-21 17:16:58.380,0.0203975439071655,0.0206459462642669,-0.0133428573608398,0.6945075988769531,-0.2394355982542038,0.6125443577766418,0.2917520701885223,-1.435421586036682,-0.0248450562357902,-2.3678832054138184,1
2023-10-21 17:16:58.400,-0.0171295404434204,-0.0004432797431945,-0.0010948181152343,0.6961085796356201,-0.2354189306497573,0.6143593192100525,0.2873561084270477,-1.4360649585723877,-0.0253282152116298,-2.3807296752929688,1
2023-10-21 17:16:58.420,-0.056241750717163,-0.0178788304328918,0.0408821105957031,0.6971009373664856,-0.2334596514701843,0.6156956553459167,0.2836651802062988,-1.437533617019653,-0.0238152015954256,-2.3895113468170166,1
2023-10-21 17:16:58.450,0.0389487743377685,-0.0848631560802459,-0.0269422531127929,0.6984231472015381,-0.2297175377607345,0.6174275279045105,0.2796753048896789,-1.4383436441421509,-0.0244808215647935,-2.4012603759765625,1
2023-10-21 17:16:58.470,0.0852155685424804,-0.0632774829864502,-0.0210542678833007,0.6934995651245117,-0.2396894097328186,0.6135146617889404,0.2919026911258697,-1.4380656480789185,-0.0257270112633705,-2.367306470870972,1
2023-10-21 17:16:58.530,-0.008676528930664,0.0219906568527221,0.0036115646362304,0.6941800713539124,-0.2373678684234619,0.6138550639152527,0.2914661467075348,-1.43666410446167,-0.028287636116147,-2.371283054351806,1
2023-10-21 17:16:58.550,-0.0244618654251098,-0.033797413110733,0.0005569458007812,0.6951029896736145,-0.2353693097829818,0.6144464612007141,0.2896355390548706,-1.436221480369568,-0.028723195195198,-2.377084493637085,1
2023-10-21 17:16:58.570,-0.0187861919403076,-0.051948070526123,-0.0277347564697265,0.6951029896736145,-0.2353693097829818,0.6144464612007141,0.2896355390548706,-1.436221480369568,-0.028723195195198,-2.377084493637085,1
2023-10-21 17:16:58.630,-0.0135117769241333,0.0098985433578491,0.0095129013061523,0.6960095763206482,-0.2313342541456222,0.6171526908874512,0.2849172055721283,-1.4391446113586426,-0.0296574793756008,-2.3904869556427,1
2023-10-21 17:16:58.680,-0.0424909591674804,-0.0359269380569458,0.0218629837036132,0.6968382000923157,-0.2315294295549392,0.6166855096817017,0.283742219209671,-1.438172459602356,-0.0272857137024402,-2.392110109329224,1
2023-10-21 17:16:58.700,0.0725146532058715,-0.0199803113937377,0.0348472595214843,0.6964584589004517,-0.2311965376138687,0.6174693703651428,0.2832408845424652,-1.4398123025894165,-0.0277511328458786,-2.393411874771118,1
2023-10-21 17:16:58.720,0.0293903350830078,0.0067938566207885,-0.0244617462158203,0.6955018639564514,-0.2317655980587005,0.6186100840568542,0.2826367616653442,-1.443190336227417,-0.02730050124228,-2.393629312515259,1
2023-10-21 17:16:58.780,-0.0288513898849487,-0.0335120558738708,0.0534839630126953,0.6994034051895142,-0.2244448214769363,0.6211399435997009,0.2732118368148803,-1.4427862167358398,-0.0254533663392066,-2.4191648960113525,1
2023-10-21 17:16:58.800,0.0023032426834106,-0.0864200890064239,0.0818090438842773,0.7014129757881165,-0.2207856774330139,0.621655285358429,0.2698486745357513,-1.4407905340194702,-0.0257846973836421,-2.429693460464477,1
2023-10-21 17:16:58.820,0.0468100309371948,-0.0602304935455322,0.0952749252319336,0.6986142992973328,-0.2270782589912414,0.6192899346351624,0.2772246897220611,-1.4405534267425537,-0.0260876510292291,-2.408961057662964,1
2023-10-21 17:16:58.830,0.045304536819458,-0.0608624815940856,0.014322280883789,0.7001274824142456,-0.2220064848661422,0.6216250061988831,0.2722445428371429,-1.4417989253997805,-0.0276058800518512,-2.4241342544555664,1
2023-10-21 17:16:58.850,0.0392012596130371,-0.0835070013999939,-0.0544681549072265,0.6998825073242188,-0.2220064252614975,0.6218625903129578,0.2723318636417389,-1.4423936605453491,-0.0279527939856052,-2.424000740051269,1
2023-10-21 17:16:58.870,0.0053333044052124,-0.050573706626892,-0.0178213119506835,0.6998825073242188,-0.2220064252614975,0.6218625903129578,0.2723318636417389,-1.4423936605453491,-0.0279527939856052,-2.424000740051269,1
2023-10-21 17:16:58.930,0.0005521774291992,-0.0198142528533935,-0.0457620620727539,0.6992529630661011,-0.2232828140258789,0.6225302219390869,0.2713784575462341,-1.445223689079285,-0.0256230551749467,-2.4237771034240723,1
2023-10-21 17:16:58.950,0.0079258680343627,-0.033122718334198,-0.0026197433471679,0.6992529630661011,-0.2232828140258789,0.6225302219390869,0.2713784575462341,-1.445223689079285,-0.0256230551749467,-2.4237771034240723,1
2023-10-21 17:16:58.970,0.0220274925231933,-0.0504255443811416,0.0132608413696289,0.697209894657135,-0.2271831035614013,0.6213820576667786,0.2759901583194732,-1.4458845853805542,-0.02620505169034,-2.4108669757843018,1
2023-10-21 17:16:59.000,0.0323057174682617,-0.0677938163280487,0.0102319717407226,0.6988565921783447,-0.2236580848693847,0.6227820515632629,0.2715128660202026,-1.446194410324097,-0.0255796201527118,-2.423044204711914,1
2023-10-21 17:16:59.020,0.001388669013977,-0.0542615503072738,0.0356483459472656,0.6988565921783447,-0.2236580848693847,0.6227820515632629,0.2715128660202026,-1.446194410324097,-0.0255796201527118,-2.423044204711914,1
2023-10-21 17:16:59.080,-0.0222145318984985,-0.013916015625,-0.0047674179077148,0.6926697492599487,-0.2374712824821472,0.6175647974014282,0.2871060669422149,-1.4459894895553589,-0.0256376639008522,-2.3783416748046875,1
2023-10-21 17:16:59.100,0.0074361562728881,-0.0015232264995574,0.004307746887207,0.6924405097961426,-0.2390067279338836,0.6172074675559998,0.2871531844139099,-1.4465816020965576,-0.0234724376350641,-2.3760931491851807,1
2023-10-21 17:16:59.120,0.0133993625640869,0.0106265544891357,-0.0058727264404296,0.6930810809135437,-0.2377293109893798,0.6179041266441345,0.2851629853248596,-1.4470902681350708,-0.0228773932904005,-2.381138801574707,1
2023-10-21 17:16:59.180,0.0804580450057983,-0.0289273113012313,0.032505989074707,0.70021653175354,-0.2243051528930664,0.6222332119941711,0.2687190175056457,-1.4454163312911987,-0.0202888455241918,-2.4266183376312256,1
2023-10-21 17:16:59.230,-0.0617667436599731,-0.0151489228010177,0.0213031768798828,0.6995001435279846,-0.2251369953155517,0.6226162910461426,0.2690017223358154,-1.4471321105957031,-0.0200043246150016,-2.425008535385132,1
2023-10-21 17:16:59.250,-0.0212122201919555,-0.0031504333019256,0.0353641510009765,0.6995001435279846,-0.2251369953155517,0.6226162910461426,0.2690017223358154,-1.4471321105957031,-0.0200043246150016,-2.425008535385132,1
2023-10-21 17:16:59.270,0.0478198528289794,-0.0322442203760147,0.0078401565551757,0.6997451782226562,-0.2250772416591644,0.6223825812339783,0.2689552009105682,-1.446491837501526,-0.0197939090430736,-2.425161838531494,1
2023-10-21 17:16:59.330,0.0286716222763061,0.0027134418487548,-0.0274858474731445,0.7003474235534668,-0.2256179451942443,0.6218357086181641,0.268198549747467,-1.4456167221069336,-0.0175298787653446,-2.4256091117858887,1
2023-10-21 17:16:59.350,0.0178884267807006,0.0119086951017379,-0.046600341796875,0.7003747224807739,-0.2257058024406433,0.6218875050544739,0.2679329812526703,-1.4458274841308594,-0.0170918982475996,-2.4259135723114014,1
2023-10-21 17:16:59.370,0.0208923816680908,0.0257143378257751,0.068084716796875,0.7003747224807739,-0.2257058024406433,0.6218875050544739,0.2679329812526703,-1.4458274841308594,-0.0170918982475996,-2.4259135723114014,1
2023-10-21 17:16:59.380,-0.0603286027908325,0.1103440374135971,-0.1133604049682617,0.6996338367462158,-0.2259892225265503,0.622791051864624,0.2675306499004364,-1.448352575302124,-0.0170127917081117,-2.426178455352783,1
2023-10-21 17:16:59.400,0.2125138044357299,-0.1246683597564697,0.2456369400024414,0.6996338367462158,-0.2259892225265503,0.622791051864624,0.2675306499004364,-1.448352575302124,-0.0170127917081117,-2.426178455352783,1
2023-10-21 17:16:59.420,0.1366320848464965,-0.0056405216455459,0.0749311447143554,0.6992660164833069,-0.2257938832044601,0.6232240200042725,0.2676490843296051,-1.4492602348327637,-0.0178316440433263,-2.4262709617614746,1
2023-10-21 17:16:59.480,-0.0497495532035827,0.2128044962882995,-0.0759801864624023,0.6997595429420471,-0.2257733196020126,0.6226182579994202,0.267786294221878,-1.447721242904663,-0.0174840949475765,-2.426068067550659,1
2023-10-21 17:16:59.500,-0.0305461287498474,0.1371578425168991,0.0878610610961914,0.6992371082305908,-0.2261872440576553,0.6231307983398438,0.2676093876361847,-1.449385643005371,-0.0171951185911893,-2.4257805347442627,1
2023-10-21 17:16:59.520,0.0906561017036438,0.0821456611156463,0.0107498168945312,0.6988237500190735,-0.2266313731670379,0.6235965490341187,0.2672285437583923,-1.4509623050689695,-0.0165355894714593,-2.42577600479126,1
2023-10-21 17:16:59.550,0.1080648899078369,-0.0716027319431305,-0.038609504699707,0.6980549693107605,-0.227162092924118,0.6242936849594116,0.2671594023704529,-1.453200101852417,-0.016429329290986,-2.425152540206909,1
2023-10-21 17:16:59.570,-0.0322658419609069,-0.0056248158216476,-0.0216264724731445,0.6974986791610718,-0.2271751016378402,0.6248998045921326,0.2671839594841003,-1.4547357559204102,-0.0170185733586549,-2.4251058101654053,1
2023-10-21 17:16:59.630,-0.2522658705711365,0.1913784593343734,-0.1665964126586914,0.6976808905601501,-0.2283432483673095,0.6239197850227356,0.2680018246173858,-1.4533449411392212,-0.0158024746924638,-2.4221343994140625,1
2023-10-21 17:16:59.650,-0.1260241866111755,0.3184337019920349,-0.3552007675170898,0.6968764662742615,-0.2293314486742019,0.6243574619293213,0.2682313621044159,-1.4553569555282593,-0.0153137473389506,-2.4203808307647705,1
2023-10-21 17:16:59.670,0.1934708952903747,0.0738928467035293,-0.1568689346313476,0.6968764662742615,-0.2293314486742019,0.6243574619293213,0.2682313621044159,-1.4553569555282593,-0.0153137473389506,-2.4203808307647705,1
2023-10-21 17:16:59.730,0.0790587067604065,-0.1063812375068664,0.1430330276489257,0.6940844058990479,-0.2310950756072998,0.6266366839408875,0.2686416804790497,-1.4627294540405271,-0.0158831607550382,-2.417269229888916,1
2023-10-21 17:16:59.780,-0.0037608742713928,-0.0973687618970871,0.1012067794799804,0.6916531324386597,-0.2308550328016281,0.6289085149765015,0.2698073089122772,-1.4682360887527466,-0.0200263541191816,-2.415794610977173,1
2023-10-21 17:16:59.800,0.6023436188697815,-0.3368163108825683,-0.0928945541381836,0.6883973479270935,-0.2299572527408599,0.6321237087249756,0.271382212638855,-1.4755403995513916,-0.0264934301376342,-2.414642572402954,1
2023-10-21 17:16:59.820,-0.5492981672286987,0.1157377660274505,-0.1925325393676757,0.688746452331543,-0.2296916246414184,0.6316962838172913,0.2717168629169464,-1.4742082357406616,-0.0268897041678428,-2.414475202560425,1
2023-10-21 17:16:59.880,0.2673105001449585,-0.3176785409450531,-0.1647052764892578,0.6880630254745483,-0.2309028208255767,0.6329621076583862,0.2694663107395172,-1.4785547256469729,-0.0233746897429227,-2.4163644313812256,1
2023-10-21 17:16:59.900,0.0442491769790649,-0.3413010537624359,-0.1693344116210937,0.6859261393547058,-0.2307470887899398,0.6353302597999573,0.2694747447967529,-1.4844377040863037,-0.0258628949522972,-2.41663670539856,1
2023-10-21 17:16:59.920,-0.2695546746253967,-0.3300694823265075,-0.0108823776245117,0.6859682202339172,-0.2308490425348281,0.635464072227478,0.2689642608165741,-1.4848753213882446,-0.0251266863197088,-2.4173030853271484,1
2023-10-21 17:16:59.930,-0.3137481212615967,-0.2341622114181518,0.3362493515014648,0.6836182475090027,-0.2292372286319732,0.637991189956665,0.2703398168087005,-1.489832639694214,-0.0315325371921062,-2.4175074100494385,1
2023-10-21 17:16:59.950,-0.3107911944389343,-0.2713466286659241,-0.6652908325195312,0.6841416954994202,-0.2294114977121353,0.6375752091407776,0.2698489725589752,-1.4889311790466309,-0.0302026886492967,-2.418020725250244,1
2023-10-21 17:16:59.970,-0.3061079978942871,-0.3130430579185486,0.7055835723876953,0.6841416954994202,-0.2294114977121353,0.6375752091407776,0.2698489725589752,-1.4889311790466309,-0.0302026886492967,-2.418020725250244,1
2023-10-21 17:17:00.030,-0.1895502805709839,-0.1325112283229828,0.0729446411132812,0.6889572739601135,-0.2298332899808883,0.6331617832183838,0.2676203548908233,-1.4780750274658203,-0.022205151617527,-2.4208216667175293,1
2023-10-21 17:17:00.050,-0.0964347124099731,-0.1726147085428238,0.0873823165893554,0.6889572739601135,-0.2298332899808883,0.6331617832183838,0.2676203548908233,-1.4780750274658203,-0.022205151617527,-2.4208216667175293,1
2023-10-21 17:17:00.070,-0.0500725507736206,-0.3060944378376007,0.0699014663696289,0.6905673146247864,-0.232288658618927,0.6318507790565491,0.2644304633140564,-1.47703754901886,-0.0133396768942475,-2.422348737716675,1
2023-10-21 17:17:00.120,-0.4213126897811889,-0.4514315128326416,0.1737318038940429,0.6917078495025635,-0.2337635308504104,0.630903959274292,0.2624027729034424,-1.4760221242904663,-0.0077098179608583,-2.42343807220459,1
2023-10-21 17:17:00.180,0.991289496421814,0.5666890144348145,-0.331918716430664,0.6944475173950195,-0.2380717694759369,0.6269592046737671,0.2607423961162567,-1.4701378345489502,0.0037070298567414,-2.4198803901672363,1
2023-10-21 17:17:00.200,0.3335341215133667,0.037378191947937,0.8590106964111328,0.6968970894813538,-0.240618422627449,0.6241854429244995,0.2585145533084869,-1.4656033515930176,0.0126508567482233,-2.4197752475738525,1
2023-10-21 17:17:00.220,0.6905012130737305,-0.1293077170848846,0.7681617736816406,0.6973522901535034,-0.2411677837371826,0.6231791377067566,0.2592020630836487,-1.463610053062439,0.0132995592430233,-2.417908191680908,1
2023-10-21 17:17:00.280,-0.4382411241531372,-0.188785582780838,1.0858230590820312,0.6936179995536804,-0.2470682114362716,0.6262339949607849,0.256285697221756,-1.4770604372024536,0.0217539835721254,-2.4139232635498047,1
2023-10-21 17:17:00.330,-1.9670276641845703,-0.2568945288658142,-2.032649040222168,0.6937533020973206,-0.2481464743614196,0.6246026158332825,0.2588462829589844,-1.4740344285964966,0.0209542643278837,-2.408348560333252,1
2023-10-21 17:17:00.350,-1.2654950618743896,-0.1824633479118347,-0.5354118347167969,0.6937533020973206,-0.2481464743614196,0.6246026158332825,0.2588462829589844,-1.4740344285964966,0.0209542643278837,-2.408348560333252,1
2023-10-21 17:17:00.370,-0.6495867967605591,-0.7610020041465759,0.4698457717895508,0.696918785572052,-0.2489705383777618,0.6214928030967712,0.2570302486419678,-1.467050313949585,0.0275430940091609,-2.4101035594940186,1
2023-10-21 17:17:00.430,-1.609440565109253,0.386272132396698,-0.7438182830810547,0.7020018696784973,-0.2552763819694519,0.6162349581718445,0.2495634257793426,-1.460251808166504,0.050851471722126,-2.4129345417022705,1
2023-10-21 17:17:00.450,-1.0470935106277466,0.0077572390437126,-0.4842796325683594,0.7082560062408447,-0.2532417774200439,0.6098620295524597,0.2496206164360046,-1.4423812627792358,0.0542784072458744,-2.416168689727783,1
2023-10-21 17:17:00.470,-2.4336137771606445,0.2202506363391876,-0.4048452377319336,0.7082560062408447,-0.2532417774200439,0.6098620295524597,0.2496206164360046,-1.4423812627792358,0.0542784072458744,-2.416168689727783,1
2023-10-21 17:17:00.480,-1.809062123298645,0.328800618648529,0.1260337829589843,0.7153502106666565,-0.249320849776268,0.6044761538505554,0.2464181333780288,-1.425135374069214,0.058829590678215,-2.427276849746704,1
2023-10-21 17:17:00.500,-0.8194899559020996,0.057129830121994,1.6124486923217771,0.7153502106666565,-0.249320849776268,0.6044761538505554,0.2464181333780288,-1.425135374069214,0.058829590678215,-2.427276849746704,1
2023-10-21 17:17:00.520,-0.2641308307647705,0.0021775662899017,2.208970069885254,0.7250592112541199,-0.2425651997327804,0.5974061489105225,0.2419858574867248,-1.4011157751083374,0.0626615807414054,-2.4445042610168457,1
2023-10-21 17:17:00.580,0.8444111347198486,-1.4120290279388428,5.993021011352539,0.7297073602676392,-0.2368346899747848,0.5959224104881287,0.237303540110588,-1.391921043395996,0.0628524199128151,-2.4602479934692383,1
2023-10-21 17:17:00.600,-0.2593967914581299,0.2551686763763428,9.896754264831545,0.7361530065536499,-0.2297134101390838,0.5901796817779541,0.2387436926364898,-1.371321201324463,0.0564350485801696,-2.468200922012329,1
2023-10-21 17:17:00.620,-0.1560513973236084,-1.340017318725586,5.191344261169434,0.7367883324623108,-0.229004830121994,0.5896025896072388,0.2388902753591537,-1.3692725896835327,0.0557844527065753,-2.4689745903015137,1
2023-10-21 17:49:12.310,-0.5745115280151367,0.0631029605865478,-0.1837422847747802,0.9190629720687866,-0.0488921701908111,0.0684246271848678,0.3850334882736206,-0.1642742455005645,0.0371869951486587,-2.3450753688812256,2
2023-10-21 17:49:12.330,1.2516860961914062,0.1083611994981765,0.168332815170288,0.9190629720687866,-0.0488921701908111,0.0684246271848678,0.3850334882736206,-0.1642742455005645,0.0371869951486587,-2.3450753688812256,2
2023-10-21 17:49:12.360,-0.3375358581542969,0.0801873952150344,0.0039660930633544,0.9190629720687866,-0.0488921701908111,0.0684246271848678,0.3850334882736206,-0.1642742455005645,0.0371869951486587,-2.3450753688812256,2
2023-10-21 17:49:12.380,-0.1063137054443359,0.1403527855873108,-0.0020840167999267,0.9190629720687866,-0.0488921701908111,0.0684246271848678,0.3850334882736206,-0.1642742455005645,0.0371869951486587,-2.3450753688812256,2
2023-10-21 17:49:12.400,-0.0852136611938476,-0.0806335657835006,0.1264746189117431,0.9190629720687866,-0.0488921701908111,0.0684246271848678,0.3850334882736206,-0.1642742455005645,0.0371869951486587,-2.3450753688812256,2
2023-10-21 17:49:12.460,-0.0746107101440429,0.0542813241481781,0.0650599002838134,0.9190629720687866,-0.0488921701908111,0.0684246271848678,0.3850334882736206,-0.1642742455005645,0.0371869951486587,-2.3450753688812256,2
2023-10-21 17:49:12.480,-0.0429964065551757,0.0240591913461685,-0.0183563232421875,0.9190629720687866,-0.0488921701908111,0.0684246271848678,0.3850334882736206,-0.1642742455005645,0.0371869951486587,-2.3450753688812256,2
2023-10-21 17:49:12.500,0.0307044982910156,0.0024676918983459,-0.0217618942260742,0.9190629720687866,-0.0488921701908111,0.0684246271848678,0.3850334882736206,-0.1642742455005645,0.0371869951486587,-2.3450753688812256,2
2023-10-21 17:49:12.530,-0.1369352340698242,0.060445986688137,-0.0296118259429931,0.9190629720687866,-0.0488921701908111,0.0684246271848678,0.3850334882736206,-0.1642742455005645,0.0371869951486587,-2.3450753688812256,2
2023-10-21 17:49:12.550,-0.2385206222534179,-0.0576216429471969,0.1263530254364013,0.9190629720687866,-0.0488921701908111,0.0684246271848678,0.3850334882736206,-0.1642742455005645,0.0371869951486587,-2.3450753688812256,2
2023-10-21 17:49:12.610,0.2344837188720703,-0.0840182974934578,-0.1768937110900879,0.9166861176490784,-0.0575628504157066,0.0838943421840667,0.3864385485649109,-0.1997894495725631,0.0407053492963314,-2.33960485458374,2
2023-10-21 17:49:12.630,0.1507863998413086,-0.3121725916862488,-0.4403529167175293,0.9166631698608398,-0.0576415956020355,0.0840348601341247,0.3864507377147674,-0.2001124173402786,0.0407364517450332,-2.339554786682129,2
2023-10-21 17:49:12.650,-0.0862598419189453,-0.1872201561927795,-0.3071088790893554,0.91555255651474,-0.0601988770067691,0.0911416858434677,0.3870827257633209,-0.2153220921754837,0.039682138711214,-2.337315797805786,2
2023-10-21 17:49:12.700,-0.1484508514404297,0.0700205340981483,0.1660270690917968,0.9148786664009094,-0.0622634924948215,0.097440667450428,0.3868145942687988,-0.2286163121461868,0.0385536849498748,-2.3371469974517822,2
2023-10-21 17:49:12.760,-0.3271799087524414,-0.1837078481912613,-0.2576766014099121,0.9130592346191406,-0.0659249052405357,0.1094325929880142,0.3872999548912048,-0.2537768483161926,0.0356277488172054,-2.334697961807251,2
2023-10-21 17:49:12.780,0.0280609130859375,-0.2578492760658264,-0.590451717376709,0.9118821620941162,-0.0674821659922599,0.1152345389127731,0.3881213068962097,-0.2658108174800873,0.0336279459297657,-2.33229398727417,2
2023-10-21 17:49:12.800,-0.0613946914672851,-0.0838115438818931,-0.09489107131958,0.9117625951766968,-0.0676377564668655,0.1158145070075988,0.3882026672363281,-0.2670139372348785,0.0334263779222965,-2.332054853439331,2
2023-10-21 17:49:12.860,0.254612922668457,0.0866203159093856,0.1753969192504882,0.9089756011962892,-0.0712258219718933,0.1302415430545807,0.3895219266414642,-0.2967100739479065,0.0280248615890741,-2.327692985534668,2
2023-10-21 17:49:12.880,0.2235364913940429,-0.094535008072853,0.3921523094177246,0.908846080303192,-0.0713300034403801,0.1308725327253341,0.3895938396453857,-0.2979675829410553,0.027685260400176,-2.3274893760681152,2
2023-10-21 17:49:12.910,-0.5626335144042969,-0.1444844901561737,0.7363719940185547,0.9072999358177184,-0.0725544989109039,0.1381726413965225,0.390449970960617,-0.3125358819961548,0.0237606167793273,-2.3250744342803955,2
2023-10-21 17:49:12.930,-0.632850170135498,-0.1483362913131714,0.5404496192932129,0.9066523909568788,-0.073000892996788,0.1448697298765182,0.3894422352313995,-0.3253212869167328,0.0195373278111219,-2.326969146728516,2
2023-10-21 17:49:12.950,-0.5059108734130859,0.0910892188549041,0.513242244720459,0.9066523909568788,-0.073000892996788,0.1448697298765182,0.3894422352313995,-0.3253212869167328,0.0195373278111219,-2.326969146728516,2
2023-10-21 17:49:13.010,-0.0181398391723632,-0.2544865906238556,-0.0682501792907714,0.907229483127594,-0.073017306625843,0.158836618065834,0.382588654756546,-0.3512740433216095,0.0109489513561129,-2.3414864540100098,2
2023-10-21 17:49:13.030,-0.2482738494873047,-0.0553311370313167,-0.1340155601501464,0.9072433710098268,-0.0730820521712303,0.159511387348175,0.3822625875473022,-0.3525839745998382,0.0106561491265892,-2.3421525955200195,2
2023-10-21 17:49:13.050,-0.7208027839660645,0.1478159129619598,0.0696272850036621,0.9072446823120116,-0.073088526725769,0.1595788598060608,0.3822299540042877,-0.3527149558067322,0.0106269111856818,-2.342219114303589,2
2023-10-21 17:49:13.080,0.0040931701660156,0.2270888090133667,0.2970995903015136,0.9049542546272278,-0.0823007598519325,0.1808856278657913,0.3762508928775787,-0.3999257981777191,0.0128404451534152,-2.350940227508545,2
2023-10-21 17:49:13.100,-0.2056398391723632,-0.0012636743485927,-0.1563224792480468,0.8857807517051697,-0.104615606367588,0.2041819989681244,0.4034325778484344,-0.4625439941883087,0.020587095990777,-2.2819838523864746,2
2023-10-21 17:49:13.160,0.2158117294311523,-0.0224685668945312,0.1985754966735839,0.8838755488395691,-0.1131992042064666,0.2226987481117248,0.3954178690910339,-0.5044625997543335,0.0239921882748603,-2.2940826416015625,2
2023-10-21 17:49:13.180,0.0652418136596679,-0.0106006413698196,0.3733119964599609,0.8838022351264954,-0.1136134937405586,0.2236684113740921,0.3949154913425445,-0.5066311955451965,0.0241658370941877,-2.294895648956299,2
2023-10-21 17:49:13.200,-0.2155113220214843,-0.18039071559906,0.0662808418273925,0.8823778629302979,-0.1174094751477241,0.2333270460367202,0.3913858234882355,-0.5280176401138306,0.0245597157627344,-2.299985647201538,2
2023-10-21 17:49:13.260,0.1838827133178711,-0.1497425884008407,0.1829209327697754,0.8823390603065491,-0.1179429739713668,0.2367712408304214,0.3892384469509125,-0.5349352955818176,0.0238126963376998,-2.3041372299194336,2
2023-10-21 17:49:13.310,0.1749401092529297,0.0106381624937057,-0.0417728424072265,0.8858184814453125,-0.1111356541514396,0.223831757903099,0.390991061925888,-0.5047290325164795,0.0218613427132368,-2.304614305496216,2
2023-10-21 17:49:13.330,0.0974407196044921,-0.0699245408177375,-0.1622986793518066,0.886035144329071,-0.1107290685176849,0.2229504585266113,0.3911187052726745,-0.502724826335907,0.0218212343752384,-2.3045873641967773,2
2023-10-21 17:49:13.350,-0.0048952102661132,0.0223322063684463,-0.1405949592590332,0.8860569000244141,-0.1106884181499481,0.2228623330593109,0.3911314904689789,-0.5025244951248169,0.0218172539025545,-2.3045849800109863,2
2023-10-21 17:49:13.410,-0.1155366897583007,-0.0406577885150909,-0.0736804008483886,0.8908067941665649,-0.1010557264089584,0.1986658722162246,0.3959580957889557,-0.4490229189395904,0.0227174777537584,-2.2998735904693604,2
2023-10-21 17:49:13.430,0.0231218338012695,-0.066101849079132,-0.1934151649475097,0.8925250768661499,-0.0976405888795852,0.1899113357067108,0.3972391486167907,-0.4297997951507568,0.0234150532633066,-2.298982858657837,2
2023-10-21 17:49:13.460,0.1519060134887695,0.0358036607503891,0.1164112091064453,0.8938474059104919,-0.0952344983816146,0.1838044822216034,0.3977225720882416,-0.4163851141929626,0.0240461602807045,-2.2992100715637207,2
2023-10-21 17:49:13.480,0.1324100494384765,-0.0226842239499092,0.1027655601501464,0.8939613699913025,-0.0950274690985679,0.1832800060510635,0.3977577686309814,-0.4152333736419678,0.0241020116955041,-2.299241781234741,2
2023-10-21 17:49:13.500,-0.0177211761474609,0.0541390478610992,0.1624631881713867,0.8947378396987915,-0.0935798659920692,0.1793597787618637,0.3981420397758484,-0.406716912984848,0.0246400441974401,-2.2991654872894287,2
2023-10-21 17:49:13.560,0.007002830505371,0.0197800770401954,-0.1164469718933105,0.8951842188835144,-0.0922118127346038,0.1763851940631866,0.3987864255905151,-0.4000411033630371,0.0244155041873455,-2.2984657287597656,2
2023-10-21 17:49:13.580,0.0430183410644531,0.0267635285854339,-0.1102838516235351,0.8951594829559326,-0.0917867124080658,0.1758082211017608,0.3991943001747131,-0.3986186981201172,0.0239665061235427,-2.297793388366699,2
2023-10-21 17:49:13.600,-0.0828084945678711,0.1092657074332237,0.10784912109375,0.8951570391654968,-0.0917441993951797,0.1757505238056183,0.3992351293563843,-0.3984765112400055,0.0239216405898332,-2.297726392745972,2
2023-10-21 17:49:13.630,0.0993003845214843,-0.0848943218588829,0.0812797546386718,0.8948772549629211,-0.0920633897185325,0.1759742796421051,0.3996901214122772,-0.3991738557815552,0.024102846160531,-2.296600580215454,2
2023-10-21 17:49:13.650,0.0380878448486328,-0.0994418710470199,0.0389690399169921,0.8948746919631958,-0.0920663252472877,0.1759763658046722,0.3996942341327667,-0.3991803228855133,0.0241045150905847,-2.2965903282165527,2
2023-10-21 17:49:13.710,-0.0395479202270507,0.1121498867869377,-0.0600895881652832,0.8923394680023193,-0.0930273085832595,0.1852829605340957,0.4009320139884949,-0.4173371195793152,0.017453022301197,-2.293346405029297,2
2023-10-21 17:49:13.730,0.0959329605102539,-0.0162653475999832,-0.0633916854858398,0.8920047879219055,-0.0928768664598465,0.1868435889482498,0.4009872674942016,-0.4201165437698364,0.0158500894904136,-2.2932791709899902,2
2023-10-21 17:49:13.750,-0.058781623840332,-0.0339460670948028,0.0703768730163574,0.8916753530502319,-0.0936497002840042,0.1877183765172958,0.401131808757782,-0.4224043190479278,0.0164113715291023,-2.2925939559936523,2
2023-10-21 17:49:13.810,-0.0521707534790039,-0.021268643438816,0.0480966567993164,0.8894467353820801,-0.0935873910784721,0.1960334181785583,0.4021154940128326,-0.4378629326820373,0.0088259680196642,-2.2904374599456787,2
2023-10-21 17:49:13.860,0.0389060974121093,0.031925793737173,-0.0021164417266845,0.8895745277404785,-0.0920010805130004,0.1947463154792785,0.4028237760066986,-0.4341207146644592,0.0067868009209632,-2.289690494537353,2
2023-10-21 17:49:13.880,0.0023784637451171,0.0423104427754879,-0.0303459167480468,0.8895288109779358,-0.0909148454666137,0.1948230564594268,0.4031340777873993,-0.4333436787128448,0.0046631414443254,-2.289543390274048,2
2023-10-21 17:49:13.900,0.0911102294921875,-0.0197713747620582,-0.0983557701110839,0.8895241618156433,-0.09080620855093,0.1948307156562805,0.4031650722026825,-0.4332659244537353,0.0044507682323455,-2.2895283699035645,2
2023-10-21 17:49:13.960,-0.0531654357910156,-0.0077894665300846,-0.0660052299499511,0.8893510699272156,-0.0925575420260429,0.1944960802793502,0.4033101201057434,-0.4341307878494262,0.0077479062601923,-2.2883822917938232,2
2023-10-21 17:49:13.980,-0.0772533416748046,0.056246779859066,0.0732200145721435,0.8893897533416748,-0.0926242917776107,0.1942862272262573,0.4033106565475464,-0.4337964951992035,0.0080428691580891,-2.288350343704224,2
2023-10-21 17:49:14.010,0.0717535018920898,-0.0424114540219306,-0.0875966548919677,0.889665424823761,-0.0899656638503074,0.192792609333992,0.4040205478668213,-0.4287581145763397,0.0042943339794874,-2.288097381591797,2
2023-10-21 17:49:14.030,0.0372934341430664,0.0389695242047309,-0.0335211753845214,0.8899197578430176,-0.0896831229329109,0.1912614703178405,0.4042510092258453,-0.4256675243377685,0.0049863066524267,-2.287740707397461,2
2023-10-21 17:49:14.050,0.0497074127197265,0.0096900034695863,0.0645191669464111,0.8899197578430176,-0.0896831229329109,0.1912614703178405,0.4042510092258453,-0.4256675243377685,0.0049863066524267,-2.287740707397461,2
2023-10-21 17:49:14.110,-0.0706739425659179,-0.0446094386279583,-0.1213343143463134,0.8906601667404175,-0.0886201485991478,0.1873562037944793,0.4046832025051117,-0.4174988865852356,0.0062210960313677,-2.2873218059539795,2
2023-10-21 17:49:14.130,-0.0900630950927734,0.0558959171175956,-0.0978155136108398,0.8906987309455872,-0.0885083377361297,0.1871534883975982,0.4047167301177978,-0.4170270264148712,0.0061802808195352,-2.287302255630493,2
2023-10-21 17:49:14.150,0.1001100540161132,-0.002473868895322,0.0326907634735107,0.890624463558197,-0.0875431597232818,0.1875145584344864,0.4049229323863983,-0.416880339384079,0.0040782950818538,-2.2873008251190186,2
2023-10-21 17:49:14.180,0.0679264068603515,-0.1021410450339317,-0.0849556922912597,0.8913471102714539,-0.0850275233387947,0.1831804364919662,0.405851662158966,-0.4066921770572662,0.0028899053577333,-2.286451816558838,2
2023-10-21 17:49:14.200,0.2067861557006836,-0.0226522292941808,-0.0360355377197265,0.8916681408882141,-0.0834228992462158,0.1804665029048919,0.4066945910453796,-0.4002933204174042,0.0019815727137029,-2.2853517532348637,2
2023-10-21 17:49:14.260,-0.0278549194335937,0.0244818367063999,0.1470589637756347,0.8926697373390198,-0.0805668234825134,0.1744873523712158,0.4076813161373138,-0.3867827355861664,0.0015686757396906,-2.284464120864868,2
2023-10-21 17:49:14.280,0.0510740280151367,-0.0159457772970199,-0.122124433517456,0.892691433429718,-0.0804604142904281,0.1743768751621246,0.4077019393444061,-0.3864878118038177,0.0014650678494945,-2.2844645977020264,2
2023-10-21 17:49:14.300,-0.0086870193481445,0.0255428366363048,-0.1777615547180175,0.8933790326118469,-0.0793777704238891,0.1713075488805771,0.4077092111110687,-0.3798832893371582,0.0021415369119495,-2.284907817840576,2
2023-10-21 17:49:14.360,0.0292396545410156,-0.0032034572213888,-0.1576700210571289,0.8941704630851746,-0.0772600099444389,0.1680358499288559,0.4077426791191101,-0.3720329105854034,0.0011364521924406,-2.285712480545044,2
2023-10-21 17:49:14.410,1.1213274002075195,0.226353645324707,-0.9001119136810303,0.8951922655105591,-0.0736907720565795,0.1615901887416839,0.408765435218811,-0.3570940196514129,-0.0001701414585113,-2.2849273681640625,2
2023-10-21 17:49:14.430,1.1988611221313477,0.0277451276779174,-0.7863373756408691,0.8952599167823792,-0.0734741166234016,0.1611413806676864,0.4088333547115326,-0.3560814559459686,-0.0002030730247497,-2.284864664077759,2
2023-10-21 17:49:14.450,0.8043727874755859,-0.0719791054725647,-0.2453298568725586,0.8953590989112854,-0.0736118927597999,0.160580962896347,0.4088119268417358,-0.3551618754863739,0.0005233287811279,-2.284857749938965,2
2023-10-21 17:49:14.510,0.2194671630859375,-0.1388577073812484,0.0820422172546386,0.8961120843887329,-0.0724083110690116,0.1534527540206909,0.4101129174232483,-0.3409849107265472,0.0039060215931385,-2.282512187957764,2
2023-10-21 17:49:14.530,-0.8242025375366211,-0.3713468313217163,-0.3577613830566406,0.8957733511924744,-0.0725276991724968,0.1545372903347015,0.4104243814945221,-0.3430879116058349,0.0030850220937281,-2.2817890644073486,2
2023-10-21 17:49:14.560,0.2558479309082031,-0.0334240198135376,-0.5914702415466309,0.8954992890357971,-0.0718835666775703,0.1542369723320007,0.4112477004528045,-0.341990202665329,0.001884163590148,-2.280247211456299,2
2023-10-21 17:49:14.580,-0.1269617080688476,0.0763489305973053,-0.4131135940551758,0.8954732418060303,-0.0718211680650711,0.1542077362537384,0.4113264083862304,-0.341883510351181,0.001768440939486,-2.280100107192993,2
2023-10-21 17:49:14.600,-0.1500387191772461,-0.0151896178722381,-0.0666122436523437,0.8955740332603455,-0.0705945342779159,0.1525079905986786,0.4119524955749511,-0.3377103805541992,0.0007931739673949,-2.2792012691497803,2
2023-10-21 17:49:14.660,0.2105493545532226,-0.4302501976490021,-1.1950068473815918,0.895597517490387,-0.071036010980606,0.1527213603258133,0.4117465615272522,-0.3384779095649719,0.0014743512729182,-2.2794840335845947,2
2023-10-21 17:49:14.680,0.1701221466064453,0.4180416464805603,-0.3310222625732422,0.8948990702629089,-0.0694547891616821,0.1586202383041381,0.4113044738769531,-0.3480217456817627,-0.0061724055558443,-2.281044244766236,2
2023-10-21 17:49:14.700,-0.3018531799316406,-0.154305875301361,-1.2079997062683103,0.8948274254798889,-0.0692965239286422,0.1592098027467727,0.4112594425678253,-0.3489768505096435,-0.0069362702779471,-2.281204462051392,2
2023-10-21 17:49:14.730,-0.4442136287689209,0.6020533442497253,-0.0024223327636718,0.8891557455062866,-0.0844693705439567,0.1959473937749862,0.4048106670379638,-0.4299864470958709,-0.0084304315969347,-2.2889692783355717,2
2023-10-21 17:49:14.750,0.2846336364746094,-0.5060327649116516,0.7903909683227539,0.8890975713729858,-0.0846068561077117,0.1962794512510299,0.4047490358352661,-0.4307221472263336,-0.0084404312074184,-2.289040327072144,2
2023-10-21 17:49:14.810,-0.9669532775878906,-0.4651074409484863,-0.833888053894043,0.8638209104537964,-0.1224492788314819,0.305817186832428,0.3811764717102051,-0.671086311340332,-0.0215938184410333,-2.317986011505127,2
2023-10-21 17:49:14.830,-0.5459686517715454,-0.6201580166816711,-0.3445987701416015,0.8636702299118042,-0.1226134821772575,0.3063216209411621,0.3810599446296692,-0.6722065806388855,-0.0216602627187967,-2.318119764328003,2
2023-10-21 17:49:14.850,0.1436976194381714,0.5999534726142883,1.6725549697875977,0.8488110303878784,-0.1352323740720749,0.3502902090549469,0.3721947968006134,-0.7693440318107605,-0.0311839748173952,-2.327736616134644,2
2023-10-21 17:49:14.910,-0.4058957695960998,-0.231234610080719,-0.7319841384887695,0.8037700653076172,-0.162274420261383,0.4533221423625946,0.3494564592838287,-1.0037131309509275,-0.0559993050992488,-2.3520898818969727,2
2023-10-21 17:49:14.960,0.0527569055557251,-0.093291163444519,-0.9106044769287108,0.7824168801307678,-0.1715555638074875,0.4954353272914886,0.336060106754303,-1.102725386619568,-0.0645810365676879,-2.3699393272399902,2
2023-10-21 17:49:14.980,-0.8410747051239014,-0.3174703121185303,-0.716639518737793,0.7692450881004333,-0.1768586933612823,0.5202731490135193,0.3260351419448852,-1.1625832319259644,-0.0672098845243454,-2.383988380432129,2
2023-10-21 17:49:15.000,-0.5261314511299133,-0.0893962383270263,0.1066789627075195,0.7679079174995422,-0.1773730963468551,0.522697925567627,0.3250278830528259,-1.1684907674789429,-0.0674214512109756,-2.3853859901428223,2
2023-10-21 17:49:15.060,-0.1284952759742736,-0.449735164642334,0.7152252197265625,0.7327531576156616,-0.183094248175621,0.5757215023040771,0.3131999373435974,-1.2961565256118774,-0.0924376919865608,-2.4037532806396484,2
2023-10-21 17:49:15.080,-0.5987181663513184,-0.0177754163742065,-0.6858768463134766,0.7303043603897095,-0.1836185306310653,0.5791005492210388,0.3123818039894104,-1.3046573400497437,-0.0937433540821075,-2.4048421382904053,2
2023-10-21 17:49:15.110,-0.1214707493782043,0.0352978706359863,0.4972820281982422,0.7139129042625427,-0.193943053483963,0.6025717258453369,0.2993691861629486,-1.370164155960083,-0.0839645341038703,-2.4160873889923096,2
2023-10-21 17:49:15.130,-0.4920812547206878,-0.2129849195480346,0.3776330947875976,0.7009411454200745,-0.2016443312168121,0.6189790964126587,0.2913519442081451,-1.417319893836975,-0.0780792310833931,-2.420668125152588,2
2023-10-21 17:49:15.150,-0.6165639162063599,0.1052091121673584,0.2666692733764648,0.7009411454200745,-0.2016443312168121,0.6189790964126587,0.2913519442081451,-1.417319893836975,-0.0780792310833931,-2.420668125152588,2
2023-10-21 17:49:15.210,-0.0949405431747436,-0.8884032964706421,-0.4084272384643554,0.6930712461471558,-0.199064090847969,0.6280791759490967,0.2924761176109314,-1.4380722045898438,-0.0915931314229965,-2.423129081726074,2
2023-10-21 17:49:15.230,-0.9062662720680236,-0.8518716096878052,-1.6258811950683594,0.6928941607475281,-0.198403388261795,0.6282537579536438,0.2929694056510925,-1.437963366508484,-0.0933084860444068,-2.423231363296509,2
2023-10-21 17:49:15.250,-0.7258633375167847,0.3499462604522705,-0.4487218856811523,0.692876398563385,-0.1983373016119003,0.6282711625099182,0.2930186986923218,-1.4379522800445557,-0.0934800282120704,-2.423241376876831,2
2023-10-21 17:49:15.280,0.8654849529266357,0.0685325264930725,0.6192207336425781,0.6827258467674255,-0.189102292060852,0.638879120349884,0.2999322712421417,-1.4575196504592896,-0.1253589838743209,-2.42566180229187,2
2023-10-21 17:49:15.300,-1.385917901992798,-0.439755916595459,-1.0259265899658203,0.6736751794815063,-0.1898865401744842,0.6476447582244873,0.3010998666286468,-1.480864405632019,-0.134573608636856,-2.4239766597747803,2
2023-10-21 17:49:15.360,0.0832616984844207,-0.3763831257820129,-0.4016427993774414,0.6629190444946289,-0.1893795579671859,0.6535101532936096,0.3124071061611175,-1.4956724643707275,-0.1578910052776336,-2.407304525375366,2
2023-10-21 17:49:15.380,-0.8241024613380432,-1.151594638824463,-1.1634550094604492,0.6628681421279907,-0.1894018799066543,0.653303861618042,0.3129328191280365,-1.4951353073120115,-0.1584456413984298,-2.406383752822876,2
2023-10-21 17:49:15.400,-0.9757391214370728,-0.593091607093811,-1.235701560974121,0.6646472811698914,-0.1979215145111084,0.6494874358177185,0.3118289709091186,-1.491930365562439,-0.1424431949853897,-2.395902395248413,2
2023-10-21 17:49:15.460,0.8050624132156372,0.8775245547294617,1.1837244033813477,0.6623303890228271,-0.2104609161615371,0.6487229466438293,0.3101341724395752,-1.5004701614379885,-0.1239098384976387,-2.38125228881836,2
2023-10-21 17:49:15.510,-0.5868061184883118,0.1927173137664795,0.3183088302612304,0.658702552318573,-0.2253730595111847,0.6455509066581726,0.3139777481555938,-1.5054223537445068,-0.1086834445595741,-2.353800773620605,2
2023-10-21 17:49:15.530,0.4287841022014618,0.2382535934448242,0.2052240371704101,0.658702552318573,-0.2253730595111847,0.6455509066581726,0.3139777481555938,-1.5054223537445068,-0.1086834445595741,-2.353800773620605,2
2023-10-21 17:49:15.550,1.1399320363998413,-0.5369959473609924,-0.0855245590209961,0.6586813926696777,-0.2260241210460662,0.6452224850654602,0.3142292201519012,-1.505165457725525,-0.1079492792487144,-2.3524398803710938,2
2023-10-21 17:49:15.610,-1.1001042127609253,-0.2620169520378113,-2.1078829765319824,0.6537808179855347,-0.2411997020244598,0.6430145502090454,0.3176880180835724,-1.513807773590088,-0.0933079198002815,-2.3250882625579834,2
2023-10-21 17:49:15.630,-0.589031457901001,0.2430379390716552,-1.506368637084961,0.6488837003707886,-0.2451339662075042,0.6458627581596375,0.3189367353916168,-1.525037169456482,-0.0939901918172836,-2.3177082538604736,2
2023-10-21 17:49:15.660,-0.8854119777679443,0.4752804040908813,-0.4991292953491211,0.6469078063964844,-0.2470422536134719,0.6463819146156311,0.3204230964183807,-1.5282717943191528,-0.0947459414601326,-2.3126134872436523,2
2023-10-21 17:49:15.680,-0.2072687149047851,1.3998878002166748,1.2898216247558594,0.6467588543891907,-0.2471943199634552,0.6464052200317383,0.3205593228340149,-1.5284831523895264,-0.0948142260313034,-2.3121767044067383,2
2023-10-21 17:49:15.700,0.9930657148361206,-0.4775999188423157,0.0349721908569335,0.6463825702667236,-0.2480073720216751,0.6449005603790283,0.3237056732177734,-1.5253758430480957,-0.0970529317855835,-2.3057730197906494,2
2023-10-21 17:49:15.760,-0.4907552003860473,-0.4629960060119629,2.4758405685424805,0.6407299041748047,-0.2513488531112671,0.6480512619018555,0.3260653018951416,-1.5369116067886353,-0.1006906703114509,-2.297454357147217,2
2023-10-21 17:49:15.780,0.03205406665802,-0.4627789258956909,1.0819768905639648,0.6374387145042419,-0.2505983114242553,0.6510106325149536,0.3271966874599457,-1.5438685417175293,-0.1067374870181083,-2.2970387935638428,2
2023-10-21 17:49:15.800,3.508660316467285,0.6086164116859436,-0.4071826934814453,0.6371088624000549,-0.2505229711532593,0.6513057947158813,0.3273094296455383,-1.5445643663406372,-0.1073422729969024,-2.29699969291687,2
2023-10-21 17:49:15.830,-1.2227662801742554,2.4109764099121094,-0.8997249603271484,0.6245104074478149,-0.2502295076847076,0.6632126569747925,0.3279041051864624,-1.5757653713226318,-0.1227061301469802,-2.297923803329468,2
2023-10-21 17:49:15.850,-1.100117564201355,-1.2138142585754397,-0.4446334838867187,0.6243953108787537,-0.2502265572547912,0.6633197069168091,0.3279089629650116,-1.5760486125946045,-0.1228451356291771,-2.297934532165528,2
2023-10-21 17:49:15.910,-3.637027502059937,-0.4694706797599792,-0.4082651138305664,0.6103091835975647,-0.2605705857276916,0.6744702458381653,0.3235978782176971,-1.6167502403259275,-0.1187358498573303,-2.290840148925781,2
2023-10-21 17:49:15.930,-1.4262609481811523,0.2181914001703262,-0.5470733642578125,0.6031329035758972,-0.269075334072113,0.6799136996269226,0.3186638653278351,-1.6406352519989014,-0.1089669913053512,-2.2862956523895264,2
2023-10-21 17:49:15.950,0.5121928453445435,0.1739896386861801,1.4632482528686523,0.6031329035758972,-0.269075334072113,0.6799136996269226,0.3186638653278351,-1.6406352519989014,-0.1089669913053512,-2.2862956523895264,2
2023-10-21 17:49:16.010,-0.2768350839614868,-0.0915336236357688,0.5850276947021484,0.5808335542678833,-0.2916422188282013,0.6969252824783325,0.3031046092510223,-1.7132964134216309,-0.0837893635034561,-2.2763030529022217,2
2023-10-21 17:49:16.060,-1.067487359046936,-0.267477810382843,1.2824935913085938,0.5753360390663147,-0.2972711026668548,0.7018985152244568,0.2965754866600036,-1.734032392501831,-0.0743386968970298,-2.2772481441497803,2
2023-10-21 17:49:16.080,0.1529524326324463,0.1396442055702209,-1.6191167831420898,0.5803514719009399,-0.2956185042858124,0.6995009779930115,0.2941091656684875,-1.725151777267456,-0.0683873370289802,-2.283322095870972,2
2023-10-21 17:49:16.100,0.2348062396049499,-0.4111669063568115,-0.1940202713012695,0.5808560848236084,-0.2954482436180115,0.6992558836936951,0.2938671112060547,-1.7242459058761597,-0.0678027495741844,-2.2839314937591557,2
2023-10-21 17:49:16.160,1.7073373794555664,-1.5860542058944702,2.72248649597168,0.6011413335800171,-0.2871497273445129,0.6908156275749207,0.28097665309906,-1.6905550956726074,-0.0429842211306095,-2.3155903816223145,2
2023-10-21 17:49:16.180,-1.5444873571395874,0.7139715552330017,-1.6709041595458984,0.6018092036247253,-0.2869701981544494,0.6906676292419434,0.2800928056240082,-1.6899276971817017,-0.0415113866329193,-2.317164897918701,2
2023-10-21 17:49:16.200,-0.226629376411438,-0.0205688178539276,-0.4990463256835937,0.6164993643760681,-0.2811074256896972,0.684636116027832,0.2686643898487091,-1.6664597988128662,-0.0212711934000253,-2.3430535793304443,2
2023-10-21 17:49:16.210,0.3021507263183594,0.1757210493087768,1.5391664505004885,0.6179543137550354,-0.280514657497406,0.6840172410011292,0.2675153315067291,-1.664085030555725,-0.0192809123545885,-2.345667839050293,2
2023-10-21 17:49:16.230,-1.0214157104492188,1.050896406173706,0.5893983840942383,0.6192505955696106,-0.2840844094753265,0.6830072402954102,0.2632980644702911,-1.6653456687927246,-0.0078301634639501,-2.3461403846740723,2
2023-10-21 17:49:16.250,-0.1016517877578735,0.0005741864442825,1.2672119140625,0.6192505955696106,-0.2840844094753265,0.6830072402954102,0.2632980644702911,-1.6653456687927246,-0.0078301634639501,-2.3461403846740723,2
2023-10-21 17:49:16.310,-0.5823749303817749,-0.4732390642166137,0.4991874694824219,0.6202864050865173,-0.2822184562683105,0.68332839012146,0.2620303332805633,-1.6641045808792114,-0.0079930676147341,-2.3509774208068848,2
2023-10-21 17:49:16.330,-0.8647289276123047,0.2159321755170822,0.940969467163086,0.6203837394714355,-0.2819961607456207,0.6833208799362183,0.2620588541030884,-1.663832187652588,-0.0082490183413028,-2.351290464401245,2
2023-10-21 17:49:16.350,-1.1306567192077637,-0.0217200070619583,0.4186420440673828,0.6203935146331787,-0.2819739282131195,0.6833201050758362,0.2620616853237152,-1.6638048887252808,-0.0082745598629117,-2.3513219356536865,2
2023-10-21 17:49:16.380,-0.3065036535263061,0.0829492509365081,-2.140087127685547,0.6195550560951233,-0.2788168489933014,0.6843195557594299,0.2648011744022369,-1.6630042791366575,-0.0169332958757877,-2.352351427078247,2
2023-10-21 17:49:16.400,-0.4675294160842895,-0.051781415939331,-2.301547050476074,0.6171324849128723,-0.2782577574253082,0.6867706179618835,0.2647005319595337,-1.6691371202468872,-0.0201346464455127,-2.3534388542175293,2
2023-10-21 17:49:16.460,-0.9223487377166748,-0.2394888401031494,-2.1797003746032715,0.6084946393966675,-0.272984892129898,0.6954082250595093,0.2676209807395935,-1.6873799562454224,-0.0400026440620422,-2.3578596115112305,2
2023-10-21 17:49:16.480,-0.2266424894332885,-0.1179369986057281,-1.407155990600586,0.6081621646881104,-0.2727049887180328,0.6957946419715881,0.2676578462123871,-1.6881592273712158,-0.0407833866775035,-2.3582684993743896,2
2023-10-21 17:49:16.500,0.2961640357971191,0.0191979259252548,-1.0499181747436523,0.6071746945381165,-0.272655189037323,0.6982695460319519,0.2634725868701935,-1.695042371749878,-0.0368594229221344,-2.3645169734954834,2
2023-10-21 17:49:16.560,-0.4382342100143432,0.0207795798778533,1.543156623840332,0.6061054468154907,-0.2735930383205414,0.7007197737693787,0.2584085762500763,-1.7029647827148438,-0.0304962582886219,-2.370396137237549,2
2023-10-21 17:49:16.610,-0.9180083274841307,-0.0822313427925109,4.892571449279785,0.5994611978530884,-0.2775169909000397,0.707094669342041,0.2522852718830108,-1.7254537343978882,-0.0240601263940334,-2.372987747192383,2
2023-10-21 17:49:16.630,0.2008033990859985,-0.6496747732162476,3.609269142150879,0.5991138815879822,-0.277649313211441,0.7074286341667175,0.2520282566547394,-1.7265584468841553,-0.0238991770893335,-2.373145341873169,2
2023-10-21 17:49:16.650,1.4529166221618652,-0.333561897277832,2.862542152404785,0.5990791320800781,-0.2776625454425812,0.7074620127677917,0.2520025670528412,-1.7266690731048584,-0.0238830801099538,-2.3731610774993896,2
2023-10-21 17:49:16.710,2.301295757293701,-0.0553151965141296,-2.931573867797852,0.5909779071807861,-0.2783353924751282,0.71197509765625,0.2576161921024322,-1.7404887676239014,-0.0378615111112594,-2.36433219909668,2
2023-10-21 17:49:16.730,-0.1027379035949707,0.4260798096656799,-3.072993278503418,0.5891836285591125,-0.2798079252243042,0.7128034234046936,0.2578399777412414,-1.7445557117462158,-0.0378709957003593,-2.361661434173584,2
2023-10-21 17:49:16.750,0.0566349029541015,-0.0894845128059387,-1.987788677215576,0.5891836285591125,-0.2798079252243042,0.7128034234046936,0.2578399777412414,-1.7445557117462158,-0.0378709957003593,-2.361661434173584,2
2023-10-21 17:49:16.760,-0.1495342254638672,-0.0350263118743896,-1.7605705261230469,0.5889904499053955,-0.2799693048000335,0.7128919959068298,0.2578616142272949,-1.7449958324432373,-0.0378655083477497,-2.361372709274292,2
2023-10-21 17:49:16.780,-0.3789362907409668,-0.0146604180335998,-2.176095485687256,0.5902098417282104,-0.283038318157196,0.7098821997642517,0.2600174844264984,-1.7397897243499756,-0.03506675735116,-2.353210926055908,2
2023-10-21 17:49:16.800,0.0594990253448486,-0.2269562482833862,-1.8400659561157229,0.5947095155715942,-0.2851501703262329,0.7045836448669434,0.2618625164031982,-1.7269974946975708,-0.0298494920134544,-2.3469600677490234,2
2023-10-21 17:49:16.860,-0.2649155855178833,0.3294252753257751,-0.5280141830444336,0.5996772050857544,-0.2865804135799408,0.6988312005996704,0.2643747329711914,-1.7123017311096191,-0.0257979929447174,-2.3408684730529785,2
2023-10-21 17:49:16.880,-0.120883822441101,0.2863437533378601,-0.4562110900878906,0.6020763516426086,-0.2864072322845459,0.6950454115867615,0.2690482437610626,-1.7014575004577637,-0.0291275735944509,-2.334306240081787,2
2023-10-21 17:49:16.900,-0.7201485633850098,0.0433737337589263,-0.075927734375,0.6023148894309998,-0.2863892614841461,0.6946651935577393,0.2695149779319763,-1.7003717422485352,-0.0294565837830305,-2.333647966384888,2
2023-10-21 17:49:16.930,0.2984707355499267,-1.0929750204086304,0.9259300231933594,0.5974918007850647,-0.2874504327774048,0.6965140700340271,0.2743063867092132,-1.7068359851837158,-0.0386275723576545,-2.325080633163452,2
2023-10-21 17:49:16.950,-1.948318362236023,-0.226910650730133,1.5039606094360352,0.5974475741386414,-0.2874600291252136,0.6965310573577881,0.2743494510650635,-1.706895351409912,-0.0387109033763408,-2.3250036239624023,2
2023-10-21 17:49:17.010,-0.2336701154708862,-0.4307963848114013,0.7745113372802734,0.5711540579795837,-0.2958675622940063,0.7134714722633362,0.2778562307357788,-1.765514254570007,-0.0585465170443058,-2.307253837585449,2
2023-10-21 17:49:17.030,-0.6087793111801147,0.2058959007263183,1.5590438842773438,0.5708627104759216,-0.2957445383071899,0.7128141522407532,0.2802623510360718,-1.76349139213562,-0.061930451542139,-2.3040080070495605,2
2023-10-21 17:49:17.050,-0.7734239101409912,-1.1375808715820312,0.7449474334716797,0.5708627104759216,-0.2957445383071899,0.7128141522407532,0.2802623510360718,-1.76349139213562,-0.061930451542139,-2.3040080070495605,2
2023-10-21 17:49:17.110,-0.609365701675415,0.9133445024490356,-0.4132947921752929,0.5777517557144165,-0.2899543642997741,0.7088461518287659,0.2822528183460235,-1.7451186180114746,-0.0651504471898078,-2.310338258743286,2
2023-10-21 17:49:17.160,0.7855536937713623,1.5013588666915894,0.3546905517578125,0.587016224861145,-0.2847918570041656,0.7036504745483398,0.2813923060894012,-1.7241480350494385,-0.0616879016160965,-2.319539785385132,2
2023-10-21 17:49:17.180,0.2602946758270263,0.6934412717819214,-0.050872802734375,0.5964938402175903,-0.2802990674972534,0.6975927948951721,0.2810550034046173,-1.7017951011657717,-0.0577626712620258,-2.326808214187622,2
2023-10-21 17:49:17.200,0.6888418197631836,0.5385664105415344,-0.1036529541015625,0.5974289774894714,-0.2798519134521484,0.6969859004020691,0.2810198664665222,-1.6995762586593628,-0.0573819726705551,-2.3275318145751958,2
2023-10-21 17:49:17.260,-0.5955265760421753,0.4959849119186401,-0.7490253448486328,0.6076393127441406,-0.2799486815929413,0.690666913986206,0.274558424949646,-1.6818933486938477,-0.0390511155128479,-2.336467742919922,2
2023-10-21 17:49:17.280,-0.5409011840820312,-0.2032568603754043,-0.3704566955566406,0.6079521775245667,-0.2801753282546997,0.690502941608429,0.274046778678894,-1.681687593460083,-0.0378028191626071,-2.336848497390747,2
2023-10-21 17:49:17.300,-0.1405178308486938,0.4354338049888611,-0.0047855377197265,0.6097456812858582,-0.2855525016784668,0.6885197162628174,0.2694636285305023,-1.6822552680969238,-0.022835211828351,-2.3348841667175293,2
2023-10-21 17:49:17.310,-0.0641406774520874,-0.8333922624588013,-0.8685121536254883,0.6099231243133545,-0.2860893309116363,0.6883192658424377,0.2690044641494751,-1.6823136806488037,-0.0213385317474603,-2.3346872329711914,2
2023-10-21 17:49:17.330,-0.5613143444061279,-0.7912936806678772,-0.3922662734985351,0.6099408268928528,-0.2861430048942566,0.6882991194725037,0.2689585089683532,-1.682319402694702,-0.0211888011544942,-2.334667444229126,2
2023-10-21 17:49:17.350,-0.5810128450393677,-0.835228443145752,-0.1748409271240234,0.6055535078048706,-0.2930172383785248,0.690968930721283,0.2645898759365082,-1.6977386474609375,-0.0107717514038085,-2.3299477100372314,2
2023-10-21 17:49:17.410,-0.0225547552108764,0.5534970760345459,-0.0019721984863281,0.583094596862793,-0.3130476176738739,0.7037029266357422,0.2584651112556457,-1.7582862377166748,0.0013074580347165,-2.30553674697876,2
2023-10-21 17:49:17.430,-0.0755177736282348,0.8323125839233398,0.036656379699707,0.582286536693573,-0.3138425946235657,0.7040038704872131,0.2585030496120453,-1.7601635456085205,0.0015183395007625,-2.3041417598724365,2
2023-10-21 17:49:17.450,0.7335026264190674,-0.0304532349109649,0.5996866226196289,0.5822057127952576,-0.3139220774173736,0.7040339112281799,0.2585068345069885,-1.760351300239563,0.001539290533401,-2.304002285003662,2
2023-10-21 17:49:17.480,-0.1711223125457763,-0.2659337520599365,0.3304052352905273,0.5798968076705933,-0.3175165951251983,0.7034873962402344,0.2607842683792114,-1.763407826423645,0.0013368133222684,-2.2947475910186768,2
2023-10-21 17:49:17.500,-0.3880031108856201,-0.2597146034240722,0.521031379699707,0.5813921689987183,-0.316705971956253,0.7019416093826294,0.2625994384288788,-1.7579361200332642,-0.0003981888294219,-2.293583869934082,2
2023-10-21 17:49:17.560,-0.1824251413345337,-0.2746112644672394,-0.7308568954467773,0.602698564529419,-0.3057758808135986,0.6850425601005554,0.2719783186912536,-1.6966941356658936,-0.0040521137416362,-2.298374891281128,2
2023-10-21 17:49:17.580,-0.2275710105895996,-0.0529860258102417,-0.3795013427734375,0.6038352251052856,-0.3051029741764068,0.6841148734092712,0.2725472152233124,-1.693305730819702,-0.0044433916918933,-2.29864764213562,2
2023-10-21 17:49:17.600,-0.1024372577667236,0.041205883026123,-0.0493173599243164,0.6120768189430237,-0.2946853041648865,0.6799424886703491,0.2760450839996338,-1.6692885160446167,-0.014650004915893,-2.3103954792022705,2
2023-10-21 17:49:17.660,-0.0708751678466796,0.0634289681911468,0.2017993927001953,0.6189139485359192,-0.2829042673110962,0.6782897710800171,0.2771889865398407,-1.6511331796646118,-0.0258449781686067,-2.3274502754211426,2
2023-10-21 17:49:17.710,-0.3175337314605713,-0.0054041296243667,-0.3028907775878906,0.6156438589096069,-0.273295909166336,0.6873262524604797,0.2717989087104797,-1.665217638015747,-0.0371317043900489,-2.3509016036987305,2
2023-10-21 17:49:17.730,-0.2207366228103637,0.0978399366140365,-0.3536643981933594,0.6156438589096069,-0.273295909166336,0.6873262524604797,0.2717989087104797,-1.665217638015747,-0.0371317043900489,-2.3509016036987305,2
2023-10-21 17:49:17.750,-0.1005371809005737,0.1861472129821777,-0.3409061431884765,0.6152870655059814,-0.2732078433036804,0.687798261642456,0.2715010941028595,-1.6664263010025024,-0.0372821018099784,-2.3514983654022217,2
2023-10-21 17:49:17.810,0.0283892154693603,0.5039088726043701,0.0474100112915039,0.6100049018859863,-0.2767392098903656,0.6928941011428833,0.2668470740318298,-1.6844733953475952,-0.0321745350956916,-2.35291075706482,2
2023-10-21 17:49:17.830,0.0687205791473388,0.4420270323753357,0.1527690887451172,0.6099727749824524,-0.2767583727836609,0.692923367023468,0.2668245136737823,-1.6845762729644775,-0.0321532748639583,-2.3529140949249268,2
2023-10-21 17:49:17.850,0.1170662641525268,0.3025465607643127,0.1743927001953125,0.6061943173408508,-0.278453528881073,0.6961574554443359,0.2652488350868225,-1.6955251693725586,-0.0317213386297225,-2.352610349655152,2
2023-10-21 17:49:17.860,0.1018619537353515,0.1006781905889511,0.1280622482299804,0.6061598658561707,-0.278468906879425,0.6961867213249207,0.265234500169754,-1.695624589920044,-0.0317174308001995,-2.352607488632202,2
2023-10-21 17:49:17.880,0.0769112110137939,-0.1193289756774902,0.0910673141479492,0.6060083508491516,-0.2778801620006561,0.696430504322052,0.2655578553676605,-1.6956543922424316,-0.0330958291888237,-2.3530914783477783,2
2023-10-21 17:49:17.900,0.116376519203186,-0.2385133355855941,0.0155324935913085,0.6062660217285156,-0.2768861055374145,0.6964820623397827,0.2658729255199432,-1.6946935653686523,-0.0346250869333744,-2.354227304458618,2
2023-10-21 17:49:17.960,-0.131041407585144,-0.3761188089847564,0.0006179809570312,0.6058382391929626,-0.2764167189598083,0.6973603367805481,0.2650328874588012,-1.6966391801834106,-0.0347261764109134,-2.3562259674072266,2
2023-10-21 17:49:17.980,-0.1398241519927978,-0.3340907096862793,0.0416669845581054,0.6049625277519226,-0.2770808637142181,0.6982187032699585,0.2640780806541443,-1.6997923851013184,-0.0335277244448661,-2.356574535369873,2
2023-10-21 17:49:18.000,-0.1275304555892944,-0.259150743484497,0.0651617050170898,0.604874849319458,-0.2771472632884979,0.6983044743537903,0.2639825642108917,-1.7001078128814695,-0.0334078222513198,-2.356609344482422,2
2023-10-21 17:49:18.030,-0.0834134817123413,-0.1419763714075088,-0.0644855499267578,0.6044535040855408,-0.2784182131290436,0.6982051134109497,0.263872742652893,-1.7012463808059692,-0.0318982750177383,-2.354726552963257,2
2023-10-21 17:49:18.050,-0.1472828388214111,-0.0817437618970871,-0.0660133361816406,0.6044081449508667,-0.2785573005676269,0.6981931924819946,0.2638617157936096,-1.7013683319091797,-0.0317336246371269,-2.3545191287994385,2
2023-10-21 17:49:18.110,-0.1879867315292358,-0.0371689572930336,-0.0953617095947265,0.6064883470535278,-0.2791606783866882,0.6964553594589233,0.2630421221256256,-1.6971423625946045,-0.0277823787182569,-2.3546712398529053,2
2023-10-21 17:49:18.130,-0.1070972681045532,0.0128728672862052,-0.0992069244384765,0.6065018773078918,-0.2791582345962524,0.6964477300643921,0.2630336880683899,-1.697118043899536,-0.0277620144188404,-2.354686975479126,2
2023-10-21 17:49:18.150,-0.0284435749053955,0.1101914197206497,-0.1338558197021484,0.6079517006874084,-0.2778547406196594,0.6963649988174438,0.2612800598144531,-1.695415735244751,-0.0260510109364986,-2.359300374984741,2
2023-10-21 17:49:18.210,0.0070720911026,0.2897433340549469,-0.0709457397460937,0.6089679002761841,-0.2776547074317932,0.6988984942436218,0.2522039711475372,-1.7022910118103027,-0.0143648255616426,-2.372692823410034,2
2023-10-21 17:49:18.260,-0.0428155660629272,0.2171637415885925,0.0071821212768554,0.6081862449645996,-0.2801617085933685,0.7010488510131836,0.2452539205551147,-1.7111778259277344,-0.0030889560002833,-2.378530979156494,2
2023-10-21 17:49:18.280,-0.0960679054260253,0.1874547004699707,0.0185556411743164,0.6061172485351562,-0.2818126976490021,0.7034369111061096,0.2416195422410965,-1.7198313474655151,0.0016948588890954,-2.380966186523437,2
2023-10-21 17:49:18.300,-0.1467970609664917,0.1192032396793365,0.0279912948608398,0.6059103012084961,-0.2819749414920807,0.7036729454994202,0.2412619143724441,-1.7206882238388062,0.002164097269997,-2.3812029361724854,2
2023-10-21 17:49:18.360,-0.2037204504013061,-0.0382226854562759,-0.0411233901977539,0.6002076268196106,-0.2839979827404022,0.7081360816955566,0.2400819212198257,-1.7357667684555054,0.0008941591950133,-2.3795278072357178,2
2023-10-21 17:49:18.380,-0.1752392053604126,-0.0557198673486709,-0.1204423904418945,0.5998308062553406,-0.2841410338878631,0.7084053754806519,0.2400600016117096,-1.73670494556427,0.0007534921751357,-2.3793227672576904,2
2023-10-21 17:49:18.400,-0.1835508346557617,-0.0660056620836258,-0.1020593643188476,0.5962080955505371,-0.2857937216758728,0.7105882167816162,0.2406704723834991,-1.7449020147323608,-0.001250148168765,-2.3757519721984863,2
2023-10-21 17:49:18.410,-0.1600294113159179,-0.0223857760429382,-0.0732479095458984,0.5958451628684998,-0.2859586775302887,0.7108057141304016,0.2407312542200088,-1.745721459388733,-0.0014521186240017,-2.375396013259888,2
2023-10-21 17:49:18.430,-0.1047887802124023,0.0057779848575592,-0.0573301315307617,0.5958088636398315,-0.2859751582145691,0.7108274102210999,0.2407373338937759,-1.7458032369613647,-0.0014723247149959,-2.3753602504730225,2
2023-10-21 17:49:18.450,-0.0662716627120971,0.015370637178421,-0.0379409790039062,0.593914270401001,-0.2867054641246795,0.7114402651786804,0.242731511592865,-1.7484256029129028,-0.0048210509121418,-2.371392250061035,2
2023-10-21 17:49:18.510,0.0415337085723876,-0.0019899904727935,0.0781564712524414,0.5918552279472351,-0.2828463017940521,0.7120004892349243,0.2505210340023041,-1.745620846748352,-0.0219358503818511,-2.366914749145508,2
2023-10-21 17:49:18.530,0.025913119316101,0.0426279008388519,0.0513076782226562,0.5918347835540771,-0.2828567922115326,0.7119947671890259,0.2505736351013183,-1.7456165552139282,-0.0220070369541645,-2.36682391166687,2
2023-10-21 17:49:18.550,-0.0128389596939086,0.0710509866476059,-0.01605224609375,0.5914173126220703,-0.2811616659164428,0.7123004794120789,0.2525899708271026,-1.7445818185806274,-0.0272755473852157,-2.3667893409729004,2
2023-10-21 17:49:18.580,-0.0606075525283813,0.0352731496095657,-0.0909080505371093,0.5904911160469055,-0.2807169258594513,0.7132943868637085,0.2524469494819641,-1.746959567070007,-0.0286201871931552,-2.3677494525909424,2
2023-10-21 17:49:18.600,-0.0231893062591552,0.0427516847848892,-0.0213222503662109,0.5903893113136292,-0.2803405225276947,0.7137228846549988,0.2518917918205261,-1.7477728128433228,-0.0285456497222185,-2.369154691696167,2
2023-10-21 17:49:18.660,0.0646464824676513,0.0621694326400756,-0.0256776809692382,0.5883888602256775,-0.2840264141559601,0.7160170078277588,0.2458601593971252,-1.7586313486099243,-0.0178450867533683,-2.371545553207397,2
2023-10-21 17:49:18.680,0.0819694995880127,0.0860269516706466,-0.0035839080810546,0.588284969329834,-0.2842095494270324,0.7161244750022888,0.2455843091011047,-1.7591549158096311,-0.0173463281244039,-2.37162709236145,2
2023-10-21 17:49:18.700,0.090239405632019,0.0779529362916946,-0.0009374618530273,0.5876317024230957,-0.2853176593780517,0.716797411441803,0.2438938915729522,-1.7623953819274902,-0.0143221151083707,-2.3721418380737305,2
2023-10-21 17:49:18.760,0.0306806564331054,0.0614128410816192,0.0112514495849609,0.5881759524345398,-0.2853140234947204,0.7163102626800537,0.2440175861120224,-1.7609678506851196,-0.0139553602784872,-2.371968984603882,2
2023-10-21 17:49:18.810,0.0023036003112792,-0.0300516188144683,-0.011357307434082,0.5907154083251953,-0.2851230204105377,0.7137194275856018,0.2456926554441452,-1.7532047033309937,-0.0138585828244686,-2.3699252605438232,2
2023-10-21 17:49:18.830,-0.0250979661941528,0.0193919390439987,-0.0069570541381835,0.5907154083251953,-0.2851230204105377,0.7137194275856018,0.2456926554441452,-1.7532047033309937,-0.0138585828244686,-2.3699252605438232,2
2023-10-21 17:49:18.850,-0.0441596508026123,-0.0042153149843215,-0.0373172760009765,0.5905575156211853,-0.2847211360931396,0.7138227224349976,0.246237426996231,-1.7530425786972046,-0.0152519000694155,-2.3698341846466064,2
2023-10-21 17:49:18.910,-0.0078445672988891,-0.0218891948461532,-0.0013275146484375,0.5883517861366272,-0.2859792113304138,0.71523517370224,0.2459608763456344,-1.7586113214492798,-0.0153275765478611,-2.3681678771972656,2
2023-10-21 17:49:18.930,-0.0309590101242065,-0.0168666392564773,0.0052671432495117,0.5888049602508545,-0.2864684760570526,0.7145647406578064,0.2462555766105651,-1.7572280168533323,-0.0145834786817431,-2.3669400215148926,2
2023-10-21 17:49:18.950,-0.0357811450958251,-0.0235930979251861,0.0116949081420898,0.5888049602508545,-0.2864684760570526,0.7145647406578064,0.2462555766105651,-1.7572280168533323,-0.0145834786817431,-2.3669400215148926,2
2023-10-21 17:49:18.960,-0.0649515390396118,-0.0274794697761535,-0.0143699645996093,0.5897889137268066,-0.2856155931949615,0.713701069355011,0.2473937422037124,-1.7537298202514648,-0.0162252746522426,-2.366754531860352,2
2023-10-21 17:49:18.980,-0.0741409063339233,-0.0098994970321655,0.0096445083618164,0.5897616147994995,-0.2859304249286651,0.713462233543396,0.2477835565805435,-1.753402829170227,-0.0163075402379035,-2.365689992904663,2
2023-10-21 17:49:19.000,-0.0717753171920776,-0.0141599029302597,0.0025911331176757,0.5902916193008423,-0.2852576375007629,0.7128220200538635,0.2491360604763031,-1.750770926475525,-0.0184099934995174,-2.364905595779419,2
2023-10-21 17:49:19.060,0.0367318391799926,0.0356601178646087,0.0204744338989257,0.590190052986145,-0.2847464978694916,0.7128545045852661,0.2498674541711807,-1.7502788305282593,-0.0201305337250232,-2.364729404449463,2
2023-10-21 17:49:19.080,0.0752533674240112,0.0638873726129531,0.0473108291625976,0.5896963477134705,-0.2849209904670715,0.7132889628410339,0.2495941370725631,-1.751740336418152,-0.0200330894440412,-2.364833116531372,2
2023-10-21 17:49:19.100,0.1124709844589233,0.0626113414764404,0.033670425415039,0.5896469354629517,-0.2849384546279907,0.7133324146270752,0.2495668083429336,-1.7518866062164309,-0.0200233720242977,-2.3648436069488525,2
2023-10-21 17:49:19.150,0.0025317668914794,0.0536389946937561,-0.0236616134643554,0.5895938873291016,-0.2856464684009552,0.7134490609169006,0.2485471367835998,-1.7530391216278076,-0.0178215689957141,-2.365097761154175,2
2023-10-21 17:49:19.210,0.2888026237487793,0.0038257986307144,0.1031742095947265,0.5899819135665894,-0.2862512469291687,0.71335369348526,0.247200533747673,-1.7534570693969729,-0.0149172712117433,-2.3659677505493164,2
2023-10-21 17:49:19.230,0.3693842887878418,-0.0125962942838668,0.0680656433105468,0.5898550152778625,-0.2865056693553924,0.7134639024734497,0.2468904852867126,-1.754071831703186,-0.0143017573282122,-2.3659801483154297,2
2023-10-21 17:49:19.250,0.4093328714370727,-0.0197952687740325,0.0344629287719726,0.5899851322174072,-0.2863706946372986,0.7134271860122681,0.2468421310186386,-1.7538079023361206,-0.0142993731424212,-2.366269111633301,2
2023-10-21 17:49:19.310,0.3515107631683349,0.0485629886388778,-0.0168256759643554,0.5887633562088013,-0.2868076264858246,0.7144488096237183,0.2462965250015258,-1.7572855949401855,-0.0142093608155846,-2.366321086883545,2
2023-10-21 17:49:19.360,0.3917363882064819,0.0551915019750595,-0.1316261291503906,0.5892432928085327,-0.286392331123352,0.7139807343482971,0.2469885945320129,-1.7554429769515991,-0.0151812601834535,-2.3660404682159424,2
2023-10-21 17:49:19.380,0.4641286134719848,0.0460773706436157,-0.0600099563598632,0.5906264781951904,-0.285075694322586,0.7127987742424011,0.2486167550086975,-1.7504901885986328,-0.017681835219264,-2.365926742553711,2
2023-10-21 17:49:19.400,0.5034298896789551,0.0469890683889389,-0.0182762145996093,0.590764045715332,-0.2849442660808563,0.7126806378364563,0.2487788051366806,-1.7499964237213137,-0.0179309919476509,-2.365914821624756,2
2023-10-21 17:49:19.460,0.4885051846504211,0.0244877934455871,-0.1434173583984375,0.5911805033683777,-0.2838504612445831,0.7122765183448792,0.2501936256885528,-1.7475714683532717,-0.0208018515259027,-2.365732192993164,2
2023-10-21 17:49:19.480,0.4745696187019348,0.0335553586483001,-0.2368011474609375,0.5912179946899414,-0.2838067412376404,0.7122383713722229,0.2502629458904266,-1.747411012649536,-0.0209119655191898,-2.365706205368042,2
2023-10-21 17:49:19.500,0.4999028444290161,0.0460785925388336,-0.3178997039794922,0.5944315195083618,-0.2830513417720794,0.7094577550888062,0.2514019906520843,-1.7385122776031494,-0.0202102717012166,-2.3652825355529785,2
2023-10-21 17:49:19.510,0.5812950134277344,0.065187469124794,-0.4816102981567383,0.5947521924972534,-0.2829754948616028,0.7091789245605469,0.2515156269073486,-1.7376224994659424,-0.0201399233192205,-2.3652405738830566,2
2023-10-21 17:49:19.530,0.6264917850494385,0.1192850619554519,-0.6170587539672852,0.5947842597961426,-0.2829678952693939,0.709151029586792,0.2515270113945007,-1.737533450126648,-0.0201329477131366,-2.365236282348633,2
2023-10-21 17:49:19.550,0.5933395624160767,0.1815830022096634,-0.6737184524536133,0.5991742610931396,-0.2815766632556915,0.7054793834686279,0.2529893517494201,-1.725414156913757,-0.0195318069308996,-2.3653600215911865,2
2023-10-21 17:49:19.610,0.3505951762199402,0.0389356315135955,-0.5758352279663086,0.6041388511657715,-0.278542697429657,0.7016114592552185,0.2552874982357025,-1.7109770774841309,-0.0216700118035078,-2.3669233322143555,2
2023-10-21 17:49:19.630,0.3312363624572754,-0.109857827425003,-0.6888322830200195,0.6041694283485413,-0.27848020195961,0.7016081213951111,0.2552922070026397,-1.7108975648880005,-0.02173344604671,-2.367017269134521,2
2023-10-21 17:49:19.650,0.3904013037681579,-0.182812213897705,-0.8449621200561523,0.6055478453636169,-0.2773770987987518,0.7003846168518066,0.2565838396549225,-1.7062002420425415,-0.0234867166727781,-2.3669207096099854,2
2023-10-21 17:49:19.700,0.1041742265224456,-0.2083876729011535,-1.3264360427856443,0.6109859347343445,-0.2744973599910736,0.6962552666664124,0.258023202419281,-1.6913628578186035,-0.0238742269575595,-2.369359970092773,2
2023-10-21 17:49:19.760,-0.3241632580757141,0.133122831583023,-1.5380206108093262,0.6197400093078613,-0.2688956260681152,0.6899005770683289,0.2601051926612854,-1.667514085769653,-0.0256054960191249,-2.3750555515289307,2
2023-10-21 17:49:19.780,-0.5001437664031982,0.2438569366931915,-1.467703342437744,0.6201639175415039,-0.2686366736888885,0.689595103263855,0.2601723372936249,-1.6663873195648191,-0.0256324168294668,-2.375356912612915,2
2023-10-21 17:49:19.800,-0.5542246103286743,0.2136857509613037,-1.316511154174805,0.6246998310089111,-0.2657757699489593,0.6863977909088135,0.2607132494449615,-1.6544792652130127,-0.0258487034589052,-2.378967761993408,2
2023-10-21 17:49:19.860,-0.5705139636993408,-0.4951258301734924,-0.4392051696777344,0.6320788264274597,-0.2614676654338836,0.6808800101280212,0.2617508172988891,-1.6347873210906982,-0.0259083583950996,-2.383991003036499,2
2023-10-21 17:49:19.910,-0.7732789516448975,-0.5053081512451172,0.6957406997680664,0.6501731872558594,-0.2514480948448181,0.665632963180542,0.2664233744144439,-1.583388328552246,-0.0277142841368913,-2.391852378845215,2
2023-10-21 17:49:19.930,-0.6735525131225586,-0.5696344971656799,0.8382987976074219,0.6501731872558594,-0.2514480948448181,0.665632963180542,0.2664233744144439,-1.583388328552246,-0.0277142841368913,-2.391852378845215,2
2023-10-21 17:49:19.950,-0.7777764797210693,-0.5023377537727356,0.9127988815307616,0.6511808633804321,-0.2508804202079773,0.6647360324859619,0.2667369842529297,-1.5804301500320437,-0.0278859511017799,-2.3922040462493896,2
2023-10-21 17:49:20.010,-1.367924690246582,0.235909104347229,0.792933464050293,0.6743944883346558,-0.236639603972435,0.6420818567276001,0.2773530185222626,-1.5072449445724487,-0.0369982495903968,-2.395956993103028,2
2023-10-21 17:49:20.030,-1.4529213905334473,0.2389624714851379,0.8185081481933594,0.6745027899742126,-0.2365685701370239,0.6419711112976074,0.2774068117141723,-1.506892204284668,-0.0370504669845104,-2.395970344543457,2
2023-10-21 17:49:20.050,-1.4887561798095703,0.0834184288978576,0.9205894470214844,0.6867501735687256,-0.228717416524887,0.6289567947387695,0.283683031797409,-1.4663077592849731,-0.0427182875573635,-2.396603584289551,2
2023-10-21 17:49:20.060,-1.3140153884887695,-0.0920971035957336,0.8299579620361328,0.688079833984375,-0.2278478592634201,0.6275089979171753,0.2843661904335022,-1.4618431329727173,-0.0433432273566722,-2.396659135818481,2
2023-10-21 17:49:20.080,-1.0707268714904783,-0.183522880077362,0.8552227020263672,0.7020231485366821,-0.2199084013700485,0.612159013748169,0.2899400293827057,-1.4162136316299438,-0.0462337024509906,-2.397845268249512,2
2023-10-21 17:49:20.100,-0.5780377388000488,-0.345652312040329,1.2147130966186523,0.7185086011886597,-0.211089089512825,0.59309983253479,0.2956676781177521,-1.3616948127746582,-0.0474000126123428,-2.3992273807525635,2
2023-10-21 17:49:20.160,-0.9104137420654296,-0.4377668797969818,0.9090681076049804,0.7374622225761414,-0.2008382976055145,0.5697954893112183,0.301904946565628,-1.2970880270004272,-0.0478450767695903,-2.400718927383423,2
2023-10-21 17:49:20.180,-0.8485746383666992,-0.3230718970298767,0.933574676513672,0.7514463067054749,-0.1930769383907318,0.551996648311615,0.30553138256073,-1.2488709688186646,-0.0471481420099735,-2.4032211303710938,2
2023-10-21 17:49:20.200,-0.5233230590820312,-0.1448355913162231,0.9666013717651368,0.7528207302093506,-0.1922945380210876,0.5501988530158997,0.3058842122554779,-1.2440494298934937,-0.0470850393176078,-2.403473138809204,2
2023-10-21 17:49:20.250,-0.0181446075439453,0.3740792274475097,0.5704212188720703,0.7663667798042297,-0.1837837547063827,0.5317775011062622,0.3100291788578033,-1.1946955919265747,-0.0480600520968437,-2.405453681945801,2
2023-10-21 17:49:20.310,-0.1837639808654785,0.2321539521217346,0.5752534866333008,0.7859387993812561,-0.1657459735870361,0.5041109919548035,0.3173335790634155,-1.1178977489471436,-0.0594453066587448,-2.411288022994995,2
2023-10-21 17:49:20.330,-0.1157031059265136,0.312691867351532,0.7657222747802734,0.786014199256897,-0.165664717555046,0.5040011405944824,0.3173640072345733,-1.117589235305786,-0.0595091097056865,-2.4113152027130127,2
2023-10-21 17:49:20.350,-0.144571304321289,0.2069652676582336,0.659419059753418,0.7919180393218994,-0.1587697863578796,0.4950786828994751,0.3202423453330993,-1.0923833847045898,-0.0656721740961074,-2.4129552841186523,2
2023-10-21 17:49:20.410,0.1077275276184082,0.4205858707427978,0.7710676193237305,0.800962507724762,-0.1475713551044464,0.4798904657363891,0.3261700570583343,-1.0502907037734983,-0.07672880589962,-2.412630319595337,2
2023-10-21 17:49:20.460,0.0556602478027343,0.0741770267486572,0.7147817611694336,0.8040751814842224,-0.1431327313184738,0.4730198383331299,0.3304972946643829,-1.031794548034668,-0.082578420639038,-2.408489465713501,2
2023-10-21 17:49:20.480,0.4379444122314453,0.0999205708503723,0.7955317497253418,0.805341362953186,-0.1427688151597976,0.4685131907463074,0.3339728713035583,-1.0215723514556885,-0.0830816775560379,-2.4019455909729004,2
2023-10-21 17:49:20.500,0.3284530639648437,-0.0140326023101806,1.0730628967285156,0.805463969707489,-0.1427357494831085,0.468067318201065,0.3343161642551422,-1.0205650329589844,-0.0831236317753791,-2.401294469833374,2
2023-10-21 17:49:20.560,0.4411749839782715,0.0210539698600769,1.1995291709899902,0.8065435886383057,-0.143713966012001,0.4628334641456604,0.3385542333126068,-1.0097932815551758,-0.0816560164093971,-2.391892671585083,2
2023-10-21 17:49:20.580,0.5777606964111328,-0.03328537940979,1.287883758544922,0.8066035509109497,-0.1437752097845077,0.4626225531101227,0.3386737108230591,-1.0093801021575928,-0.0815072134137153,-2.391589641571045,2
2023-10-21 17:49:20.600,0.4892482757568359,0.1384984850883484,1.0173301696777344,0.8075645565986633,-0.144302636384964,0.4603792130947113,0.3392155766487121,-1.004935622215271,-0.0793514624238014,-2.389876127243042,2
2023-10-21 17:49:20.610,0.5110397338867188,0.1649028658866882,1.235888957977295,0.8076604008674622,-0.1443553417921066,0.4601547420024872,0.3392696380615234,-1.0044915676116943,-0.0791354477405548,-2.3897054195404053,2
2023-10-21 17:49:20.630,0.5468029975891113,-0.176838219165802,0.4926290512084961,0.807669997215271,-0.1443606168031692,0.4601323008537292,0.339275062084198,-1.004447102546692,-0.0791138634085655,-2.389688491821289,2
2023-10-21 17:49:20.650,0.6461400985717773,-0.0534005165100097,0.985342502593994,0.8095794320106506,-0.1430447697639465,0.4566582441329956,0.33997443318367,-0.9959599375724792,-0.0789741203188896,-2.3893918991088867,2
2023-10-21 17:49:20.710,0.3980097770690918,0.1008397340774536,0.9580192565917968,0.8148804306983948,-0.1394599378108978,0.4457713067531585,0.3432329595088959,-0.9698389172554016,-0.0788019970059394,-2.3858211040496826,2
2023-10-21 17:49:20.730,0.3721275329589844,-0.0057922601699829,0.8440260887145996,0.8151467442512512,-0.1392697840929031,0.4452197849750519,0.343393474817276,-0.968514084815979,-0.0788020566105842,-2.3856537342071533,2
2023-10-21 17:49:20.750,0.4094090461730957,0.2029492259025573,0.9827227592468262,0.8151733875274658,-0.1392507702112198,0.4451646506786346,0.3434095084667206,-0.968381643295288,-0.0788020268082618,-2.385637044906616,2
2023-10-21 17:49:20.800,0.5448946952819824,0.2049851417541504,1.0305652618408203,0.8213399648666382,-0.1359486579895019,0.4319466948509216,0.3469016551971435,-0.937744915485382,-0.0764403343200683,-2.381061553955078,2
2023-10-21 17:49:20.860,0.4521975517272949,-0.1160490810871124,1.1181058883666992,0.8246368765830994,-0.1364794820547104,0.4222213923931122,0.3508228659629822,-0.917577862739563,-0.0712179988622665,-2.372316837310791,2
2023-10-21 17:49:20.880,0.7520112991333008,0.2191720604896545,1.3139925003051758,0.8247207999229431,-0.1365442126989364,0.4218924045562744,0.3509958386421203,-0.9169328808784484,-0.0710028931498527,-2.371900081634521,2
2023-10-21 17:49:20.900,1.157479763031006,0.1669673025608062,1.3353853225708008,0.8252330422401428,-0.1377394199371338,0.4191464781761169,0.352611243724823,-0.9120630025863647,-0.0683104023337364,-2.3674979209899902,2
2023-10-21 17:49:20.960,0.7060022354125977,-0.0059707164764404,1.313886642456055,0.825980544090271,-0.1400225013494491,0.4158757328987121,0.3538323938846588,-0.9070075154304504,-0.0630306228995323,-2.3628628253936768,2
2023-10-21 17:49:21.010,0.5965251922607422,0.3090863823890686,1.1838884353637695,0.8260302543640137,-0.1436688750982284,0.4143824875354767,0.3540064692497253,-0.9068099856376648,-0.0560678541660308,-2.359147548675537,2
2023-10-21 17:49:21.030,0.4163465499877929,0.2241378426551818,1.0519208908081057,0.8260302543640137,-0.1436688750982284,0.4143824875354767,0.3540064692497253,-0.9068099856376648,-0.0560678541660308,-2.359147548675537,2
2023-10-21 17:49:21.050,0.0581116676330566,0.0363675355911254,0.9130935668945312,0.8260123133659363,-0.1438380032777786,0.4143675565719604,0.3539970815181732,-0.9069149494171144,-0.0557747818529605,-2.3590118885040283,2
2023-10-21 17:49:21.110,-0.4336681365966797,-0.0843598246574401,0.7569332122802734,0.8255281448364258,-0.1463898867368698,0.4155761301517486,0.3526611626148224,-0.9115222692489624,-0.0514398552477359,-2.3593556880950928,2
2023-10-21 17:49:21.130,-0.7010769844055176,0.0532691478729248,0.5186023712158203,0.8255247473716736,-0.1464020013809204,0.4155855476856231,0.3526526391506195,-0.9115517735481262,-0.0514203980565071,-2.359361410140991,2
2023-10-21 17:49:21.150,-0.7232604026794434,0.019743263721466,0.3553581237792969,0.8254578113555908,-0.1461755186319351,0.4161267578601837,0.3522652983665466,-0.9125059843063354,-0.0518738478422164,-2.3603498935699463,2
2023-10-21 17:49:21.160,-0.8116655349731445,-0.1639248728752136,0.1090078353881836,0.8254503607749939,-0.1461505889892578,0.4161862730979919,0.3522226810455322,-0.9126109480857848,-0.0519237145781517,-2.3604586124420166,2
2023-10-21 17:49:21.180,-0.9329557418823242,-0.2237092852592468,0.0432863235473632,0.8252864480018616,-0.1467555463314056,0.4164194762706756,0.3520794808864593,-0.9135867357254028,-0.0510168969631195,-2.360194444656372,2
2023-10-21 17:49:21.200,-0.9224491119384766,-0.2110716700553894,0.0131254196166992,0.8250129222869873,-0.1469489634037017,0.4171789288520813,0.3517405390739441,-0.9153300523757936,-0.0510300248861312,-2.3607118129730225,2
2023-10-21 17:49:21.260,-0.5736942291259766,-0.0383952260017395,0.0485858917236328,0.8246082663536072,-0.1467969864606857,0.4182676076889038,0.3514599502086639,-0.9174774885177612,-0.0519319362938404,-2.36144757270813,2
2023-10-21 17:49:21.280,-0.5426936149597168,0.0223744511604309,0.198434829711914,0.8237593173980713,-0.1470152288675308,0.4201493561267853,0.3511147499084472,-0.9215749502182008,-0.0528555400669574,-2.362004518508911,2
2023-10-21 17:49:21.300,-0.6546759605407715,-0.0354216694831848,0.1641693115234375,0.8236742615699768,-0.1470370292663574,0.4203374683856964,0.3510801494121551,-0.921984851360321,-0.0529477894306182,-2.362060308456421,2
2023-10-21 17:49:21.350,-0.6151039600372314,0.0165354013442993,-0.4598512649536133,0.8222250938415527,-0.1467669606208801,0.4238485097885132,0.3503681421279907,-0.9291046261787416,-0.0556838624179363,-2.3638620376586914,2
2023-10-21 17:49:21.410,-0.5849201679229736,-0.2942773103713989,-1.0458297729492188,0.8162835836410522,-0.1474187821149826,0.4367430210113525,0.3481441140174866,-0.956716537475586,-0.0634705647826194,-2.368232488632202,2
2023-10-21 17:49:21.430,-0.5172305107116699,-0.3011361360549927,-1.0918607711791992,0.816250741481781,-0.1474227458238601,0.4368118941783905,0.3481331765651703,-0.9568650722503662,-0.0635122805833816,-2.3682539463043213,2
2023-10-21 17:49:21.450,-0.482201337814331,-0.2782818675041199,-1.1526832580566406,0.8120341300964355,-0.1486091166734695,0.4448128342628479,0.3473579287528991,-0.9747191667556764,-0.0677189156413078,-2.36907696723938,2
2023-10-21 17:49:21.510,-0.3433711528778076,-0.2446309626102447,-0.9539070129394532,0.8007998466491699,-0.1554268598556518,0.4632746875286102,0.3463216722011566,-1.0194956064224243,-0.0720147490501403,-2.365501880645752,2
2023-10-21 17:49:21.560,0.001399278640747,0.0302823483943939,-0.9557628631591796,0.7941017150878906,-0.1606097817420959,0.4731872677803039,0.3459782004356384,-1.0449886322021484,-0.0724072307348251,-2.361530542373657,2
2023-10-21 17:49:21.580,0.0591473579406738,0.0661324858665466,-1.0491342544555664,0.7882007956504822,-0.1650997698307037,0.4819246232509613,0.3452973365783691,-1.0675723552703855,-0.0726148411631584,-2.35872220993042,2
2023-10-21 17:49:21.600,0.0595227479934692,-0.0663957595825195,-1.0814924240112305,0.7876107692718506,-0.1655432730913162,0.4827867746353149,0.3452271223068237,-1.0698096752166748,-0.0726386830210685,-2.358444929122925,2
2023-10-21 17:49:21.660,0.2394894361495971,0.0874121189117431,-0.8216733932495117,0.7733007073402405,-0.178166389465332,0.5043528079986572,0.3404276371002197,-1.1276791095733645,-0.0678910166025161,-2.3551371097564697,2
2023-10-21 17:49:21.680,0.1608964204788208,0.1292564868927002,-0.8277864456176758,0.7725194692611694,-0.1788728386163711,0.5055078268051147,0.3401179611682892,-1.1308355331420898,-0.0675504654645919,-2.354996919631958,2
2023-10-21 17:49:21.700,0.104665458202362,0.0919897854328155,-0.8054494857788086,0.7650220394134521,-0.1859420984983444,0.5162704586982727,0.3370928764343261,-1.1608210802078247,-0.0636054500937461,-2.353238582611084,2
2023-10-21 17:49:21.710,0.2714370489120483,0.0963150262832641,-0.8590049743652344,0.7642625570297241,-0.1866466850042343,0.5173401832580566,0.3367860913276672,-1.163819432258606,-0.0632138922810554,-2.3530561923980717,2
2023-10-21 17:49:21.730,0.4638463854789734,-0.0890766084194183,-1.1970558166503906,0.7641865015029907,-0.1867171227931976,0.5174471139907837,0.3367553651332855,-1.1641193628311155,-0.0631747767329216,-2.3530378341674805,2
2023-10-21 17:49:21.750,0.6932306289672852,-0.3014049828052521,-1.5370607376098633,0.7567047476768494,-0.1938773840665817,0.5273622274398804,0.3342132568359375,-1.1925983428955078,-0.0591214448213577,-2.349916696548462,2
2023-10-21 17:49:21.810,0.9475221037864684,-0.2228785306215286,-2.4173731803894043,0.7401232719421387,-0.209516629576683,0.5482911467552185,0.3281725943088531,-1.254188895225525,-0.0497525222599506,-2.342942714691162,2
2023-10-21 17:49:21.830,0.8796880841255188,-0.2569395899772644,-2.4442262649536133,0.7401232719421387,-0.209516629576683,0.5482911467552185,0.3281725943088531,-1.254188895225525,-0.0497525222599506,-2.342942714691162,2
2023-10-21 17:49:21.850,0.8267652988433838,-0.2142811268568039,-2.2838902473449707,0.7392776608467102,-0.2102923840284347,0.5493334531784058,0.3278391361236572,-1.2572919130325315,-0.0492770411074161,-2.342620849609375,2
2023-10-21 17:49:21.900,0.804354727268219,0.0262695699930191,-1.4175529479980469,0.7213366627693176,-0.2246260344982147,0.571974515914917,0.3194710314273834,-1.323290467262268,-0.0414084196090698,-2.339993953704834,2
2023-10-21 17:49:21.960,0.3905421793460846,0.4070732593536377,-0.2746238708496094,0.7025770545005798,-0.2388274818658828,0.5951458215713501,0.3084615170955658,-1.3922346830368042,-0.0315749943256378,-2.3405702114105225,2
2023-10-21 17:49:21.980,0.2598776817321777,0.2057213187217712,-0.3541374206542969,0.701734185218811,-0.2394235730171203,0.5961732864379883,0.3079333007335663,-1.3953046798706057,-0.0311448257416486,-2.340669870376587,2
2023-10-21 17:49:22.000,0.2432440519332885,0.0395020693540573,-0.5113887786865234,0.6922401189804077,-0.2451757937669754,0.607435405254364,0.3028444349765777,-1.428436279296875,-0.0284796711057424,-2.341486692428589,2
2023-10-21 17:49:22.060,1.03155779838562,-0.1321147978305816,-1.4134817123413086,0.680117666721344,-0.2520428001880646,0.620750367641449,0.297629565000534,-1.4682936668395996,-0.026672963052988,-2.340649366378784,2
2023-10-21 17:49:22.080,1.073349118232727,0.0234889686107635,-1.238551139831543,0.6703342199325562,-0.2572046518325805,0.6311202049255371,0.2935732305049896,-1.4996466636657717,-0.0257366690784692,-2.3399837017059326,2
2023-10-21 17:49:22.110,0.1520021557807922,-0.1746076047420501,-0.0672321319580078,0.6612182259559631,-0.2619761526584625,0.6403440237045288,0.2900320291519165,-1.5281139612197876,-0.0249963495880365,-2.338822603225708,2
2023-10-21 17:49:22.130,-0.1175915002822876,-0.3233901262283325,0.2404079437255859,0.6612182259559631,-0.2619761526584625,0.6403440237045288,0.2900320291519165,-1.5281139612197876,-0.0249963495880365,-2.338822603225708,2
2023-10-21 17:49:22.150,-0.0669878721237182,-0.2067023664712906,0.1732521057128906,0.6603286266326904,-0.2624364793300628,0.6412280797958374,0.2896892726421356,-1.530866026878357,-0.0249277241528034,-2.3387022018432617,2
2023-10-21 17:49:22.210,0.2338218092918396,0.2691638767719269,-0.4719381332397461,0.6487273573875427,-0.2694028913974762,0.6516777276992798,0.2861663401126861,-1.5653183460235596,-0.0234405398368835,-2.3340163230896,2
2023-10-21 17:49:22.230,0.1647951006889343,0.2209072858095169,-0.5606603622436523,0.6486839652061462,-0.2694296836853027,0.6517153978347778,0.2861537039279938,-1.5654454231262207,-0.0234342496842145,-2.333996295928955,2
2023-10-21 17:49:22.250,0.120851993560791,0.1444795578718185,-0.5733308792114258,0.6451629400253296,-0.2711093723773956,0.655190110206604,0.2845882475376129,-1.5763466358184814,-0.0231014173477888,-2.3339486122131348,2
2023-10-21 17:49:22.260,0.1429284811019897,0.1601118594408035,-0.5699186325073242,0.6447744369506836,-0.2712936401367187,0.6555711030960083,0.2844155430793762,-1.5775456428527832,-0.0230648405849933,-2.3339431285858154,2
2023-10-21 17:49:22.280,0.1438665390014648,0.1906203180551529,-0.4667978286743164,0.64107346534729,-0.2724821865558624,0.6596262454986572,0.2822616398334503,-1.5895090103149414,-0.023014223203063,-2.335533142089844,2
2023-10-21 17:49:22.300,0.1434396505355835,0.1974153071641922,-0.3119573593139648,0.6370449066162109,-0.2738653719425201,0.6641895174980164,0.2793276607990265,-1.6031097173690796,-0.0221257377415895,-2.3379898071289062,2
2023-10-21 17:49:22.360,0.1965317130088806,0.0107065439224243,-0.1904239654541015,0.6344650983810425,-0.274820476770401,0.6675819158554077,0.276155948638916,-1.613201379776001,-0.019986767321825,-2.341391324996948,2
2023-10-21 17:49:22.380,0.1531137228012085,-0.0520998835563659,-0.2721900939941406,0.6348219513893127,-0.2742035984992981,0.6681010127067566,0.2746898829936981,-1.6139105558395386,-0.0189013704657554,-2.344571590423584,2
2023-10-21 17:49:22.400,0.0428360700607299,-0.1122786402702331,-0.3341856002807617,0.6348575949668884,-0.2741418778896332,0.6681528091430664,0.2745432555675506,-1.6139812469482422,-0.0187926925718784,-2.344889640808105,2
2023-10-21 17:49:22.450,-0.1079459190368652,-0.0205692499876022,-0.1719617843627929,0.6343331933021545,-0.2737777233123779,0.6693589091300964,0.2731775045394897,-1.6168115139007568,-0.0183760430663824,-2.347536325454712,2
2023-10-21 17:49:22.510,-0.0289857387542724,0.0669422000646591,-0.3108425140380859,0.630366325378418,-0.2748912870883941,0.673515260219574,0.2710172533988952,-1.6292155981063845,-0.0185051690787076,-2.349123477935791,2
2023-10-21 17:49:22.530,-0.0505094528198242,0.0669852644205093,-0.2484579086303711,0.630349338054657,-0.2748948335647583,0.6735324263572693,0.271010547876358,-1.6292657852172852,-0.0185102950781583,-2.349128246307373,2
2023-10-21 17:49:22.550,-0.0768303871154785,0.0197982341051101,-0.1580276489257812,0.6295740008354187,-0.2744521200656891,0.6745429635047913,0.270748108625412,-1.631509780883789,-0.0196878816932439,-2.350233793258667,2
2023-10-21 17:49:22.610,-0.0368056297302246,0.0101273655891418,-0.2157716751098632,0.6298773288726807,-0.2722324728965759,0.6754854321479797,0.2699325978755951,-1.631630301475525,-0.0217266790568828,-2.3549389839172363,2
2023-10-21 17:49:22.630,0.0689975023269653,0.0455569326877594,-0.2764482498168945,0.6299072504043579,-0.2721315026283264,0.6755109429359436,0.2699007093906402,-1.631589412689209,-0.0218082666397094,-2.355144739151001,2
2023-10-21 17:49:22.660,0.0170422792434692,0.0699542462825775,-0.2157487869262695,0.6299216747283936,-0.2715159058570862,0.6759014129638672,0.2695088982582092,-1.631976842880249,-0.0222572293132543,-2.356698989868164,2
2023-10-21 17:49:22.680,0.0010907649993896,0.0692878663539886,-0.2019357681274414,0.6295433044433594,-0.2710769772529602,0.6766517162322998,0.2689516544342041,-1.6335341930389404,-0.0226657427847385,-2.3582327365875244,2
2023-10-21 17:49:22.700,-0.0193803310394287,0.0418872535228729,-0.1464366912841797,0.6295053958892822,-0.2710391283035278,0.6767228245735168,0.2688997983932495,-1.6336859464645386,-0.0227020215243101,-2.3583710193634038,2
2023-10-21 17:49:22.760,0.0616917610168457,0.0152668058872222,-0.1447887420654297,0.6213525533676147,-0.2730497717857361,0.6851476430892944,0.2644573152065277,-1.6589006185531616,-0.0230663307011127,-2.362002372741699,2
2023-10-21 17:49:22.780,0.03623628616333,-0.0101425945758819,-0.2101964950561523,0.6204941272735596,-0.2733139991760254,0.6859851479530334,0.2640282809734344,-1.6614971160888672,-0.0230615604668855,-2.362236499786377,2
2023-10-21 17:49:22.800,0.0106159448623657,-0.004844456911087,-0.2103815078735351,0.6162052750587463,-0.2734454572200775,0.6903905868530273,0.2624491155147552,-1.6738348007202148,-0.025390462949872,-2.3644583225250244,2
2023-10-21 17:49:22.810,0.0319235324859619,-0.0166402459144592,-0.2138862609863281,0.6157750487327576,-0.2734580039978027,0.6908296346664429,0.2622906267642975,-1.6750690937042236,-0.0256218332797288,-2.364682197570801,2
2023-10-21 17:49:22.830,0.0445947647094726,0.0167068839073181,-0.1989545822143554,0.6157320141792297,-0.273459255695343,0.6908735036849976,0.2622747719287872,-1.6751923561096191,-0.0256449375301599,-2.364704370498657,2
2023-10-21 17:49:22.850,0.0716222524642944,0.0186217725276947,-0.1968498229980468,0.6125403046607971,-0.2735346853733063,0.6942718625068665,0.2606911361217499,-1.684753179550171,-0.0268822200596332,-2.36698579788208,2
2023-10-21 17:49:22.910,0.217399001121521,-0.0679865479469299,-0.3066434860229492,0.6099181771278381,-0.273273229598999,0.6977789998054504,0.2577326595783233,-1.6943002939224243,-0.026335272938013,-2.371778964996338,2
2023-10-21 17:49:22.930,0.3176795244216919,-0.1419154107570648,-0.2879753112792969,0.6099181771278381,-0.273273229598999,0.6977789998054504,0.2577326595783233,-1.6943002939224243,-0.026335272938013,-2.371778964996338,2
2023-10-21 17:49:22.950,0.3651506900787353,-0.0781874358654022,-0.2705411911010742,0.6100240349769592,-0.2726143300533294,0.6977229714393616,0.2583307325839996,-1.693422794342041,-0.0278875920921564,-2.371968984603882,2
2023-10-21 17:49:23.000,0.339788019657135,-0.0733934491872787,-0.2419767379760742,0.6100919246673584,-0.2705896198749542,0.6989115476608276,0.2570832967758178,-1.6945568323135376,-0.0291920341551303,-2.3770318031311035,2
2023-10-21 17:49:23.060,0.549231767654419,-0.0383654683828353,-0.55255126953125,0.6113082766532898,-0.2686082720756531,0.6993260979652405,0.2551367580890655,-1.6935689449310305,-0.0284464880824089,-2.382997751235962,2
2023-10-21 17:49:23.080,0.6496028900146484,0.0415487438440322,-0.6185464859008789,0.611429750919342,-0.2685217261314392,0.6992866396903992,0.2550452351570129,-1.6933635473251345,-0.0283388867974281,-2.383265733718872,2
2023-10-21 17:49:23.100,0.4434525370597839,0.0983527600765228,-0.5931491851806641,0.6122638583183289,-0.2677714824676513,0.6992382407188416,0.253963440656662,-1.6924123764038086,-0.0272716712206602,-2.3860108852386475,2
2023-10-21 17:49:23.160,0.2813813090324402,0.0946239680051803,-0.496561050415039,0.6139511466026306,-0.2661479711532593,0.698521614074707,0.2535682916641235,-1.6886476278305054,-0.0274456031620502,-2.389135360717773,2
2023-10-21 17:49:23.180,0.3804494440555572,0.0349033325910568,-0.5362081527709961,0.6164265871047974,-0.2644062042236328,0.6969456672668457,0.2537212967872619,-1.6823580265045166,-0.0276894494891166,-2.3916239738464355,2
2023-10-21 17:49:23.210,0.449013352394104,0.1369436830282211,-0.7890434265136719,0.6213672757148743,-0.2630568444728851,0.6932238936424255,0.2532675266265869,-1.670507311820984,-0.0242347307503223,-2.394295692443848,2
2023-10-21 17:49:23.230,0.4979079961776733,0.3236937522888183,-1.0125722885131836,0.6213672757148743,-0.2630568444728851,0.6932238936424255,0.2532675266265869,-1.670507311820984,-0.0242347307503223,-2.394295692443848,2
2023-10-21 17:49:23.250,0.1367645263671875,0.2600618600845337,-1.2753219604492188,0.621879518032074,-0.2629289329051971,0.6928321123123169,0.2532152533531189,-1.6692793369293213,-0.0238533578813076,-2.394562005996704,2
2023-10-21 17:49:23.310,0.106236457824707,-0.0081650763750076,-1.848158836364746,0.6337971687316895,-0.2582368552684784,0.6831436157226562,0.2548129558563232,-1.6376034021377563,-0.0208096019923686,-2.399310350418091,2
2023-10-21 17:49:23.330,0.0710936784744262,0.1007930040359497,-1.8308768272399905,0.6369168162345886,-0.258106529712677,0.6802165508270264,0.254997044801712,-1.6294666528701782,-0.0181226525455713,-2.399174928665161,2
2023-10-21 17:49:23.350,-0.2092773914337158,0.2188776731491089,-1.795731544494629,0.640824556350708,-0.2567497491836548,0.6768988370895386,0.2554049789905548,-1.619046688079834,-0.0167043525725603,-2.400599956512451,2
2023-10-21 17:49:23.360,-0.4791411161422729,0.2739603221416473,-1.8458223342895508,0.6412531733512878,-0.256600022315979,0.6765326261520386,0.2554493844509125,-1.6179001331329346,-0.0165492706000804,-2.400757312774658,2
2023-10-21 17:49:23.380,-0.7231329679489136,0.5019174218177795,-1.1558561325073242,0.6462060213088989,-0.2549872994422912,0.6722254157066345,0.2559539377689361,-1.604617476463318,-0.0145693505182862,-2.402405977249145,2
2023-10-21 17:49:23.400,-0.8933805227279663,0.2003079354763031,-0.3627939224243164,0.6530270576477051,-0.2528217136859894,0.6659913659095764,0.2570844888687134,-1.585724711418152,-0.0122335627675056,-2.4039156436920166,2
2023-10-21 17:49:23.460,-0.6428351402282715,0.1277656853199005,-0.4584150314331054,0.6614128947257996,-0.2504608333110809,0.6577053070068359,0.2592802345752716,-1.561409592628479,-0.0097440835088491,-2.4040472507476807,2
2023-10-21 17:49:23.480,-0.6282269954681396,-0.397549033164978,-0.7426013946533203,0.6690794825553894,-0.2486158460378646,0.6492902636528015,0.262573778629303,-1.537564396858215,-0.008285766467452,-2.401662588119507,2
2023-10-21 17:49:23.500,-0.871265172958374,-0.4450033009052276,-0.2218713760375976,0.6698408722877502,-0.248429387807846,0.6484435796737671,0.262901097536087,-1.5351800918579102,-0.0081368386745452,-2.401426076889038,2
2023-10-21 17:49:23.550,-1.3034446239471436,-0.5882246494293213,0.6988430023193359,0.6792943477630615,-0.2456411719322204,0.6371740698814392,0.268754243850708,-1.5034035444259644,-0.0087612494826316,-2.3963027000427246,2
2023-10-21 17:49:23.610,-0.9159860610961914,-0.3796010613441467,1.050374984741211,0.6995015144348145,-0.2381817400455474,0.6101983785629272,0.2857009768486023,-1.428444266319275,-0.0154521949589252,-2.379474639892578,2
2023-10-21 17:49:23.630,-0.8427834510803223,-0.3142367303371429,1.2427082061767578,0.6995931267738342,-0.2381447106599807,0.6100710034370422,0.2857796251773834,-1.428094506263733,-0.0154835507273674,-2.3793959617614746,2
2023-10-21 17:49:23.650,-0.4177308082580566,-0.3293267488479614,1.0759191513061523,0.7101869583129883,-0.2319661527872085,0.5964453816413879,0.2933924496173858,-1.3888671398162842,-0.0205079093575477,-2.3751416206359863,2
2023-10-21 17:49:23.710,-0.4253907203674316,0.0779960751533508,0.6487178802490234,0.734887421131134,-0.2144278436899185,0.5661148428916931,0.3057371079921722,-1.3003123998641968,-0.0310089513659477,-2.376672744750977,2
2023-10-21 17:49:23.730,-0.521367073059082,0.1060144901275634,0.8250894546508789,0.7359663248062134,-0.2136432826519012,0.564767599105835,0.3061824440956116,-1.2964460849761963,-0.0313804671168327,-2.3768680095672607,2
2023-10-21 17:49:23.760,-0.2379260063171386,0.1915189027786255,0.933375358581543,0.7464406490325928,-0.2066241353750229,0.5519550442695618,0.3089958727359772,-1.260367512702942,-0.0326441675424575,-2.3804404735565186,2
2023-10-21 17:49:23.780,0.0162129402160644,-0.0113376975059509,0.6228799819946289,0.7579507231712341,-0.198598638176918,0.537614643573761,0.3115122020244598,-1.220415711402893,-0.0338975712656974,-2.3854024410247803,2
2023-10-21 17:49:23.800,-0.1512107849121093,0.1576153635978698,0.9235477447509766,0.7589853405952454,-0.1978621482849121,0.5362982749938965,0.3117308914661407,-1.2167776823043823,-0.0340191163122653,-2.385861158370972,2
2023-10-21 17:49:23.860,0.1621694564819336,0.4040622115135193,1.1210570335388184,0.7764206528663635,-0.1853625178337097,0.5124081373214722,0.3166223466396332,-1.1522527933120728,-0.0366493538022041,-2.3909831047058105,2
2023-10-21 17:49:23.880,0.3852086067199707,0.0471825003623962,1.2311272621154783,0.7771957516670227,-0.1847823113203048,0.5112543702125549,0.3169247210025787,-1.149190068244934,-0.0368425734341144,-2.3910586833953857,2
2023-10-21 17:49:23.900,0.3501739501953125,0.0330861210823059,1.305158615112305,0.7827556729316711,-0.1802402138710022,0.5014983415603638,0.3214134573936462,-1.1236708164215088,-0.0402193889021873,-2.3876612186431885,2
2023-10-21 17:49:23.910,0.2224812507629394,0.0192542076110839,1.2557005882263184,0.7833044528961182,-0.1797843277454376,0.5005180835723877,0.3218594193458557,-1.1211180686950684,-0.0405522845685482,-2.387316465377808,2
2023-10-21 17:49:23.930,0.1621184349060058,0.1655796766281128,1.2208890914916992,0.7833592295646667,-0.1797387152910232,0.5004199743270874,0.3219039440155029,-1.120862603187561,-0.0405855141580104,-2.387282133102417,2
2023-10-21 17:49:23.950,0.0735163688659668,0.191607654094696,0.9632949829101562,0.7875397205352783,-0.1757430136203766,0.4914178550243377,0.3277259171009063,-1.0976228713989258,-0.0453070104122161,-2.3806169033050537,2
2023-10-21 17:49:24.010,0.4648680686950683,-0.0547742843627929,1.0417070388793943,0.7967426180839539,-0.1665518581867218,0.4706056118011474,0.340576022863388,-1.0444860458374023,-0.0551840551197528,-2.365453004837036,2
2023-10-21 17:49:24.030,0.7531356811523438,-0.3335509896278381,0.9807462692260742,0.7967426180839539,-0.1665518581867218,0.4706056118011474,0.340576022863388,-1.0444860458374023,-0.0551840551197528,-2.365453004837036,2
2023-10-21 17:49:24.050,0.4131374359130859,-0.0690662562847137,0.9234633445739746,0.7972129583358765,-0.1661392301321029,0.4695128202438354,0.3411848843097687,-1.041775465011597,-0.0555131621658802,-2.364677667617798,2
2023-10-21 17:49:24.100,0.6821260452270508,0.0313968658447265,0.6073007583618164,0.8076554536819458,-0.1609022617340088,0.446812242269516,0.3495166301727295,-0.988797664642334,-0.0524534881114959,-2.3530313968658447,2
2023-10-21 17:49:24.160,0.4728832244873047,-0.083518236875534,0.4717597961425781,0.8167781829833984,-0.1559228897094726,0.4273061156272888,0.3549241721630096,-0.9435852766036988,-0.0486328639090061,-2.3465607166290283,2
2023-10-21 17:49:24.180,0.3502225875854492,0.0534241497516632,0.6288566589355469,0.8171520233154297,-0.1557448357343673,0.4264755845069885,0.35514035820961,-0.9417012333869934,-0.048401866108179,-2.346274375915528,2
2023-10-21 17:49:24.200,0.8357706069946289,0.0986063182353973,0.8809432983398438,0.8197952508926392,-0.1550795137882232,0.4204429090023041,0.3565301597118377,-0.928572714328766,-0.0455500036478042,-2.343952417373657,2
2023-10-21 17:49:24.260,0.4039921760559082,-0.0121034681797027,0.5400505065917969,0.8222485780715942,-0.154508888721466,0.4144659042358398,0.3581233918666839,-0.9156849980354308,-0.0427834950387477,-2.341146469116211,2
2023-10-21 17:49:24.280,0.3068733215332031,0.0786776840686798,0.4188981056213379,0.8237122297286987,-0.1540990620851516,0.4109200835227966,0.3590215742588043,-0.9080063104629515,-0.0412034429609775,-2.33963942527771,2
2023-10-21 17:49:24.310,0.5090570449829102,0.0493529438972473,0.6096634864807129,0.8247194886207581,-0.154354527592659,0.4081995785236358,0.3597022891044616,-0.902603566646576,-0.0390722006559371,-2.337976217269897,2
2023-10-21 17:49:24.330,0.4060430526733398,0.1128743588924408,0.4392900466918945,0.8247194886207581,-0.154354527592659,0.4081995785236358,0.3597022891044616,-0.902603566646576,-0.0390722006559371,-2.337976217269897,2
2023-10-21 17:49:24.350,0.3327054977416992,0.2172201871871948,0.444894790649414,0.8248122334480286,-0.1543875485658645,0.4079430699348449,0.3597661852836609,-0.90210223197937,-0.0388565696775913,-2.3378114700317383,2
2023-10-21 17:49:24.410,0.3423867225646972,0.0550496876239776,0.6727461814880371,0.8247617483139038,-0.1593000292778015,0.4061543345451355,0.3597643375396728,-0.902571737766266,-0.0294748302549123,-2.3332340717315674,2
2023-10-21 17:49:24.430,0.4159684181213379,-0.0173327028751373,-0.0454139709472656,0.8247600793838501,-0.15932397544384,0.4061483442783355,0.3597642481327057,-0.9025797843933104,-0.0294314492493867,-2.333211898803711,2
2023-10-21 17:49:24.450,0.3493814468383789,-0.0416940450668334,0.5933241844177246,0.8249899744987488,-0.1610416322946548,0.4054599106311798,0.3592483699321747,-0.902641236782074,-0.0256089847534894,-2.33261513710022,2
2023-10-21 17:49:24.460,0.4235172271728515,0.0910769701004028,0.4791188240051269,0.825015127658844,-0.1612305492162704,0.4053840935230255,0.3591915369033813,-0.902648150920868,-0.0251884572207927,-2.332549571990967,2
2023-10-21 17:49:24.480,0.0899138450622558,-0.0389425158500671,0.5741510391235352,0.8256516456604004,-0.1624186187982559,0.4037550687789917,0.3590284287929535,-0.9003310203552246,-0.0217184219509363,-2.331733226776123,2
2023-10-21 17:49:24.500,0.2486014366149902,0.0969160199165344,0.7150564193725586,0.8264259696006775,-0.1629981100559234,0.4020677208900451,0.3588780760765075,-0.8973789811134338,-0.0191760193556547,-2.331461191177368,2
2023-10-21 17:49:24.560,0.5603632926940918,0.137639433145523,0.8582959175109863,0.8271132111549377,-0.1632958948612213,0.4010969996452331,0.358244925737381,-0.8956592679023743,-0.0172544047236442,-2.332413673400879,2
2023-10-21 17:49:24.580,0.5583081245422363,-0.0657068192958831,0.9453048706054688,0.8278113603591919,-0.1634634584188461,0.4001042544841766,0.3576655685901642,-0.8937821388244629,-0.0155738331377506,-2.333382606506348,2
2023-10-21 17:49:24.600,0.7327275276184082,-0.0028351843357086,1.3899154663085938,0.8278810977935791,-0.1634801924228668,0.4000049233436584,0.3576076030731201,-0.8935943245887756,-0.0154058765619993,-2.333479881286621,2
2023-10-21 17:49:24.650,0.5760335922241211,0.0115095973014831,1.0709924697875977,0.8284832239151001,-0.1632509976625442,0.3994209766387939,0.3569698333740234,-0.8922121524810791,-0.014661569148302,-2.3349380493164062,2
2023-10-21 17:49:24.710,0.1589889526367187,0.17969810962677,0.6693172454833984,0.83035808801651,-0.1613419651985168,0.3975157141685486,0.3556061089038849,-0.8867051005363464,-0.0147753665223717,-2.339358329772949,2
2023-10-21 17:49:24.730,-0.0585813522338867,0.1051888465881347,0.4740610122680664,0.8303675651550293,-0.1613302230834961,0.3975056111812591,0.3556001782417297,-0.8866744637489319,-0.0147798974066972,-2.3393805027008057,2
2023-10-21 17:49:24.750,-0.1730036735534668,-0.0661273598670959,0.4610633850097656,0.8314042687416077,-0.1603645980358123,0.3958026468753814,0.3555145263671875,-0.8823783993721008,-0.0147720882669091,-2.340414762496948,2
2023-10-21 17:49:24.810,-0.021956443786621,-0.1028648018836975,0.3566064834594726,0.8338494300842285,-0.1579424440860748,0.391049861907959,0.3561310768127441,-0.8706336617469788,-0.0151301734149456,-2.3413455486297607,2
2023-10-21 17:49:24.830,-0.0856189727783203,0.0394216775894165,0.2149324417114257,0.8339666724205017,-0.1578335762023925,0.3908028304576874,0.3561759889125824,-0.8700383305549622,-0.0151338391005992,-2.341352224349976,2
2023-10-21 17:49:24.860,-0.1924691200256347,0.1103383302688598,0.1079473495483398,0.8354231715202332,-0.1559175103902816,0.3879570364952087,0.3567172884941101,-0.8626272082328796,-0.0162684936076402,-2.341969966888428,2
2023-10-21 17:49:24.880,-0.3657484054565429,0.1016893982887268,0.0402956008911132,0.8366952538490295,-0.1542251408100128,0.385562002658844,0.3570682108402252,-0.8563346862792969,-0.0172658506780862,-2.342751979827881,2
2023-10-21 17:49:24.900,-0.4503445625305176,-0.0103890299797058,0.0014324188232421,0.8368076086044312,-0.154074877500534,0.3853505253791809,0.3570977747440338,-0.8557789325714111,-0.0173544362187385,-2.3428235054016118,2
2023-10-21 17:49:24.960,-0.3456072807312011,-0.1002000570297241,-0.2769956588745117,0.8361444473266602,-0.1516137719154358,0.3884463608264923,0.356349915266037,-0.8600197434425354,-0.0233057383447885,-2.346538543701172,2
2023-10-21 17:49:24.980,-0.2754096984863281,-0.0661963820457458,-0.374481201171875,0.8360536098480225,-0.1515199095010757,0.3887467384338379,0.3562752902507782,-0.8605538010597229,-0.0236463826149702,-2.34677529335022,2
2023-10-21 17:49:25.000,-0.5037107467651367,-0.0113976001739501,-0.4770278930664062,0.8345314860343933,-0.1503138244152069,0.393383651971817,0.3552639782428741,-0.8690208792686462,-0.0286307409405708,-2.3499460220336914,2
2023-10-21 17:49:25.030,-0.6851334571838379,-0.1811391711235046,-0.7930307388305664,0.8343626260757446,-0.1501809060573578,0.3938930332660675,0.3551521599292755,-0.8699530959129333,-0.0291773937642574,-2.350297212600708,2
2023-10-21 17:49:25.050,-0.6906671524047852,-0.0756305456161499,-0.8547687530517578,0.8319937586784363,-0.149124190211296,0.4005005955696106,0.3537620604038238,-0.8826368451118469,-0.0352303087711334,-2.3541598320007324,2
2023-10-21 17:49:25.110,-0.5838117599487305,-0.1443967223167419,-1.238363265991211,0.8239774107933044,-0.1508126854896545,0.4187465608119964,0.3506682515144348,-0.9217461347579956,-0.0451651103794574,-2.3592982292175293,2
2023-10-21 17:49:25.130,-0.5721118450164795,-0.2394436299800872,-1.400033950805664,0.8239774107933044,-0.1508126854896545,0.4187465608119964,0.3506682515144348,-0.9217461347579956,-0.0451651103794574,-2.3592982292175293,2
2023-10-21 17:49:25.150,-0.5093653202056885,-0.3192860186100006,-1.472492218017578,0.8235047459602356,-0.1509976536035537,0.4197528660297394,0.3504957258701324,-0.9239912033081056,-0.0455643534660339,-2.359501361846924,2
2023-10-21 17:49:25.200,-0.5837411880493164,-0.0751191973686218,-1.303180694580078,0.8125898838043213,-0.157510831952095,0.4408656656742096,0.3471677899360657,-0.973556101322174,-0.0501463152468204,-2.3606104850769043,2
2023-10-21 17:49:25.260,-0.2457859516143798,-0.1577521860599517,-1.1459455490112305,0.801011323928833,-0.1666482239961624,0.4614188075065613,0.3430770933628082,-1.0247856378555298,-0.0496505908668041,-2.360192060470581,2
2023-10-21 17:49:25.280,-0.3344578742980957,-0.3595336973667145,-1.1888427734375,0.8005089163780212,-0.1670543998479843,0.4622976183891296,0.3428692519664764,-1.0270060300827026,-0.0495785325765609,-2.360208511352539,2
2023-10-21 17:49:25.300,-0.256772518157959,-0.4069182574748993,-1.0873594284057615,0.7956255674362183,-0.1712983399629593,0.4708769917488098,0.3404581546783447,-1.0489989519119265,-0.0480676293373107,-2.360735893249512,2
2023-10-21 17:49:25.360,-0.1126729249954223,-0.1944961547851562,-1.6818666458129885,0.7890709042549133,-0.1776712983846664,0.4817627072334289,0.3372013568878174,-1.0779401063919067,-0.0445262975990772,-2.3605220317840576,2
2023-10-21 17:49:25.380,0.0231798887252807,-0.2687992453575134,-2.072146415710449,0.7826648354530334,-0.1836718320846557,0.4916307032108307,0.3346637189388275,-1.104572892189026,-0.041566926985979,-2.359077453613281,2
2023-10-21 17:49:25.410,0.2582099437713623,-0.1840741336345672,-2.3857388496398926,0.774749755859375,-0.1902873665094375,0.5030989646911621,0.3323327004909515,-1.1354835033416748,-0.039552628993988,-2.356389284133911,2
2023-10-21 17:49:25.430,0.2560950517654419,-0.0216837227344512,-2.467838287353516,0.774749755859375,-0.1902873665094375,0.5030989646911621,0.3323327004909515,-1.1354835033416748,-0.039552628993988,-2.356389284133911,2
2023-10-21 17:49:25.450,0.3056478500366211,-0.055793285369873,-2.35019588470459,0.773948073387146,-0.1909403651952743,0.5042355060577393,0.3321033418178558,-1.1385613679885864,-0.0393709018826484,-2.3561086654663086,2
2023-10-21 17:49:25.510,0.3952148556709289,0.1374752521514892,-1.0287084579467771,0.7573230266571045,-0.2028984874486923,0.5275195240974426,0.3271348178386688,-1.20106041431427,-0.0378296300768852,-2.351998805999756,2
2023-10-21 17:49:25.530,0.4514016509056091,0.1539092659950256,-0.5938177108764648,0.7572470307350159,-0.2029500007629394,0.5276253819465637,0.3271082937717438,-1.2013450860977173,-0.0378237254917621,-2.3519887924194336,2
2023-10-21 17:49:25.550,0.4456372261047363,0.0515754520893096,-0.4578924179077148,0.7496122121810913,-0.2082015126943588,0.5382624864578247,0.3240483105182647,-1.2301712036132812,-0.0367135629057884,-2.351478338241577,2
2023-10-21 17:49:25.580,0.4524797797203064,-0.0595585405826568,-0.7957572937011719,0.7411469221115112,-0.2145408391952514,0.5495299696922302,0.320453405380249,-1.2617441415786743,-0.0341915935277938,-2.350367784500122,2
2023-10-21 17:49:25.600,0.5275064706802368,0.0869280993938446,-1.1022844314575195,0.7321058511734009,-0.2213665097951889,0.5608921051025391,0.316887766122818,-1.2943609952926636,-0.0313573889434337,-2.3483004570007324,2
2023-10-21 17:49:25.660,1.1262928247451782,0.0713276267051696,-2.0276403427124023,0.7210202217102051,-0.2289710938930511,0.5741045475006104,0.3132190108299255,-1.332492470741272,-0.0294595956802368,-2.3451240062713623,2
2023-10-21 17:49:25.680,1.0278916358947754,-0.1294091790914535,-1.6256866455078125,0.7116084694862366,-0.2353172451257705,0.5847980380058289,0.3102425634860992,-1.3639706373214722,-0.027954613789916,-2.342033624649048,2
2023-10-21 17:49:25.700,0.7553825974464417,0.0893881618976593,-0.7420778274536133,0.7106574177742004,-0.2359486520290374,0.5858593583106995,0.3099406361579895,-1.3671187162399292,-0.0278095081448555,-2.341722249984741,2
2023-10-21 17:49:25.750,0.2192416936159134,0.4110341072082519,0.0988130569458007,0.7009437084197998,-0.2425902485847473,0.5968218445777893,0.3059929013252258,-1.4000060558319092,-0.0251649357378482,-2.339573383331299,2
2023-10-21 17:49:25.810,0.2039805203676223,-0.0944131463766098,-0.6713266372680664,0.6853734850883484,-0.2540113627910614,0.6136329770088196,0.2986572086811065,-1.4526361227035522,-0.0183475483208894,-2.33599591255188,2
2023-10-21 17:49:25.830,0.1950196921825409,-0.0159867852926254,-0.7597894668579102,0.6853072643280029,-0.2540607750415802,0.6137017011642456,0.2986257374286651,-1.4528566598892212,-0.0183158628642559,-2.335977554321289,2
2023-10-21 17:49:25.850,0.1294357776641845,0.0422910153865814,-0.8291215896606445,0.6787063479423523,-0.258817970752716,0.6205340623855591,0.2954803109169006,-1.4747358560562134,-0.0153890065848827,-2.334347724914551,2
2023-10-21 17:49:25.910,0.1468300819396972,-0.0743180364370346,-0.3368616104125976,0.6634409427642822,-0.2670228183269501,0.6369249224662781,0.2878744304180145,-1.5247255563735962,-0.0124013619497418,-2.3346471786499023,2
2023-10-21 17:49:25.930,0.2467784285545349,-0.0490815788507461,-0.2923974990844726,0.662773609161377,-0.267322838306427,0.6376515626907349,0.2875242233276367,-1.5269008874893188,-0.012331798672676,-2.334760427474976,2
2023-10-21 17:49:25.960,0.3988255858421325,0.1122407913208007,-0.3276042938232422,0.6583267450332642,-0.2690236568450928,0.6425209641456604,0.2853053212165832,-1.541203498840332,-0.0124186789616942,-2.3357558250427246,2
2023-10-21 17:49:25.980,0.3305362462997436,0.0626799464225769,-0.4306859970092773,0.6563413143157959,-0.2702292501926422,0.644666850566864,0.2838959693908691,-1.5480313301086426,-0.0113116530701518,-2.336164951324463,2
2023-10-21 17:49:26.000,0.1513038575649261,-0.0097972005605697,-0.5118961334228516,0.6561865210533142,-0.2703330814838409,0.6448333859443665,0.2837768495082855,-1.5485732555389404,-0.0111999763175845,-2.336195707321167,2
2023-10-21 17:49:26.060,0.1102074682712555,-0.0233208835124969,-0.3105573654174804,0.6518266201019287,-0.2711009383201599,0.6507379412651062,0.2795827984809875,-1.5647071599960327,-0.0104488246142864,-2.341602087020874,2
2023-10-21 17:49:26.080,0.1679236888885498,0.0478962957859039,-0.3639497756958008,0.6515598297119141,-0.2711168825626373,0.6511021852493286,0.2793411910533905,-1.5656728744506836,-0.0104617597535252,-2.3419549465179443,2
2023-10-21 17:49:26.100,0.137407124042511,0.1234649717807769,-0.4122495651245117,0.6494932770729065,-0.271154522895813,0.6539302468299866,0.277504950761795,-1.5730955600738523,-0.0107118748128414,-2.3447561264038086,2
2023-10-21 17:49:26.130,0.0981916785240173,0.0360986590385437,-0.3489370346069336,0.6492654085159302,-0.2711584270000458,0.6542407274246216,0.2773026823997497,-1.5739121437072754,-0.0107380431145429,-2.345064640045166,2
2023-10-21 17:49:26.150,0.1440361738204956,-0.0234402418136596,-0.3118572235107422,0.6483722925186157,-0.2705853581428528,0.6559615731239319,0.2758829295635223,-1.5778008699417114,-0.0110573340207338,-2.348138332366944,2
2023-10-21 17:49:26.210,0.0389492511749267,-0.0958410203456878,-0.2516040802001953,0.6488023996353149,-0.2690995335578918,0.6567405462265015,0.2744681239128113,-1.578242301940918,-0.01132408156991,-2.352586030960083,2
2023-10-21 17:49:26.230,-0.001913845539093,-0.0754514038562774,-0.275888442993164,0.6488023996353149,-0.2690995335578918,0.6567405462265015,0.2744681239128113,-1.578242301940918,-0.01132408156991,-2.352586030960083,2
2023-10-21 17:49:26.250,-0.0210205614566802,-0.023030936717987,-0.3413019180297851,0.648838222026825,-0.2690510153770447,0.6567413806915283,0.2744291126728058,-1.5781922340393066,-0.0113169876858592,-2.352719783782959,2
2023-10-21 17:49:26.300,-0.0097503364086151,-0.0242663919925689,-0.1888332366943359,0.6490305066108704,-0.2678662836551666,0.6575278043746948,0.2732475697994232,-1.5789873600006104,-0.0116292471066117,-2.35634708404541,2
2023-10-21 17:49:26.360,0.0990108549594879,-0.0237647294998168,-0.2060012817382812,0.6489235162734985,-0.259893387556076,0.6635403037071228,0.2665859162807464,-1.586459755897522,-0.016479879617691,-2.3787474632263184,2
2023-10-21 17:49:26.380,0.0689752995967865,-0.0303449630737304,-0.271209716796875,0.6454281806945801,-0.2675926685333252,0.660754382610321,0.2742629945278168,-1.587203860282898,-0.0170180667191743,-2.3552663326263428,2
2023-10-21 17:49:26.400,0.0805992484092712,-0.0627370476722717,-0.2902059555053711,0.6427940130233765,-0.2657274007797241,0.6634250283241272,0.2758118510246277,-1.5922919511795044,-0.0243473853915929,-2.3558216094970703,2
2023-10-21 17:49:26.460,0.4018524289131164,0.0161555111408233,-0.5216751098632812,0.6359261274337769,-0.2776123881340027,0.6601290106773376,0.2876786291599273,-1.596486210823059,-0.0267312470823526,-2.3193609714508057,2
2023-10-21 17:49:26.480,0.6788489818572998,0.0939778685569763,-0.6077756881713867,0.6360868215560913,-0.278055340051651,0.6602438688278198,0.2866302132606506,-1.597280979156494,-0.0247595272958278,-2.320286273956299,2
2023-10-21 17:49:26.510,0.8927488327026367,0.4358230829238891,-0.477365493774414,0.6352406144142151,-0.2791742086410522,0.6613829135894775,0.2847872972488403,-1.6015398502349854,-0.0220230743288993,-2.321401357650757,2
2023-10-21 17:49:26.530,0.8179811239242554,0.4188642501831054,-0.3483705520629883,0.6352406144142151,-0.2791742086410522,0.6613829135894775,0.2847872972488403,-1.6015398502349854,-0.0220230743288993,-2.321401357650757,2
2023-10-21 17:49:26.550,0.7983690500259399,0.2825943231582641,-0.4843988418579101,0.635145366191864,-0.2792918086051941,0.6615065932273865,0.2845971584320068,-1.6019985675811768,-0.0217456966638565,-2.321512222290039,2
2023-10-21 17:49:26.610,0.7209612131118774,-0.0912005603313446,-0.5135622024536133,0.6328451633453369,-0.2799745202064514,0.6638184785842896,0.2836657464504242,-1.6088963747024536,-0.0222459305077791,-2.3219258785247803,2
2023-10-21 17:49:26.630,0.5429704189300537,-0.0336995422840118,-0.5347585678100586,0.6329453587532043,-0.2799552083015442,0.6637210249900818,0.2836893796920776,-1.6086156368255615,-0.02219033613801,-2.321917772293091,2
2023-10-21 17:49:26.650,0.4715719819068908,-0.0325945913791656,-0.6682167053222656,0.6328935027122498,-0.2800483405590057,0.6636918783187866,0.2837814390659332,-1.6086426973342896,-0.0222071483731269,-2.3216323852539062,2
2023-10-21 17:49:26.680,0.458600103855133,-0.1775367259979248,-0.9531164169311525,0.6333199739456177,-0.2799156904220581,0.6632246971130371,0.2840530276298523,-1.6072529554367063,-0.022231413051486,-2.3214142322540283,2
2023-10-21 17:49:26.700,0.2555587887763977,-0.1535570919513702,-1.185267448425293,0.633972704410553,-0.2799076437950134,0.6624643802642822,0.2843785285949707,-1.6052260398864746,-0.0218754280358552,-2.320913076400757,2
2023-10-21 17:49:26.760,-0.0086472034454345,-0.3574113249778747,-1.9828386306762693,0.6371681690216064,-0.2782799303531647,0.6592984795570374,0.2861863970756531,-1.5950332880020142,-0.0227442625910043,-2.3205952644348145,2
2023-10-21 17:49:26.780,-0.2868491411209106,-0.2982361316680908,-2.2625508308410645,0.6394188404083252,-0.2769524455070495,0.657579779624939,0.286408394575119,-1.5890295505523682,-0.0224974062293767,-2.322258472442627,2
2023-10-21 17:49:26.800,-0.5280153751373291,-0.4184973835945129,-2.64066219329834,0.6396435499191284,-0.2768195569515228,0.6574075818061829,0.2864304482936859,-1.58842933177948,-0.0224732905626297,-2.322425127029419,2
2023-10-21 17:49:26.850,-0.3890893459320068,0.2364993095397949,-1.952071189880371,0.6438812017440796,-0.2735221982002258,0.6547223329544067,0.2862541675567627,-1.5777496099472046,-0.0226043332368135,-2.327686309814453,2
2023-10-21 17:49:26.910,-1.1229276657104492,0.3420054912567138,-0.4510459899902344,0.6551299095153809,-0.2637633979320526,0.64693284034729,0.2875964045524597,-1.546972155570984,-0.0265156403183937,-2.340161085128784,2
2023-10-21 17:49:26.930,-0.9792637825012208,0.1410529613494873,0.1025314331054687,0.6551838517189026,-0.2637170255184173,0.6468925476074219,0.2876065671443939,-1.5468188524246216,-0.0265379399061203,-2.3402132987976074,2
2023-10-21 17:49:26.950,-0.8006401062011719,0.1861318349838256,0.0687332153320312,0.6612958908081055,-0.259281188249588,0.6416806578636169,0.2893218398094177,-1.5287286043167114,-0.0283850990235805,-2.343975067138672,2
2023-10-21 17:49:27.010,-1.1047344207763672,-0.2423917651176452,0.3895721435546875,0.6781962513923645,-0.2503147721290588,0.6234142184257507,0.2979044914245605,-1.473197340965271,-0.0319161340594291,-2.3427634239196777,2
2023-10-21 17:49:27.030,-1.126659870147705,-0.3064349889755249,0.4705791473388672,0.6790197491645813,-0.2499259710311889,0.6224337816238403,0.2984049320220947,-1.4703495502471924,-0.0320707708597183,-2.3424782752990723,2
2023-10-21 17:49:27.060,-1.129078388214111,-0.3532959818840027,0.8826990127563477,0.6879431009292603,-0.2462693154811859,0.6103577017784119,0.3058582246303558,-1.4366850852966309,-0.0345341674983501,-2.335075616836548,2
2023-10-21 17:49:27.080,-1.1494994163513184,-0.4212119579315185,1.2071514129638672,0.6979211568832397,-0.2416684776544571,0.5957431197166443,0.3155830204486847,-1.3964110612869265,-0.0386913977563381,-2.3247411251068115,2
2023-10-21 17:49:27.100,-1.1219067573547363,-0.5374447703361511,1.3388004302978516,0.698817789554596,-0.2412401139736175,0.5943905115127563,0.3164757192134857,-1.3927152156829834,-0.0390644781291484,-2.3237738609313965,2
2023-10-21 17:49:27.160,-0.6215763092041016,-0.2513785362243652,1.074615478515625,0.7220535278320312,-0.2263167351484298,0.5622498989105225,0.3336081802845001,-1.3019474744796753,-0.0483355671167373,-2.312793970108032,2
2023-10-21 17:49:27.180,-0.7797384262084961,-0.0919731855392456,0.8180904388427734,0.7233774662017822,-0.2253769636154174,0.5604284405708313,0.3344403803348541,-1.2968084812164309,-0.0488139502704143,-2.3124585151672363,2
2023-10-21 17:49:27.200,-0.7998156547546387,0.1032562851905822,0.9426212310791016,0.7354180216789246,-0.2164180129766464,0.5444182753562927,0.3404885530471802,-1.2514188289642334,-0.0524450130760669,-2.31229019165039,2
2023-10-21 17:49:27.230,-0.510986328125,0.1711817383766174,0.6497039794921875,0.7367193102836609,-0.2154255956411361,0.5426397919654846,0.3411431610584259,-1.2464253902435305,-0.052843902260065,-2.3122615814208984,2
2023-10-21 17:49:27.250,-0.290536880493164,-0.0160498023033142,0.5735797882080078,0.7476188540458679,-0.2079246491193771,0.5278924107551575,0.3452000319957733,-1.2060569524765017,-0.0535858087241649,-2.313360452651977,2
2023-10-21 17:49:27.310,0.242523193359375,-0.0130019187927246,0.7999324798583984,0.7676219940185547,-0.19541597366333,0.5004672408103943,0.3494306802749634,-1.1338063478469849,-0.0497665777802467,-2.318918943405152,2
2023-10-21 17:49:27.330,0.2214307785034179,0.1484789252281189,1.0120906829833984,0.7676219940185547,-0.19541597366333,0.5004672408103943,0.3494306802749634,-1.1338063478469849,-0.0497665777802467,-2.318918943405152,2
2023-10-21 17:49:27.350,0.1268157958984375,0.0367459058761596,0.63104248046875,0.7684893012046814,-0.1948665380477905,0.4992319047451019,0.3495980501174927,-1.1306049823760986,-0.0495756082236766,-2.319176435470581,2
2023-10-21 17:49:27.400,0.4618043899536133,0.1134620904922485,0.9426064491271972,0.780336856842041,-0.1843118518590927,0.479677677154541,0.356388509273529,-1.078588366508484,-0.0542791858315467,-2.3172404766082764,2
2023-10-21 17:49:27.460,0.3230571746826172,0.0754258930683136,0.974374771118164,0.7868418097496033,-0.1745897084474563,0.4651287496089935,0.3661335706710815,-1.0385750532150269,-0.0658972263336181,-2.308227777481079,2
2023-10-21 17:49:27.480,0.4322290420532226,-0.1468897461891174,1.052699089050293,0.7870705723762512,-0.1742333620786667,0.4645322859287262,0.3665683269500732,-1.0369776487350464,-0.0663464069366455,-2.3077285289764404,2
2023-10-21 17:49:27.500,0.6366071701049805,-0.0676097273826599,1.027381420135498,0.7894207835197449,-0.1735737919807434,0.4587781727313995,0.3690658509731293,-1.0240916013717651,-0.0646381974220275,-2.3032844066619877,2
2023-10-21 17:49:27.560,0.1843295097351074,-0.2846575081348419,1.02677583694458,0.792851984500885,-0.1734316498041153,0.4521092772483825,0.3700060546398163,-1.0098572969436646,-0.0595903731882572,-2.30126428604126,2
2023-10-21 17:49:27.580,0.0487446784973144,-0.2722483873367309,1.0467863082885742,0.7957505583763123,-0.1726759970188141,0.4465822577476501,0.3708481788635254,-0.9975547194480896,-0.0564443618059158,-2.300126791000366,2
2023-10-21 17:49:27.610,0.4066734313964844,0.2254879474639892,0.812403678894043,0.7990266680717468,-0.1715791523456573,0.4396369457244873,0.3726074695587158,-0.9820086359977722,-0.0534568466246128,-2.2974839210510254,2
2023-10-21 17:49:27.630,0.0829582214355468,0.3366959691047668,0.7391171455383301,0.7990266680717468,-0.1715791523456573,0.4396369457244873,0.3726074695587158,-0.9820086359977722,-0.0534568466246128,-2.2974839210510254,2
2023-10-21 17:49:27.650,-0.3853015899658203,0.1736972630023956,0.2953338623046875,0.7993496060371399,-0.1714671403169632,0.438938558101654,0.3727897107601166,-0.9804480075836182,-0.0531642213463783,-2.2972090244293213,2
2023-10-21 17:49:27.710,0.2876315116882324,0.1493638306856155,0.8561520576477051,0.8076090216636658,-0.1681879162788391,0.420599102973938,0.3775936067104339,-0.939437210559845,-0.0459871254861354,-2.290242910385132,2
2023-10-21 17:49:27.730,0.338287353515625,0.2849650382995605,0.4769849777221679,0.8076485991477966,-0.1681710332632064,0.4205092191696167,0.3776164352893829,-0.9392367601394652,-0.0459523685276508,-2.290210485458374,2
2023-10-21 17:49:27.750,0.0882544517517089,0.3057669401168823,0.3766927719116211,0.8110793232917786,-0.1673915088176727,0.4127147495746612,0.3792060315608978,-0.9225207567214966,-0.0414841547608375,-2.2875375747680664,2
2023-10-21 17:49:27.780,-0.0021491050720214,-0.0333177149295806,0.2562823295593261,0.8141253590583801,-0.1672875881195068,0.4055644869804382,0.380436897277832,-0.907816767692566,-0.0362051539123058,-2.2849717140197754,2
2023-10-21 17:49:27.800,-0.0387659072875976,-0.0363460928201675,0.3102250099182129,0.8164666891098022,-0.1679372191429138,0.3999603688716888,0.38106569647789,-0.8970097303390503,-0.0305968280881643,-2.2829666137695312,2
2023-10-21 17:49:27.860,0.3157730102539062,0.089714840054512,0.2899160385131836,0.8175003528594971,-0.1692163348197937,0.3972003161907196,0.3811703622341156,-0.8925739526748657,-0.0261361245065927,-2.2815072536468506,2
2023-10-21 17:49:27.880,0.3027615547180176,0.0149208158254623,0.3728804588317871,0.8175716400146484,-0.1713917255401611,0.3962216377258301,0.3810642063617706,-0.8925678133964539,-0.0217234287410974,-2.2796757221221924,2
2023-10-21 17:49:27.900,0.4596948623657226,-0.1714164018630981,0.321561336517334,0.8175785541534424,-0.1716092228889465,0.3961236774921417,0.3810535073280334,-0.8925676941871643,-0.0212822239845991,-2.2794926166534424,2
2023-10-21 17:49:27.960,0.639500617980957,-0.0095834881067276,0.6440134048461914,0.818056046962738,-0.1750784367322921,0.394050121307373,0.3806001842021942,-0.8915570974349976,-0.0135035747662186,-2.2771201133728027,2
2023-10-21 17:49:28.010,0.7587018013000488,0.0301706343889236,1.0670514106750488,0.818394124507904,-0.176168292760849,0.392507404088974,0.3809644281864166,-0.8894472718238831,-0.0107127390801906,-2.275356769561768,2
2023-10-21 17:49:28.030,0.714881420135498,0.0648436993360519,1.093822956085205,0.8183966279029846,-0.1761770397424698,0.3924950957298279,0.3809678256511688,-0.889430582523346,-0.0106908036395907,-2.275341749191284,2
2023-10-21 17:49:28.050,0.9412002563476562,0.1226533353328704,1.0339655876159668,0.8181151151657104,-0.1766111701726913,0.3930388689041137,0.380810409784317,-0.8909265995025635,-0.0103702321648597,-2.2752513885498047,2
2023-10-21 17:49:28.110,0.56201171875,0.0259469747543334,1.033952713012695,0.8176113963127136,-0.1773561388254165,0.3948501050472259,0.3796710073947906,-0.8952721953392029,-0.0098096216097474,-2.2768301963806152,2
2023-10-21 17:49:28.130,0.4845552444458008,-0.0056459009647369,1.0525579452514648,0.8175866603851318,-0.1774258315563202,0.3949197828769684,0.3796191811561584,-0.895477294921875,-0.0097164250910282,-2.2768678665161133,2
2023-10-21 17:49:28.160,0.3360066413879394,0.0650847852230072,0.8255062103271484,0.8174526691436768,-0.1778305619955063,0.3956303596496582,0.3789777457714081,-0.8972883224487305,-0.0091341808438301,-2.277764320373535,2
2023-10-21 17:49:28.180,0.1101861000061035,-0.153511643409729,0.6162557601928711,0.8174746632575989,-0.1774913966655731,0.3961505591869354,0.3785456120967865,-0.8980291485786438,-0.009732817299664,-2.2789478302001958,2
2023-10-21 17:49:28.200,-0.2081494331359863,-0.3736589550971985,0.5074911117553711,0.8174781799316406,-0.1774534881114959,0.396195501089096,0.3785087466239929,-0.8980852365493774,-0.0097983852028846,-2.279057502746582,2
2023-10-21 17:49:28.260,-0.3473052978515625,-0.1508169770240783,0.5550088882446289,0.8184638619422913,-0.1768651753664016,0.394681453704834,0.3782354891300201,-0.8944905996322632,-0.0090496884658932,-2.280145168304444,2
2023-10-21 17:49:28.280,-0.4139857292175293,-0.1902111768722534,0.4488677978515625,0.8185256123542786,-0.1768104285001754,0.3945633471012115,0.3782509565353393,-0.8942019939422607,-0.0090403296053409,-2.280165433883667,2
2023-10-21 17:49:28.300,-0.4219875335693359,-0.1658545732498169,-0.0340137481689453,0.8197739720344543,-0.175299733877182,0.3924851715564728,0.3784123361110687,-0.8886248469352722,-0.0096302926540374,-2.2812507152557373,2
2023-10-21 17:49:28.330,-0.8948497772216797,-0.1060103774070739,-0.1723451614379882,0.8199108839035034,-0.1751334816217422,0.3922564089298248,0.3784298896789551,-0.8880114555358887,-0.0096955625340342,-2.281369924545288,2
2023-10-21 17:49:28.350,-0.91383695602417,-0.2216026186943054,-0.1936063766479492,0.8211485147476196,-0.1735803186893463,0.3905589878559112,0.378217875957489,-0.8831745982170105,-0.0103625124320387,-2.28322982788086,2
2023-10-21 17:49:28.410,-0.9953508377075196,-0.1881337165832519,-0.7019596099853516,0.8223708271980286,-0.1687514632940292,0.3919120132923126,0.376343309879303,-0.8815542459487915,-0.0174352414906024,-2.291452407836914,2
2023-10-21 17:49:28.430,-0.9603638648986816,-0.0364482998847961,-0.7688255310058594,0.8223708271980286,-0.1687514632940292,0.3919120132923126,0.376343309879303,-0.8815542459487915,-0.0174352414906024,-2.291452407836914,2
2023-10-21 17:49:28.450,-0.8321356773376465,0.1504469513893127,-0.7957248687744141,0.8223791718482971,-0.1685107946395874,0.3921211063861847,0.3762150406837463,-0.8817622065544128,-0.0178851187229156,-2.291932344436645,2
2023-10-21 17:49:28.510,-0.5327401161193848,-0.2499638199806213,-1.150467872619629,0.8196579813957214,-0.1638959944248199,0.4031959772109985,0.372467577457428,-0.9001990556716919,-0.0316828452050685,-2.3038580417633057,2
2023-10-21 17:49:28.560,-0.6050510406494141,-0.2678691148757934,-1.0169801712036133,0.8128299713134766,-0.1627039909362793,0.4199339151382446,0.3694458901882171,-0.9335434436798096,-0.0458003655076026,-2.3114655017852783,2
2023-10-21 17:49:28.580,-0.67572021484375,-0.2626698017120361,-0.9153928756713868,0.8124249577522278,-0.1626699417829513,0.4208432137966156,0.369317352771759,-0.9353933334350586,-0.04655197635293,-2.3117849826812744,2
2023-10-21 17:49:28.600,-0.697545051574707,-0.1944185495376587,-0.9017066955566406,0.8076900243759155,-0.1631810069084167,0.4308077394962311,0.3679859936237335,-0.9565073847770692,-0.0534886047244071,-2.3143186569213867,2
2023-10-21 17:49:28.660,-0.5335133075714111,-0.0286978483200073,-1.0691890716552734,0.8016350269317627,-0.1654876768589019,0.4426502585411072,0.3661362826824188,-0.983263909816742,-0.0588531717658042,-2.316229820251465,2
2023-10-21 17:49:28.680,-0.402137279510498,-0.0747949481010437,-1.1558380126953125,0.7966780662536621,-0.1685796827077865,0.4517237842082977,0.3644592761993408,-1.005056858062744,-0.0606996566057205,-2.316856384277344,2
2023-10-21 17:49:28.710,-0.2045292854309082,0.0014190673828125,-1.381819725036621,0.7916417717933655,-0.1727355122566223,0.4610032439231872,0.3618588447570801,-1.0283747911453247,-0.060183223336935,-2.3181114196777344,2
2023-10-21 17:49:28.730,-0.1513569355010986,-0.0463864207267761,-1.5011205673217771,0.7916417717933655,-0.1727355122566223,0.4610032439231872,0.3618588447570801,-1.0283747911453247,-0.060183223336935,-2.3181114196777344,2
2023-10-21 17:49:28.750,-0.0545973777770996,-0.1253105998039245,-1.512873649597168,0.7911431193351746,-0.1731542497873306,0.4619114995002746,0.3615910112857818,-1.0306758880615234,-0.0601027011871337,-2.3182406425476074,2
2023-10-21 17:49:28.810,0.0084836483001708,-0.0973638892173767,-1.1486577987670898,0.7819247841835022,-0.180717185139656,0.4789678454399109,0.3557031750679016,-1.073935627937317,-0.058159053325653,-2.3223676681518555,2
2023-10-21 17:49:28.830,0.0304908752441406,-0.0099962353706359,-1.0129289627075195,0.7818816900253296,-0.1807489395141601,0.4790452122688293,0.3556775748729706,-1.074130892753601,-0.0581554993987083,-2.322385787963867,2
2023-10-21 17:49:28.850,0.0864286422729492,0.0469026565551757,-1.078420639038086,0.7773025035858154,-0.1835830062627792,0.487291157245636,0.3530516326427459,-1.094513177871704,-0.0587125606834888,-2.324690818786621,2
2023-10-21 17:49:28.880,0.2379424571990966,0.1057732701301574,-1.2544689178466797,0.7714315056800842,-0.1870698630809784,0.4972835779190063,0.3501535952091217,-1.1194206476211548,-0.0596634596586227,-2.3267946243286133,2
2023-10-21 17:49:28.900,0.0459611415863037,0.1142019033432006,-1.2433958053588867,0.7645907402038574,-0.1914084106683731,0.5080583095550537,0.3473338186740875,-1.1469979286193848,-0.0602699555456638,-2.327723741531372,2
2023-10-21 17:49:28.960,-0.1036514043807983,-0.1279971003532409,-1.0420246124267578,0.7563558220863342,-0.1975365877151489,0.5203436017036438,0.3437260687351227,-1.1798049211502075,-0.0589295104146003,-2.3279500007629395,2
2023-10-21 17:49:28.980,-0.0898321866989135,-0.1309117376804351,-1.0844688415527344,0.7490967512130737,-0.2033420950174331,0.5307585000991821,0.3402963280677795,-1.2084568738937378,-0.0566147752106189,-2.3278753757476807,2
2023-10-21 17:49:29.000,-0.1428056955337524,-0.1541672646999359,-1.1817331314086914,0.7483623027801514,-0.2039203494787216,0.531794011592865,0.3399494588375091,-1.2113219499588013,-0.0563834384083747,-2.327864408493042,2
2023-10-21 17:49:29.060,-0.0594125390052795,-0.0441495180130004,-1.0927362442016602,0.7333834171295166,-0.2143610566854477,0.5526235699653625,0.3328745067119598,-1.268472671508789,-0.0535164475440979,-2.328798770904541,2
2023-10-21 17:49:29.110,0.3026460707187652,0.1630657315254211,-1.2853374481201172,0.7259613871574402,-0.219728022813797,0.5625114440917969,0.3290602266788482,-1.296410322189331,-0.0511945262551307,-2.329221487045288,2
2023-10-21 17:49:29.130,0.5001344680786133,0.3180053234100342,-1.3463516235351562,0.7259002327919006,-0.2197721004486084,0.5625916719436646,0.3290286064147949,-1.2966387271881104,-0.0511745922267437,-2.3292245864868164,2
2023-10-21 17:49:29.150,0.5466023683547974,0.4205619990825653,-1.371477127075195,0.7197619080543518,-0.224241092801094,0.5706337094306946,0.3256314694881439,-1.3196828365325928,-0.0488516055047512,-2.32977557182312,2
2023-10-21 17:49:29.210,0.4645617008209228,0.1461164653301239,-1.126262664794922,0.704897940158844,-0.2352234125137329,0.5896094441413879,0.3164641559123993,-1.3753247261047363,-0.0415754877030849,-2.331783533096313,2
2023-10-21 17:49:29.230,0.8282504081726074,0.0899537205696106,-1.1571016311645508,0.7042216062545776,-0.2357275485992431,0.5904543399810791,0.3160193562507629,-1.3778462409973145,-0.0411927960813045,-2.3318898677825928,2
2023-10-21 17:49:29.260,1.3106554746627808,0.2903592586517334,-1.252706527709961,0.6971426010131836,-0.2412510812282562,0.5989802479743958,0.3114689290523529,-1.4038687944412231,-0.0367629192769527,-2.3323357105255127,2
2023-10-21 17:49:29.280,0.9845505356788636,0.0950825959444046,-0.9173145294189452,0.6889974474906921,-0.247997373342514,0.6079768538475037,0.3068291246891022,-1.4325659275054932,-0.0313560180366039,-2.33096694946289,2
2023-10-21 17:49:29.300,0.406341552734375,0.0333402305841445,-0.3832025527954101,0.6882469058036804,-0.2486150711774826,0.6087867021560669,0.3064074516296386,-1.4351779222488403,-0.0308613590896129,-2.3308193683624268,2
2023-10-21 17:49:29.360,0.2025405168533325,0.1818847954273224,-0.5054206848144531,0.6705716848373413,-0.2634018361568451,0.6255165934562683,0.2994696199893951,-1.491999864578247,-0.0213884320110082,-2.3213322162628174,2
2023-10-21 17:49:29.380,0.2795507907867431,0.1417935341596603,-0.6761655807495117,0.669600248336792,-0.2641723453998565,0.6263854503631592,0.2991485297679901,-1.494998574256897,-0.0209863688796758,-2.3207385540008545,2
2023-10-21 17:49:29.400,0.2612256407737732,0.03980253636837,-0.7491140365600586,0.660622239112854,-0.2705733478069305,0.6343017816543579,0.2966979146003723,-1.5218653678894043,-0.0188996121287345,-2.315347671508789,2
2023-10-21 17:49:29.430,-0.0040331482887268,-0.0588440746068954,-0.5107927322387695,0.6596269607543945,-0.2712742984294891,0.635165274143219,0.2964248955249786,-1.5248215198516846,-0.0186790060251951,-2.314751386642456,2
2023-10-21 17:49:29.450,0.0009322762489318,-0.1022154092788696,-0.3317203521728515,0.651238739490509,-0.2770290672779083,0.6425142288208008,0.2938001751899719,-1.5499311685562134,-0.0167182423174381,-2.310361862182617,2
2023-10-21 17:49:29.510,0.1499802470207214,0.0478897094726562,-0.3915376663208008,0.635811448097229,-0.2873615622520447,0.6561026573181152,0.287570059299469,-1.5968959331512451,-0.0119356960058212,-2.3043336868286133,2
2023-10-21 17:49:29.530,0.1987323760986328,0.1032504588365554,-0.3355083465576172,0.635811448097229,-0.2873615622520447,0.6561026573181152,0.287570059299469,-1.5968959331512451,-0.0119356960058212,-2.3043336868286133,2
2023-10-21 17:49:29.550,0.2984854578971863,0.1258939802646637,-0.3607244491577148,0.6351211071014404,-0.2878084182739258,0.6567138433456421,0.2872533500194549,-1.599015474319458,-0.0117003610357642,-2.304129123687744,2
2023-10-21 17:49:29.610,0.2525544166564941,-0.057085633277893,-0.395268440246582,0.6288402080535889,-0.2894970774650574,0.6635672450065613,0.2836018204689026,-1.6190787553787231,-0.0122832767665386,-2.307126760482788,2
2023-10-21 17:49:29.660,0.0783812403678894,0.0566047132015228,-0.4106836318969726,0.6234210729598999,-0.2909983098506927,0.6694698333740234,0.2801365256309509,-1.636588454246521,-0.012257257476449,-2.310051679611206,2
2023-10-21 17:49:29.680,0.039264976978302,0.0560938566923141,-0.4363775253295898,0.623183012008667,-0.291083812713623,0.6697254776954651,0.2799662053585052,-1.6373744010925293,-0.0122043536975979,-2.310174465179444,2
2023-10-21 17:49:29.700,0.0343526005744934,0.0526878237724304,-0.3773441314697265,0.6220200061798096,-0.2915137112140655,0.6710449457168579,0.2789437472820282,-1.641422986984253,-0.0117131471633911,-2.3110382556915283,2
2023-10-21 17:49:29.760,0.0199427008628845,-0.1040034443140029,-0.2523946762084961,0.6217997670173645,-0.2910934686660766,0.6716368794441223,0.2784487009048462,-1.6425260305404663,-0.0120294019579887,-2.312453508377075,2
2023-10-21 17:49:29.780,0.056201159954071,-0.1112783402204513,-0.2535047531127929,0.6221686601638794,-0.290275514125824,0.6715814471244812,0.2786120176315307,-1.6414240598678589,-0.0130210323259234,-2.3135085105896,2
2023-10-21 17:49:29.810,0.0964173674583435,-0.067598670721054,-0.2780618667602539,0.6226552128791809,-0.2894583344459533,0.671265184879303,0.2791371643543243,-1.6396238803863523,-0.0142851267009973,-2.3140156269073486,2
2023-10-21 17:49:29.830,0.0794322490692138,-0.0536803901195526,-0.2291440963745117,0.6226552128791809,-0.2894583344459533,0.671265184879303,0.2791371643543243,-1.6396238803863523,-0.0142851267009973,-2.3140156269073486,2
2023-10-21 17:49:29.850,0.0463083982467651,-0.0335673093795776,-0.2472791671752929,0.6227042078971863,-0.2893783152103424,0.6712310314178467,0.2791929244995117,-1.6394391059875488,-0.0144122168421745,-2.314058542251587,2
2023-10-21 17:49:29.910,0.0221920013427734,-0.0119438171386718,-0.27435302734375,0.6233227252960205,-0.2881324589252472,0.6710177063941956,0.2796135544776916,-1.637424349784851,-0.0160529650747776,-2.3153984546661377,2
2023-10-21 17:49:29.930,0.0523276925086975,-0.0310989171266555,-0.2190847396850586,0.6233182549476624,-0.2877046167850494,0.6710175275802612,0.2800643742084503,-1.6369311809539795,-0.0171939861029386,-2.3153998851776123,2
2023-10-21 17:49:29.950,0.0740431547164917,-0.0304563790559768,-0.165679931640625,0.6234976053237915,-0.2868850529193878,0.6712127923965454,0.2800377607345581,-1.6365138292312622,-0.0181865878403186,-2.3167383670806885,2
2023-10-21 17:49:29.980,0.0951893925666809,0.0300357639789581,-0.1838798522949218,0.6216796040534973,-0.2851808071136474,0.6733400225639343,0.2807127237319946,-1.6403011083602903,-0.023450169712305,-2.3184654712677,2
2023-10-21 17:49:30.000,0.0625725984573364,-0.0021343827247619,-0.2340993881225586,0.620527446269989,-0.2846483588218689,0.6748321652412415,0.2802189290523529,-1.6437299251556396,-0.0249398276209831,-2.3200838565826416,2
2023-10-21 17:49:30.060,-0.0058891177177429,0.0967157185077667,-0.1926326751708984,0.6204097867012024,-0.2855465710163116,0.6753655672073364,0.2782737016677856,-1.6461962461471558,-0.0215628463774919,-2.321580648422241,2
2023-10-21 17:49:30.080,-0.0442777276039123,0.0960938036441803,-0.1890192031860351,0.621055006980896,-0.2861312627792358,0.6750205159187317,0.2770682871341705,-1.645927667617798,-0.0186481550335884,-2.3224432468414307,2
2023-10-21 17:49:30.100,-0.0130830407142639,0.1168910861015319,-0.1461734771728515,0.621119499206543,-0.2861897349357605,0.674985945224762,0.2769477367401123,-1.6459007263183594,-0.0183566380292177,-2.322529554367065,2
2023-10-21 17:49:30.160,0.0179113149642944,-0.0293570756912231,-0.1259241104125976,0.6213428378105164,-0.2852338552474975,0.6751247048377991,0.2770946323871612,-1.645182728767395,-0.0196920838207006,-2.323827028274536,2
2023-10-21 17:49:30.210,0.0286588668823242,-0.0297227799892425,-0.1433229446411132,0.620869517326355,-0.2846784889698028,0.6756539940834045,0.2774364352226257,-1.6459846496582031,-0.0214073024690151,-2.3242082595825195,2
2023-10-21 17:49:30.230,0.042166531085968,-0.0013009309768676,-0.1552228927612304,0.620865523815155,-0.2846741378307342,0.6756583452224731,0.2774392068386078,-1.645991563796997,-0.0214211642742156,-2.3242111206054688,2
2023-10-21 17:49:30.250,0.0915725827217102,0.0212145447731018,-0.1460275650024414,0.6212232708930969,-0.284800112247467,0.6752117276191711,0.2775962352752685,-1.644924521446228,-0.0210251212120056,-2.3237674236297607,2
2023-10-21 17:49:30.310,0.3916436433792114,0.1714417040348053,-0.2583684921264648,0.6215649247169495,-0.284020334482193,0.6743562817573547,0.2797019779682159,-1.6417243480682373,-0.0241657476872205,-2.3218343257904053,2
2023-10-21 17:49:30.330,0.5065010786056519,0.2717737555503845,-0.3234777450561523,0.6215824484825134,-0.2840239405632019,0.6743140816688538,0.2797610163688659,-1.6416144371032717,-0.0242073629051446,-2.321739196777344,2
2023-10-21 17:49:30.360,0.7438847422599792,0.1491602063179016,-0.4056501388549804,0.6207968592643738,-0.2824126482009887,0.6748369932174683,0.2818678915500641,-1.6412094831466677,-0.0297924242913723,-2.3211395740509038,2
2023-10-21 17:49:30.380,0.7901695370674133,0.1899026036262512,-0.263345718383789,0.6202712655067444,-0.2818401455879211,0.6752868890762329,0.2825196981430053,-1.6417845487594604,-0.0319344438612461,-2.3210785388946533,2
2023-10-21 17:49:30.400,0.8706543445587158,0.1756189465522766,-0.1911201477050781,0.6202157735824585,-0.2817846238613128,0.6753361225128174,0.2825790047645569,-1.6418557167053225,-0.0321426019072532,-2.3210785388946533,2
2023-10-21 17:49:30.460,1.0016549825668335,0.3232030570507049,-0.949162483215332,0.6215924024581909,-0.28265181183815,0.6741460561752319,0.281528115272522,-1.6396077871322632,-0.0281974487006664,-2.321250438690185,2
2023-10-21 17:49:30.480,0.8554130792617798,0.1392746567726135,-0.8443002700805664,0.6217001080513,-0.2827194035053253,0.6740480661392212,0.281456857919693,-1.6394189596176147,-0.0279011558741331,-2.3212478160858154,2
2023-10-21 17:49:30.500,0.6534003019332886,-0.1032224893569946,-0.7086009979248047,0.6223135590553284,-0.2831780314445495,0.6733637452125549,0.2812781631946563,-1.638087511062622,-0.0263570360839366,-2.3207740783691406,2
2023-10-21 17:49:30.530,0.6797547936439514,-0.4984004497528076,-0.9110336303710938,0.6223809719085693,-0.2832284569740295,0.6732884049415588,0.2812584936618805,-1.6379410028457642,-0.0261871647089719,-2.3207218647003174,2
2023-10-21 17:49:30.550,0.7503898739814758,-0.4096397459506988,-1.2536945343017578,0.6232127547264099,-0.2829962968826294,0.6723417639732361,0.2819140553474426,-1.6351237297058103,-0.0263544432818889,-2.3200762271881104,2
2023-10-21 17:49:30.610,0.2321182489395141,-0.2928207516670227,-2.2193007469177246,0.6298759579658508,-0.2769123315811157,0.6658924221992493,0.2883803844451904,-1.611018419265747,-0.0352270752191543,-2.3195619583129883,2
2023-10-21 17:49:30.630,-0.2087458372116089,-0.3753998875617981,-2.3752264976501465,0.6298759579658508,-0.2769123315811157,0.6658924221992493,0.2883803844451904,-1.611018419265747,-0.0352270752191543,-2.3195619583129883,2
2023-10-21 17:49:30.650,-0.3007694482803345,-0.4574887752532959,-2.495328426361084,0.6300393342971802,-0.276770144701004,0.6657510995864868,0.2884860038757324,-1.610484004020691,-0.0353749841451644,-2.319615364074707,2
2023-10-21 17:49:30.710,-0.154036283493042,0.1725520491600036,-2.258727550506592,0.6362457275390625,-0.2714505791664123,0.6611554622650146,0.2904812693595886,-1.5924381017684937,-0.0386976599693298,-2.3245532512664795,2
2023-10-21 17:49:30.760,-0.9029126167297364,0.4244970083236694,-0.4340944290161133,0.6470426917076111,-0.2628922164440155,0.6536105871200562,0.2915762662887573,-1.563428282737732,-0.0409611240029335,-2.3354992866516118,2
2023-10-21 17:49:30.780,-1.1668362617492676,0.0317145586013793,-0.6013641357421875,0.6476433873176575,-0.2624477744102478,0.6531620025634766,0.2916481792926788,-1.561787486076355,-0.0410534106194973,-2.3360342979431152,2
2023-10-21 17:49:30.800,-1.1840620040893557,-0.0587410330772399,-0.1436376571655273,0.6554126143455505,-0.2576485276222229,0.646328330039978,0.2937876880168915,-1.5390090942382812,-0.0420468039810657,-2.339531421661377,2
2023-10-21 17:49:30.860,-1.1385908126831057,-0.5970383882522583,0.5456972122192383,0.6663384437561035,-0.251856654882431,0.6354628801345825,0.2979063987731933,-1.5051783323287964,-0.0429866351187229,-2.3410024642944336,2
2023-10-21 17:49:30.880,-1.2556962966918943,-0.64804607629776,0.8089733123779297,0.6763165593147278,-0.2471192628145218,0.6240853071212769,0.3033901751041412,-1.4716370105743408,-0.0444356389343738,-2.338463306427002,2
2023-10-21 17:49:30.900,-1.554178237915039,-0.3988969027996063,1.2930965423583984,0.6773039698600769,-0.2466416805982589,0.622937798500061,0.3039338886737823,-1.4682824611663818,-0.0445757880806922,-2.3382067680358887,2
2023-10-21 17:49:30.910,-1.675199031829834,-0.2207595109939575,1.862997055053711,0.6875672340393066,-0.2420453578233719,0.6092942357063293,0.3121314644813537,-1.4298219680786133,-0.04753278195858,-2.330565452575684,2
2023-10-21 17:49:30.930,-1.5368385314941406,-0.2729395925998688,1.6967926025390625,0.6875672340393066,-0.2420453578233719,0.6092942357063293,0.3121314644813537,-1.4298219680786133,-0.04753278195858,-2.330565452575684,2
2023-10-21 17:49:30.950,-1.4369893074035645,-0.4472193419933319,1.4666633605957031,0.6886696815490723,-0.2415394634008407,0.6077920794487,0.3130201399326324,-1.425626516342163,-0.0478387549519538,-2.3297207355499268,2
2023-10-21 17:49:31.010,-1.0137553215026855,0.0418359041213989,0.828455924987793,0.714221179485321,-0.2272252738475799,0.5724775791168213,0.3324548602104187,-1.3267239332199097,-0.0560971237719059,-2.3141345977783203,2
2023-10-21 17:49:31.030,-0.9274864196777344,0.3071702122688293,0.7370700836181641,0.7143443822860718,-0.22714763879776,0.572307288646698,0.3325364589691162,-1.3262481689453125,-0.0561322830617427,-2.314085006713867,2
2023-10-21 17:49:31.050,-0.7866744995117188,0.4179235696792602,0.8039655685424805,0.7289117574691772,-0.2176311314105987,0.5531148910522461,0.3396885991096496,-1.272486925125122,-0.0585392899811267,-2.312647819519043,2
2023-10-21 17:49:31.080,-0.466073989868164,-0.2997943460941314,0.9085855484008788,0.7440364360809326,-0.2082263976335525,0.5322363376617432,0.3460868597030639,-1.2160758972167969,-0.0585774444043636,-2.311610460281372,2
2023-10-21 17:49:31.100,-0.1362538337707519,-0.6084967851638794,1.03025484085083,0.7575284242630005,-0.2013555467128753,0.5128328800201416,0.3501557111740112,-1.166368842124939,-0.0541040189564228,-2.311328887939453,2
2023-10-21 17:49:31.160,0.5288434028625488,0.3248310685157776,1.6702299118041992,0.7706186771392822,-0.1960702836513519,0.493406593799591,0.3524958491325378,-1.118904709815979,-0.0456725880503654,-2.3121819496154785,2
2023-10-21 17:49:31.180,0.6135616302490234,0.4616504609584808,1.4795894622802734,0.7789093255996704,-0.1927323341369629,0.4799356460571289,0.3547058701515198,-1.0866998434066772,-0.0402408055961132,-2.311249017715454,2
2023-10-21 17:49:31.200,0.5739140510559082,0.3476438820362091,1.3774490356445312,0.7797271013259888,-0.1923957169055938,0.4785814881324768,0.3549216985702514,-1.0834801197052002,-0.0396960005164146,-2.311165332794189,2
2023-10-21 17:49:31.260,0.1527352333068847,0.1566342711448669,1.1238656044006348,0.7887080907821655,-0.1813689023256302,0.4593788087368011,0.3660821318626404,-1.0323525667190552,-0.0502676740288734,-2.300999641418457,2
2023-10-21 17:49:31.310,0.3464794158935547,-0.3915185928344726,1.282660961151123,0.7919734716415405,-0.1730897128582,0.4512887299060821,0.3730369806289673,-1.0077065229415894,-0.062570683658123,-2.295701503753662,2
2023-10-21 17:49:31.330,0.8305177688598633,-0.3248262703418731,1.250258445739746,0.7919993996620178,-0.1730205565690994,0.4512225091457367,0.3730940818786621,-1.007504105567932,-0.0626735538244247,-2.295657157897949,2
2023-10-21 17:49:31.350,0.4818682670593261,0.0351510941982269,1.2005047798156738,0.7959219813346863,-0.1682582199573516,0.4426134526729584,0.3772145211696625,-0.985107958316803,-0.0661277994513511,-2.2919344902038574,2
2023-10-21 17:49:31.410,0.5193824768066406,0.2379843294620514,0.8907017707824707,0.8062415719032288,-0.1638751775026321,0.4224695563316345,0.3803143203258514,-0.9393761157989502,-0.0571275502443313,-2.289069652557373,2
2023-10-21 17:49:31.430,0.2125120162963867,0.0629295706748962,0.945087432861328,0.8067116141319275,-0.1637598723173141,0.4215512573719024,0.3803863823413849,-0.937382698059082,-0.0565208382904529,-2.288994312286377,2
2023-10-21 17:49:31.450,-0.0351581573486328,-0.0032739043235778,0.5998401641845703,0.8067585825920105,-0.1637483388185501,0.4214594066143036,0.3803935647010803,-0.9371833801269532,-0.0564601235091686,-2.288986921310425,2
2023-10-21 17:49:31.460,0.0477185249328613,-0.1650023460388183,0.5050787925720215,0.8106374144554138,-0.162380039691925,0.4135500788688659,0.3814131021499634,-0.9197179675102234,-0.052227932959795,-2.2879068851470947,2
2023-10-21 17:49:31.480,0.4568557739257812,0.0334531143307685,0.8369669914245605,0.8144104480743408,-0.160712793469429,0.4061359763145447,0.3820479810237884,-0.9030980467796326,-0.0485736094415187,-2.2878897190093994,2
2023-10-21 17:49:31.500,0.5006651878356934,0.3822306990623474,0.9547362327575684,0.8147466778755188,-0.1605592966079712,0.4054725170135498,0.3821001946926117,-0.9016106724739076,-0.0482506789267063,-2.287900924682617,2
2023-10-21 17:49:31.560,0.3517179489135742,0.2019253075122833,0.8096251487731934,0.820231556892395,-0.1594175994396209,0.3964057862758636,0.380353718996048,-0.8822618722915649,-0.0400408506393432,-2.2920992374420166,2
2023-10-21 17:49:31.580,0.4235730171203613,0.0833481773734092,0.7411017417907715,0.8205060958862305,-0.1593743860721588,0.3959926664829254,0.3802099227905273,-0.8813918828964233,-0.0395956970751285,-2.2924118041992188,2
2023-10-21 17:49:31.600,0.1555342674255371,0.2658339738845825,0.4717340469360351,0.8226550817489624,-0.1598111689090728,0.392716109752655,0.3787783980369568,-0.8751888871192932,-0.0345726944506168,-2.2947747707366943,2
2023-10-21 17:49:31.630,0.3689312934875488,0.1874991208314895,0.415320873260498,0.82289057970047,-0.1598590463399887,0.3923552632331848,0.3786205351352691,-0.8745059370994568,-0.0340210869908332,-2.295036554336548,2
2023-10-21 17:49:31.650,0.3080787658691406,0.0520306229591369,0.4127974510192871,0.8244263529777527,-0.1604030877351761,0.3896525204181671,0.3778400123119354,-0.8695461750030518,-0.0299760587513446,-2.296034336090088,2
2023-10-21 17:49:31.710,0.1366219520568847,-0.0916403084993362,0.1945719718933105,0.8260407447814941,-0.16360405087471,0.3856408596038818,0.3770565986633301,-0.86430823802948,-0.0205310992896556,-2.2946324348449707,2
2023-10-21 17:49:31.730,0.2489757537841797,-0.2046332359313964,0.2422471046447754,0.8260407447814941,-0.16360405087471,0.3856408596038818,0.3770565986633301,-0.86430823802948,-0.0205310992896556,-2.2946324348449707,2
2023-10-21 17:49:31.750,0.3125495910644531,-0.1333630234003067,0.3200826644897461,0.826106607913971,-0.1637713462114334,0.3854493498802185,0.3770354092121124,-0.864071786403656,-0.0200722888112068,-2.294520616531372,2
2023-10-21 17:49:31.810,0.6382431983947754,-0.263238787651062,0.5276637077331543,0.8283010721206665,-0.1664811968803405,0.3778026103973388,0.3787698447704315,-0.8511295914649963,-0.0104075465351343,-2.2885186672210693,2
2023-10-21 17:49:31.860,0.8313102722167969,-0.0306685119867324,0.3701009750366211,0.8292747735977173,-0.1667862683534622,0.3746317625045776,0.3796535134315491,-0.8450590372085571,-0.0078373458236455,-2.2864506244659424,2
2023-10-21 17:49:31.880,0.5971927642822266,-0.1080261543393135,0.6239938735961914,0.8293132781982422,-0.166792020201683,0.3745107352733612,0.3796863555908203,-0.844822347164154,-0.0077476380392909,-2.286378860473633,2
2023-10-21 17:49:31.900,0.4503169059753418,-0.2418348491191864,0.7628259658813477,0.8292794227600098,-0.1672925651073455,0.3744808137416839,0.3795694708824157,-0.8452155590057373,-0.0068184663541615,-2.2861649990081787,2
2023-10-21 17:49:31.960,0.6745047569274902,-0.127165287733078,0.8195185661315918,0.8294271230697632,-0.1671976447105407,0.3745016455650329,0.3792680203914642,-0.8451730012893677,-0.0067165102809667,-2.286854982376098,2
2023-10-21 17:49:31.980,0.4363355636596679,-0.2014563977718353,0.606689453125,0.8293832540512085,-0.167085975408554,0.3750385046005249,0.3788825571537018,-0.8461467027664185,-0.0070345387794077,-2.2877309322357178,2
2023-10-21 17:49:32.000,0.2851853370666504,0.0171488150954246,0.7974443435668945,0.8293787837028503,-0.1670747995376587,0.3750921487808227,0.3788439929485321,-0.8462439775466919,-0.0070662787184119,-2.287818431854248,2
2023-10-21 17:49:32.010,0.1548042297363281,-0.0709585845470428,0.3812747001647949,0.8293896317481995,-0.1673502326011657,0.3752073049545288,0.3785845041275024,-0.8467240929603577,-0.0064982930198311,-2.2880921363830566,2
2023-10-21 17:49:32.030,0.0923023223876953,-0.0792926400899887,0.4036293029785156,0.8293896317481995,-0.1673502326011657,0.3752073049545288,0.3785845041275024,-0.8467240929603577,-0.0064982930198311,-2.2880921363830566,2
2023-10-21 17:49:32.050,0.1137714385986328,-0.1586006879806518,0.5886049270629883,0.8293908834457397,-0.1673806458711624,0.3752193748950958,0.3785563707351684,-0.8467757701873779,-0.0064354385249316,-2.288121223449707,2
2023-10-21 17:49:32.110,0.3070020675659179,0.0748834013938903,0.5460786819458008,0.8302595615386963,-0.1686012297868728,0.3733009397983551,0.3780068755149841,-0.8440497517585754,-0.0022550541907548,-2.2881205081939697,2
2023-10-21 17:49:32.130,0.0886096954345703,0.0573134422302246,0.2938799858093261,0.83026522397995,-0.1685949712991714,0.3732880353927612,0.3780100047588348,-0.8440183401107788,-0.0022561270743608,-2.2881200313568115,2
2023-10-21 17:49:32.150,-0.2529263496398926,-0.0328244566917419,0.1652259826660156,0.8312928676605225,-0.1675552874803543,0.3706033825874328,0.3788543939590454,-0.8377206921577454,-0.0022344011813402,-2.287351369857788,2
2023-10-21 17:49:32.180,-0.6532111167907715,-0.1749294102191925,-0.1813802719116211,0.8328007459640503,-0.1657470166683197,0.3668537437915802,0.3799857199192047,-0.8286178708076477,-0.0027298962231725,-2.28667426109314,2
2023-10-21 17:49:32.200,-0.6722288131713867,-0.1125102341175079,-0.4590096473693847,0.8343945741653442,-0.16433185338974,0.3630492091178894,0.3807573020458221,-0.819779634475708,-0.0022320467978715,-2.286355495452881,2
2023-10-21 17:49:32.260,-0.3216791152954101,-0.0863472521305084,-0.3378024101257324,0.8363353610038757,-0.1623389422893524,0.359108030796051,0.3810912668704986,-0.8101682066917419,-0.0021662728395313,-2.28740668296814,2
2023-10-21 17:49:32.280,-0.1903495788574218,-0.101721704006195,-0.6205716133117676,0.8370270133018494,-0.160999059677124,0.3583511412143707,0.3808538317680359,-0.8074659109115601,-0.0034377046395093,-2.2890400886535645,2
2023-10-21 17:49:32.300,-0.4094319343566894,0.0108682215213775,-0.3241314888000488,0.837096095085144,-0.1608650386333465,0.3582753837108612,0.3808300495147705,-0.8071959018707275,-0.0035650804638862,-2.28920316696167,2
2023-10-21 17:49:32.360,-0.5028553009033203,0.0212844908237457,-0.0586090087890625,0.8371988534927368,-0.1564866006374359,0.3612615168094635,0.3796052634716034,-0.8092300295829773,-0.0122530544176697,-2.2954461574554443,2
2023-10-21 17:49:32.410,-0.4301838874816894,0.2203423976898193,0.0125808715820312,0.8359566926956177,-0.1547162234783172,0.3666217625141144,0.3779256045818329,-0.8183606266975403,-0.0184404272586107,-2.30041241645813,2
2023-10-21 17:49:32.430,-0.6655855178833008,0.218999445438385,-0.1558780670166015,0.8359453082084656,-0.1547024846076965,0.366668701171875,0.3779109418392181,-0.8184423446655273,-0.0184916667640209,-2.300454616546631,2
2023-10-21 17:49:32.450,-0.8430180549621582,-0.0396462678909301,-0.3517827987670898,0.8336919546127319,-0.1538642048835754,0.374158650636673,0.3758841753005981,-0.8327174186706543,-0.0247324593365192,-2.305380821228028,2
2023-10-21 17:49:32.510,-0.8219380378723145,-0.0382110774517059,-0.798884391784668,0.8270664811134338,-0.1538653820753097,0.3929563760757446,0.3713108897209167,-0.870728075504303,-0.0373128205537796,-2.3149898052215576,2
2023-10-21 17:49:32.530,-0.8152284622192383,-0.0999481678009033,-1.069295883178711,0.8267389535903931,-0.1539296805858612,0.3938081562519073,0.3711113333702087,-0.8725174069404602,-0.0377830155193805,-2.3153555393218994,2
2023-10-21 17:49:32.550,-0.7892780303955078,-0.1459112167358398,-1.1235756874084473,0.8267061114311218,-0.1539361029863357,0.3938933312892914,0.3710913360118866,-0.8726963996887207,-0.0378300175070762,-2.315392255783081,2
2023-10-21 17:49:32.560,-0.6964139938354492,-0.1577621102333068,-1.0943593978881836,0.8234006762504578,-0.1555980145931244,0.4019190967082977,0.3691364526748657,-0.8905091285705566,-0.0404980294406414,-2.31803035736084,2
2023-10-21 17:49:32.580,-0.7037124633789062,-0.1057684421539306,-0.8778324127197266,0.8202241063117981,-0.1575137972831726,0.4099774956703186,0.3665246963500976,-0.9087124466896056,-0.0421529971063137,-2.321706295013428,2
2023-10-21 17:49:32.600,-0.7381329536437988,-0.014928787946701,-0.625514030456543,0.8199366927146912,-0.1576882153749466,0.4107016921043396,0.3662818372249603,-0.9103548526763916,-0.0422890447080135,-2.3220484256744385,2
2023-10-21 17:49:32.660,-0.689936637878418,0.2497188448905944,-0.3828678131103515,0.8144567012786865,-0.1597820520401001,0.4248013198375702,0.3614884316921234,-0.9413794875144958,-0.0468675382435321,-2.330004930496216,2
2023-10-21 17:49:32.680,-0.6685819625854492,0.2625683844089508,-0.4190225601196289,0.8141916394233704,-0.1598693877458572,0.4254960119724273,0.3612298369407654,-0.9429031610488892,-0.047092467546463,-2.330453872680664,2
2023-10-21 17:49:32.700,-0.5775308609008789,0.1373622119426727,-0.6187286376953125,0.8117124438285828,-0.1615503877401352,0.4320534765720367,0.3582657873630523,-0.9580618739128112,-0.0473327338695526,-2.3348710536956787,2
2023-10-21 17:49:32.730,-0.6020450592041016,-0.0486886799335479,-0.9090414047241212,0.8114365935325623,-0.1617346853017807,0.4327731132507324,0.3579383790493011,-0.9597291350364684,-0.047355018556118,-2.335356950759888,2
2023-10-21 17:49:32.750,-0.5031826496124268,-0.2245316505432129,-1.0858020782470703,0.8076135516166687,-0.1651684939861297,0.4413345754146576,0.3545469343662262,-0.9806536436080932,-0.0461794026196002,-2.338899612426758,2
2023-10-21 17:49:32.810,-0.3968088626861572,0.0670894086360931,-0.9602909088134766,0.7964125275611877,-0.1747453957796096,0.4640648066997528,0.3461720943450928,-1.0371392965316772,-0.0429669506847858,-2.3460593223571777,2
2023-10-21 17:49:32.830,-0.3222174644470215,-0.0216803848743438,-1.0515756607055664,0.7964125275611877,-0.1747453957796096,0.4640648066997528,0.3461720943450928,-1.0371392965316772,-0.0429669506847858,-2.3460593223571777,2
2023-10-21 17:49:32.850,-0.1428890228271484,-0.0669449269771575,-1.0723247528076172,0.795825719833374,-0.175194650888443,0.4651858806610107,0.3457895219326019,-1.0399270057678225,-0.0428771004080772,-2.3463566303253174,2
2023-10-21 17:49:32.910,0.1073272228240966,-0.2332664728164672,-1.2006025314331057,0.7844066023826599,-0.1823780387639999,0.4858197271823883,0.3397407829761505,-1.090680480003357,-0.0440026633441448,-2.350839138031006,2
2023-10-21 17:49:32.960,0.20894455909729,-0.2437056601047516,-1.2012262344360352,0.7710257172584534,-0.1920669078826904,0.5077937245368958,0.3328290581703186,-1.1473865509033203,-0.0418521724641323,-2.3536252975463867,2
2023-10-21 17:49:32.980,0.3608705997467041,-0.1637343466281891,-1.1257991790771484,0.7703292369842529,-0.1925909668207168,0.50888592004776,0.332470566034317,-1.1502686738967896,-0.0416743382811546,-2.353722333908081,2
2023-10-21 17:49:33.000,0.591498851776123,-0.0014486759901046,-1.0304441452026367,0.7626986503601074,-0.1986039727926254,0.5203863382339478,0.3287023305892944,-1.1812158823013306,-0.039164450019598,-2.3540141582489014,2
2023-10-21 17:49:33.060,0.7255651354789734,0.2645888328552246,-1.2291946411132812,0.7529792785644531,-0.2056607007980346,0.5341992378234863,0.3245876431465149,-1.2186568975448608,-0.0370809473097324,-2.3534703254699707,2
2023-10-21 17:49:33.080,0.7496248483657837,0.3120769560337066,-1.3842172622680664,0.7449124455451965,-0.210793912410736,0.5451300144195557,0.3217214345932007,-1.2482188940048218,-0.0367222391068935,-2.352652072906494,2
2023-10-21 17:49:33.100,0.6842473149299622,0.2696005702018738,-1.321537971496582,0.7440967559814453,-0.2113047093153,0.5462165474891663,0.3214309513568878,-1.251175045967102,-0.0366877354681491,-2.352569818496704,2
2023-10-21 17:49:33.110,0.6024813652038574,0.2876358032226562,-1.0425777435302734,0.7355318665504456,-0.2163985073566436,0.5572997331619263,0.3187187612056732,-1.2814019918441772,-0.036916147917509,-2.3513312339782715,2
2023-10-21 17:49:33.130,0.4571560025215149,0.2217072993516922,-0.8777866363525391,0.7355318665504456,-0.2163985073566436,0.5572997331619263,0.3187187612056732,-1.2814019918441772,-0.036916147917509,-2.3513312339782715,2
2023-10-21 17:49:33.150,0.3847885727882385,0.0897516757249832,-0.7052268981933594,0.7345885634422302,-0.2169502526521682,0.5584993362426758,0.3184192478656769,-1.2846944332122805,-0.0369439423084259,-2.3511962890625,2
2023-10-21 17:49:33.210,1.0377966165542605,-0.1558013558387756,-1.018659591674805,0.7133486270904541,-0.2319065332412719,0.5835723876953125,0.3111211955547333,-1.3577531576156616,-0.0322686694562435,-2.345088005065918,2
2023-10-21 17:49:33.230,1.011028289794922,-0.2578486204147339,-1.024152755737305,0.7132484912872314,-0.2319790124893188,0.5836849212646484,0.3110856711864471,-1.3580909967422483,-0.0322402529418468,-2.345055103302002,2
2023-10-21 17:49:33.250,0.6596124172210693,-0.144091248512268,-0.5909223556518555,0.7033469080924988,-0.239527940750122,0.5940541625022888,0.3082681894302368,-1.390288472175598,-0.0293177347630262,-2.339902400970459,2
2023-10-21 17:49:33.280,0.1609949171543121,0.2951663434505462,-0.0523443222045898,0.6927527189254761,-0.2474294900894165,0.6043993830680847,0.3058981299400329,-1.423248052597046,-0.0269576478749513,-2.3331987857818604,2
2023-10-21 17:49:33.300,0.1856103539466858,0.2701176106929779,-0.1075286865234375,0.6916987895965576,-0.2482043206691742,0.6054046154022217,0.3056677877902984,-1.4264848232269287,-0.0267433207482099,-2.3325209617614746,2
2023-10-21 17:49:33.360,0.2873431146144867,0.123027816414833,-0.4226703643798828,0.672863245010376,-0.2614835500717163,0.6234449744224548,0.3003293871879577,-1.4847829341888428,-0.0225942581892013,-2.3227014541625977,2
2023-10-21 17:49:33.380,0.3241181969642639,0.2170903235673904,-0.6007537841796875,0.6651240587234497,-0.2667631804943084,0.6310908198356628,0.2969376146793365,-1.5096224546432495,-0.0199292972683906,-2.3205606937408447,2
2023-10-21 17:49:33.400,0.3095388412475586,0.2737279534339905,-0.7330770492553711,0.664344310760498,-0.2672888040542602,0.6318498849868774,0.296595811843872,-1.5121064186096191,-0.0196657348424196,-2.320343017578125,2
2023-10-21 17:49:33.460,0.1066412627696991,0.1633747369050979,-0.3288040161132812,0.6510926485061646,-0.275268405675888,0.6458485722541809,0.2884186208248138,-1.5565805435180664,-0.0140994992107152,-2.321497678756714,2
2023-10-21 17:49:33.510,0.1261169910430908,-0.1358989030122757,-0.1039266586303711,0.6455126404762268,-0.2777817845344543,0.6517177820205688,0.2853324711322784,-1.574594259262085,-0.0132895745337009,-2.3225290775299072,2
2023-10-21 17:49:33.530,0.1013450920581817,-0.0127187818288803,-0.1724691390991211,0.6454675793647766,-0.2778014540672302,0.6517647504806519,0.2853081822395324,-1.574738621711731,-0.013284359127283,-2.3225371837615967,2
2023-10-21 17:49:33.550,-0.0230090022087097,0.0604255944490432,-0.2179107666015625,0.642791748046875,-0.2793187797069549,0.6540452241897583,0.2846484184265136,-1.5823858976364136,-0.0132586369290947,-2.321252584457397,2
2023-10-21 17:49:33.610,-0.0002679824829101,0.1624621897935867,-0.348428726196289,0.6367359757423401,-0.2830507159233093,0.6588448286056519,0.2835018038749695,-1.5991910696029663,-0.0131106255576014,-2.317300319671631,2
2023-10-21 17:49:33.630,0.0404536724090576,0.1404567509889602,-0.3157863616943359,0.6364591717720032,-0.2832026779651642,0.6590709090232849,0.2834459841251373,-1.599959373474121,-0.0131284790113568,-2.317152261734009,2
2023-10-21 17:49:33.650,0.073671281337738,0.0923616588115692,-0.2355356216430664,0.6364315152168274,-0.2832178771495819,0.6590934991836548,0.2834404110908508,-1.6000362634658811,-0.0131302671507,-2.3171374797821045,2
2023-10-21 17:49:33.660,0.1177801191806793,0.0281063616275787,-0.1719245910644531,0.6343039274215698,-0.283834844827652,0.6610068082809448,0.2831366062164306,-1.605791449546814,-0.0142357982695102,-2.316667079925537,2
2023-10-21 17:49:33.680,0.0903039276599884,0.0008513182401657,-0.1412220001220703,0.6331080198287964,-0.2837226688861847,0.6622273921966553,0.2830737233161926,-1.6088975667953491,-0.0156648010015487,-2.316957473754883,2
2023-10-21 17:49:33.700,0.0935128927230835,-0.0308301001787185,-0.1393585205078125,0.6330096125602722,-0.2837052345275879,0.6623302102088928,0.2830704152584076,-1.6091504096984863,-0.0157965440303087,-2.316991090774536,2
2023-10-21 17:49:33.760,-0.0415096282958984,-0.0392105281352996,-0.2305126190185547,0.6330656409263611,-0.2829837799072265,0.6627011895179749,0.2827989161014557,-1.6093164682388306,-0.0165284946560859,-2.318535566329956,2
2023-10-21 17:49:33.780,-0.0292071104049682,-0.0652015209197998,-0.1624708175659179,0.6330785751342773,-0.2829724848270416,0.6626965403556824,0.2827922105789184,-1.6092913150787354,-0.016523964703083,-2.318563222885132,2
2023-10-21 17:49:33.800,0.0421519875526428,-0.0433746427297592,-0.164459228515625,0.6329401135444641,-0.2834888994693756,0.6625145673751831,0.2830114662647247,-1.6093939542770386,-0.0161361545324325,-2.3174216747283936,2
2023-10-21 17:49:33.850,0.1249342560768127,-0.0931470394134521,-0.2011756896972656,0.6325432658195496,-0.2838157713413238,0.6625403165817261,0.2835103571414947,-1.6098337173461914,-0.0166233386844396,-2.3161542415618896,2
2023-10-21 17:49:33.910,0.1494785845279693,-0.0375000089406967,-0.1949357986450195,0.629209578037262,-0.2828953564167022,0.6651349663734436,0.2857639491558075,-1.6156930923461914,-0.0241446103900671,-2.3142247200012207,2
2023-10-21 17:49:33.930,0.2666831314563751,-0.002540498971939,-0.2521905899047851,0.629209578037262,-0.2828953564167022,0.6651349663734436,0.2857639491558075,-1.6156930923461914,-0.0241446103900671,-2.3142247200012207,2
2023-10-21 17:49:33.950,0.3720162510871887,0.0199228823184967,-0.2653427124023437,0.6287517547607422,-0.2825700342655182,0.6655355095863342,0.2861607074737549,-1.6163936853408811,-0.025570198893547,-2.314140558242798,2
2023-10-21 17:49:34.010,0.4507437944412231,0.1272170394659042,-0.1878290176391601,0.629954993724823,-0.2826709747314453,0.6643486022949219,0.2861727476119995,-1.6133453845977783,-0.0240992680191993,-2.3139331340789795,2
2023-10-21 17:49:34.060,0.3713250458240509,0.1110372096300125,-0.4501066207885742,0.6293720602989197,-0.2837066054344177,0.6652431488037109,0.2843466401100158,-1.616898775100708,-0.0212068948894739,-2.315110445022583,2
2023-10-21 17:49:34.080,0.4321576356887817,-0.0280096381902694,-0.4586315155029297,0.6292937397956848,-0.2838024795055389,0.6653319597244263,0.284216433763504,-1.6172442436218262,-0.0210078619420528,-2.315160036087036,2
2023-10-21 17:49:34.100,0.4377672970294952,-0.067941203713417,-0.373666763305664,0.6298551559448242,-0.2839547395706177,0.6649069786071777,0.2838151156902313,-1.6162840127944946,-0.0197218619287014,-2.315520763397217,2
2023-10-21 17:49:34.160,0.7074665427207947,-0.0743930488824844,-0.7339668273925781,0.6318579316139221,-0.2839939892292022,0.6631261110305786,0.2834905385971069,-1.6115912199020386,-0.0170930903404951,-2.3159167766571045,2
2023-10-21 17:49:34.180,0.5615016222000122,0.0412551909685134,-0.8831110000610352,0.6332718729972839,-0.2837546467781067,0.6617734432220459,0.2837356626987457,-1.6077311038970947,-0.0161504913121461,-2.3158934116363525,2
2023-10-21 17:49:34.200,0.4422053098678589,0.1133659332990646,-1.0272598266601562,0.6334131956100464,-0.2837306559085846,0.6616380214691162,0.283760130405426,-1.6073451042175293,-0.0160561837255954,-2.3158912658691406,2
2023-10-21 17:49:34.210,0.4498146772384643,0.0630354583263397,-1.1056766510009766,0.6353643536567688,-0.2826733589172363,0.6596498489379883,0.2850790023803711,-1.6008894443511963,-0.0169042944908142,-2.315492391586304,2
2023-10-21 17:49:34.230,0.4901782274246216,-0.1085413545370101,-1.081012725830078,0.6353643536567688,-0.2826733589172363,0.6596498489379883,0.2850790023803711,-1.6008894443511963,-0.0169042944908142,-2.315492391586304,2
2023-10-21 17:49:34.250,0.4256832599639892,-0.2363070845603943,-1.0563583374023438,0.6355770230293274,-0.2825571298599243,0.6594321727752686,0.2852236330509186,-1.600183367729187,-0.0169984828680753,-2.315448045730591,2
2023-10-21 17:49:34.310,0.1759387254714965,0.0121601670980453,-2.059098243713379,0.6444665789604187,-0.2757588028907776,0.6508766412734985,0.2915126979351043,-1.5701627731323242,-0.024045281112194,-2.3160400390625,2
2023-10-21 17:49:34.330,0.1511561870574951,-0.199244812130928,-2.330657958984375,0.6459507942199707,-0.2730940282344818,0.6493179202079773,0.2941997349262237,-1.5631811618804932,-0.0292518734931945,-2.3158650398254395,2
2023-10-21 17:49:34.350,-0.0173437595367431,-0.2327454686164856,-2.373364925384521,0.6480761170387268,-0.2713516652584076,0.6476077437400818,0.2949065864086151,-1.5568445920944214,-0.0302591305226087,-2.317342758178711,2
2023-10-21 17:49:34.400,0.0033206939697265,0.0543236434459686,-1.3456320762634275,0.6532139778137207,-0.2680379450321197,0.6426697373390198,0.2973932325839996,-1.5405136346817017,-0.0320845171809196,-2.3182530403137207,2
2023-10-21 17:49:34.460,-1.1165482997894287,-0.0123237967491149,-0.2150106430053711,0.6631283164024353,-0.2630841732025146,0.6329057216644287,0.3007955849170685,-1.5102946758270264,-0.0318387597799301,-2.3198726177215576,2
2023-10-21 17:49:34.480,-1.0208888053894043,0.0811129957437515,0.4111433029174804,0.6696518063545227,-0.2599174976348877,0.6260539293289185,0.3034237027168274,-1.489667534828186,-0.0318161286413669,-2.320058584213257,2
2023-10-21 17:49:34.500,-0.8694915771484375,-0.1578996330499649,0.4937524795532226,0.6702951788902283,-0.2596019804477691,0.6253702044487,0.3036829829216003,-1.4876205921173096,-0.0318140424787998,-2.3200762271881104,2
2023-10-21 17:49:34.560,-0.972064971923828,-0.1160422563552856,1.2533512115478516,0.6885566711425781,-0.2523049712181091,0.6033127903938293,0.3134416937828064,-1.4255053997039795,-0.0307590588927268,-2.3138136863708496,2
2023-10-21 17:49:34.610,-1.228895664215088,0.0603355765342712,1.212005615234375,0.7007365822792053,-0.2464579343795776,0.5874451994895935,0.3211464583873749,-1.3812339305877686,-0.031913124024868,-2.3084988594055176,2
2023-10-21 17:49:34.630,-1.31815767288208,0.0086201727390289,1.1312265396118164,0.7008368372917175,-0.2464079856872558,0.5873113870620728,0.3212106823921203,-1.3808634281158447,-0.0319232307374477,-2.3084540367126465,2
2023-10-21 17:49:34.650,-1.440213680267334,-0.0139447450637817,1.0468497276306152,0.7120177745819092,-0.2400456517934799,0.5721474885940552,0.32871875166893,-1.3385273218154907,-0.0343244113028049,-2.3037102222442627,2
2023-10-21 17:49:34.710,-0.5495672225952148,-0.2501448094844818,0.7097454071044922,0.7421801090240479,-0.2209304720163345,0.531627357006073,0.343119353055954,-1.226691961288452,-0.0368912443518638,-2.3014705181121826,2
2023-10-21 17:49:34.730,-0.7260046005249023,-0.2247984409332275,0.6507401466369629,0.7436166405677795,-0.2199717313051223,0.5296482443809509,0.3436854183673858,-1.2213222980499268,-0.0369238704442977,-2.301562786102295,2
2023-10-21 17:49:34.750,-0.7118606567382812,-0.1355145871639251,0.6960692405700684,0.7437599301338196,-0.2198757380247116,0.5294500589370728,0.3437418639659881,-1.220785140991211,-0.0369271822273731,-2.301571846008301,2
2023-10-21 17:49:34.760,-0.5370678901672363,-0.1531993746757507,0.6068692207336426,0.757660448551178,-0.2113160490989685,0.5098978877067566,0.3482819497585296,-1.1691454648971558,-0.0349719561636447,-2.302985191345215,2
2023-10-21 17:49:34.780,-0.6202659606933594,0.0970227718353271,0.7728252410888672,0.7713858485221863,-0.2039079815149307,0.4892595410346985,0.3521513044834137,-1.1171003580093384,-0.0300078131258487,-2.3038246631622314,2
2023-10-21 17:49:34.800,-0.1068744659423828,0.4149510562419891,0.8700127601623535,0.7725986838340759,-0.2032472640275955,0.4873780012130737,0.3524833917617798,-1.112412452697754,-0.0295324642211198,-2.303906202316284,2
2023-10-21 17:49:34.860,0.3418698310852051,0.1696694493293762,0.6750397682189941,0.7930024266242981,-0.188684195280075,0.4548151791095733,0.3587318956851959,-1.0294718742370603,-0.0270626787096261,-2.307250738143921,2
2023-10-21 17:49:34.880,0.2147912979125976,0.1670593619346618,1.231828689575195,0.7938328385353088,-0.1879255622625351,0.4534505307674408,0.3590209484100342,-1.025904655456543,-0.0272368788719177,-2.3074662685394287,2
2023-10-21 17:49:34.900,0.3542003631591797,0.4870408773422241,1.2713065147399902,0.8002147078514099,-0.1798335611820221,0.4424003362655639,0.3627649545669555,-0.9953813552856444,-0.0331698395311832,-2.308368444442749,2
2023-10-21 17:49:34.950,0.3196239471435547,-0.2537463307380676,1.333024501800537,0.8057264685630798,-0.1722242087125778,0.4310989677906036,0.3678279519081116,-0.9649817943572998,-0.0396196469664573,-2.30582594871521,2
2023-10-21 17:49:35.010,0.3256669044494629,0.084081582725048,1.4260597229003906,0.8158780336380005,-0.1610321700572967,0.4064663350582123,0.378413587808609,-0.904180347919464,-0.0448745861649513,-2.294828176498413,2
2023-10-21 17:49:35.030,0.3801279067993164,-0.1604084372520446,1.4416098594665527,0.8158780336380005,-0.1610321700572967,0.4064663350582123,0.378413587808609,-0.904180347919464,-0.0448745861649513,-2.294828176498413,2
2023-10-21 17:49:35.050,0.5477199554443359,0.013461634516716,1.343287467956543,0.8163837194442749,-0.1605075299739837,0.4051783978939056,0.3789268136024475,-0.90107923746109,-0.0450096391141414,-2.294245958328247,2
2023-10-21 17:49:35.110,0.2442464828491211,0.3798502087593078,1.2953171730041504,0.8274332284927368,-0.1551557034254074,0.3743304908275604,0.3887899518013,-0.8338868618011475,-0.0343166291713714,-2.2782766819000244,2
2023-10-21 17:49:35.160,0.5886998176574707,0.6990958452224731,0.8847341537475586,0.8387439250946045,-0.1486989110708236,0.3417009115219116,0.3970361948013305,-0.763484001159668,-0.0218964125961065,-2.2661478519439697,2
2023-10-21 17:49:35.180,0.5298371315002441,0.3428401947021484,0.4546451568603515,0.8392915725708008,-0.1484143733978271,0.3401345610618591,0.3973302841186523,-0.7601602077484131,-0.0211672503501176,-2.2657463550567627,2
2023-10-21 17:49:35.200,0.4287829399108886,-0.048212707042694,0.4011774063110351,0.8441318273544312,-0.1468413472175598,0.3259035050868988,0.3995822668075561,-0.7309992909431458,-0.0125439325347542,-2.262166738510132,2
2023-10-21 17:49:35.260,0.4591217041015625,0.2050632089376449,0.5422396659851074,0.8490828275680542,-0.1447871178388595,0.311180055141449,0.4015744924545288,-0.7006650567054749,-0.0040514431893825,-2.2595229148864746,2
2023-10-21 17:49:35.280,0.6991114616394043,0.0985310226678848,-0.0750813484191894,0.8524206876754761,-0.1434902250766754,0.3006387948989868,0.4029960930347442,-0.6792313456535339,0.0023155531380325,-2.2575254440307617,2
2023-10-21 17:49:35.300,0.2102084159851074,-0.0586099922657012,0.5173640251159668,0.8527485728263855,-0.1433595418930053,0.2995825707912445,0.4031354784965515,-0.6770886778831482,0.0029545766301453,-2.257333278656006,2
2023-10-21 17:49:35.310,0.1942930221557617,-0.2724533677101135,0.6368379592895508,0.855035662651062,-0.1435594707727432,0.2917231023311615,0.4039832055568695,-0.6622439622879028,0.0097946152091026,-2.2554526329040527,2
2023-10-21 17:49:35.330,0.4285621643066406,-0.0686711370944976,0.507962703704834,0.855035662651062,-0.1435594707727432,0.2917231023311615,0.4039832055568695,-0.6622439622879028,0.0097946152091026,-2.2554526329040527,2
2023-10-21 17:49:35.350,0.3454022407531738,0.0584308505058288,0.3981165885925293,0.8552801609039307,-0.1435823142528534,0.2908689975738525,0.4040732681751251,-0.6606352925300598,0.0105416346341371,-2.255254030227661,2
2023-10-21 17:49:35.410,0.4386935234069824,-0.0073620975017547,0.4288582801818847,0.8585359454154968,-0.1449665129184723,0.2801342010498047,0.4042591750621795,-0.6414640545845032,0.0224261600524187,-2.253995180130005,2
2023-10-21 17:49:35.430,0.5851235389709473,-0.1310599744319915,0.3617229461669922,0.858550488948822,-0.1449751406908035,0.2800880670547485,0.4042575061321258,-0.6413843631744385,0.0224834401160478,-2.253993511199951,2
2023-10-21 17:49:35.450,0.646270751953125,0.1804383397102356,0.319922924041748,0.8590688109397888,-0.1460964083671569,0.2777140736579895,0.4043903946876526,-0.6379110217094421,0.0264069885015487,-2.252952814102173,2
2023-10-21 17:49:35.500,0.7473196983337402,-0.0958107709884643,0.545961856842041,0.8591455817222595,-0.146929070353508,0.2771203219890594,0.4043330550193786,-0.6375512480735779,0.0283729061484336,-2.2524874210357666,2
2023-10-21 17:49:35.560,0.9683718681335448,-0.1820830106735229,0.9729819297790528,0.8580456972122192,-0.1498552858829498,0.2781277298927307,0.4049025475978851,-0.6421913504600525,0.0319415554404258,-2.249153614044189,2
2023-10-21 17:49:35.580,1.035877704620361,-0.1214171648025512,0.8017706871032715,0.8570516109466553,-0.1512167155742645,0.2801186442375183,0.4051292240619659,-0.6472440958023071,0.0322381369769573,-2.2476367950439453,2
2023-10-21 17:49:35.600,0.8279557228088379,-0.0846874713897705,0.7225227355957031,0.8569527268409729,-0.1513509601354599,0.2803165018558502,0.4051513969898224,-0.6477455496788025,0.0322655849158763,-2.247487068176269,2
2023-10-21 17:49:35.660,0.9396429061889648,0.0243698060512542,0.8405981063842773,0.8538466691970825,-0.1564703732728958,0.2861584424972534,0.4056800901889801,-0.663658082485199,0.0350330173969268,-2.242426872253418,2
2023-10-21 17:49:35.710,0.5541672706604004,-0.0067595541477203,0.7071785926818848,0.8521602749824524,-0.1590697765350341,0.2893238365650177,0.405969887971878,-0.6721420288085938,0.0362002626061439,-2.23976469039917,2
2023-10-21 17:49:35.730,0.5669655799865723,0.0541217625141143,0.7416362762451172,0.852146327495575,-0.1590910702943802,0.2893496751785278,0.4059721231460571,-0.6722114682197571,0.0362098515033721,-2.2397427558898926,2
2023-10-21 17:49:35.750,0.4690885543823242,-0.1070564985275268,0.7328219413757324,0.8509424924850464,-0.16102235019207,0.2916196882724762,0.4061117470264435,-0.6783680319786072,0.0371897406876087,-2.237906217575073,2
2023-10-21 17:49:35.810,-0.2730050086975097,-0.0401442050933837,0.2310476303100586,0.8497167229652405,-0.1633624583482742,0.2943076491355896,0.4058043956756592,-0.6857046484947205,0.0387706570327281,-2.236655712127685,2
2023-10-21 17:49:35.830,-0.2771425247192383,-0.0086522996425628,0.2164187431335449,0.8496949076652527,-0.1634282767772674,0.2943489253520965,0.4057935774326324,-0.6858457326889038,0.0388483069837093,-2.2366256713867188,2
2023-10-21 17:49:35.850,-0.3518881797790527,-0.2606209814548492,0.2599153518676758,0.8496928215026855,-0.1634348779916763,0.2943530678749084,0.4057925641536712,-0.6858599185943604,0.038856104016304,-2.236622810363769,2
2023-10-21 17:49:35.860,-0.4144649505615234,-0.2576331198215484,-0.0449576377868652,0.8499084711074829,-0.1637983173131942,0.2933961451053619,0.4058873653411865,-0.6843887567520142,0.0402664579451084,-2.236168146133423,2
2023-10-21 17:49:35.880,-0.5136337280273438,-0.0554639175534248,-0.0972957611083984,0.8502313494682312,-0.1636947393417358,0.2921289205551147,0.4061667621135711,-0.6818884611129761,0.0410622097551822,-2.235702514648437,2
2023-10-21 17:49:35.900,-0.5959219932556152,0.1077780574560165,0.0256929397583007,0.850261390209198,-0.1636807173490524,0.2920117378234863,0.406193733215332,-0.6816530823707581,0.0411276966333389,-2.235660552978516,2
2023-10-21 17:49:35.960,-0.85430908203125,0.2816028594970703,0.2296066284179687,0.8513119220733643,-0.1615388095378875,0.2895556092262268,0.4066088497638702,-0.6749520301818848,0.0395784154534339,-2.236525297164917,2
2023-10-21 17:49:35.980,-0.5759587287902832,0.1866263747215271,-0.102816104888916,0.8513633012771606,-0.1613846123218536,0.2894662320613861,0.4066261351108551,-0.6746357083320618,0.039394985884428,-2.236610412597656,2
2023-10-21 17:49:36.000,-0.377936840057373,0.033083789050579,-0.2522292137145996,0.8514185547828674,-0.1601435542106628,0.2905449867248535,0.4062317609786987,-0.6754921674728394,0.0366493687033653,-2.238361120223999,2
2023-10-21 17:49:36.050,-0.860194206237793,0.0404130816459655,0.0918970108032226,0.8508039116859436,-0.1592335253953933,0.2946087121963501,0.4049485623836517,-0.6823276877403259,0.0323559008538723,-2.2416415214538574,2
2023-10-21 17:49:36.110,-0.7673988342285156,-0.058181032538414,-0.1726331710815429,0.8465510010719299,-0.157487154006958,0.312383621931076,0.401205450296402,-0.7146464586257935,0.0159824732691049,-2.250476598739624,2
2023-10-21 17:49:36.130,-0.7506999969482422,0.0281220376491546,-0.2469453811645507,0.8465510010719299,-0.157487154006958,0.312383621931076,0.401205450296402,-0.7146464586257935,0.0159824732691049,-2.250476598739624,2
2023-10-21 17:49:36.150,-0.8030476570129395,0.0937333852052688,-0.201207160949707,0.8462979793548584,-0.1573855131864547,0.3133679926395416,0.4010112583637237,-0.7164433598518372,0.0150624550879001,-2.250947952270508,2
2023-10-21 17:49:36.210,-0.4209232330322265,-0.0870235115289688,-0.3329448699951172,0.8398494124412537,-0.1576026082038879,0.3357931971549988,0.3963046371936798,-0.7600385546684265,-0.0014278893359005,-2.26037073135376,2
2023-10-21 17:49:36.230,-0.4463400840759277,-0.1127087026834487,-0.4563446044921875,0.8398185968399048,-0.1576105058193206,0.3358961343765259,0.3962796032428741,-0.7602464556694031,-0.0014891034225001,-2.26041579246521,2
2023-10-21 17:49:36.260,-0.8231916427612305,-0.118113026022911,-0.5369377136230469,0.8319123387336731,-0.1613194942474365,0.3599757552146911,0.3902759850025177,-0.8109067678451538,-0.012572769075632,-2.269691228866577,2
2023-10-21 17:49:36.280,-0.7736024856567383,-0.2060250788927078,-0.6909894943237305,0.8315046429634094,-0.1614940464496612,0.3611668348312378,0.3899722397327423,-0.8134225010871887,-0.0131243662908673,-2.270169734954834,2
2023-10-21 17:49:36.300,-0.7381625175476074,-0.2506552934646606,-0.814723014831543,0.8278266191482544,-0.1626010537147522,0.372803121805191,0.3863700926303863,-0.8375615477561951,-0.0188701022416353,-2.2766366004943848,2
2023-10-21 17:49:36.360,-0.3075652122497558,0.0607315599918365,-1.078229904174805,0.8229002356529236,-0.1645081043243408,0.3873079121112823,0.3817916810512543,-0.8683836460113525,-0.0249969772994518,-2.284382104873657,2
2023-10-21 17:49:36.380,-0.2662332057952881,0.1114583909511566,-1.084733009338379,0.8180941939353943,-0.1677485853433609,0.3999483585357666,0.3776554465293884,-0.8968921303749084,-0.0276205781847238,-2.289918899536133,2
2023-10-21 17:49:36.400,-0.254629373550415,0.1295417547225952,-1.047149658203125,0.817604124546051,-0.1680707037448883,0.4012078642845154,0.377237468957901,-0.8997440338134766,-0.0278742648661136,-2.2904767990112305,2
2023-10-21 17:49:36.410,-0.2519018650054931,0.1311857253313064,-1.044966697692871,0.8126588463783264,-0.1724320203065872,0.4134345948696136,0.3727261126041412,-0.9286547303199768,-0.0279425680637359,-2.295540332794189,2
2023-10-21 17:49:36.430,-0.1739394664764404,0.1271898001432418,-1.037763595581055,0.8126588463783264,-0.1724320203065872,0.4134345948696136,0.3727261126041412,-0.9286547303199768,-0.0279425680637359,-2.295540332794189,2
2023-10-21 17:49:36.450,-0.1137993335723877,0.0163690447807312,-1.0924272537231443,0.8121098279953003,-0.1729060411453247,0.4147604405879974,0.372229665517807,-0.9318035244941713,-0.027938513085246,-2.296091079711914,2
2023-10-21 17:49:36.510,-0.1991572380065918,0.1402375698089599,-0.9826984405517578,0.8003214001655579,-0.1834964007139206,0.4406958520412445,0.3627699315547943,-0.9951025247573853,-0.0260331537574529,-2.3045756816864014,2
2023-10-21 17:49:36.530,-0.2296125888824463,0.0845116674900055,-1.0791358947753906,0.8002646565437317,-0.1835428774356842,0.4408139288425445,0.3627282679080963,-0.9953914880752563,-0.0260285325348377,-2.3046112060546875,2
2023-10-21 17:49:36.550,-0.2540162801742553,-0.0691646635532379,-1.2181901931762695,0.7940292358398438,-0.1877923160791397,0.4529143571853637,0.3593333065509796,-1.0246496200561523,-0.027272654697299,-2.3069968223571777,2
2023-10-21 17:49:36.600,-0.0975641012191772,-0.2404678910970688,-1.6543331146240234,0.7852612137794495,-0.1936061829328537,0.4683825671672821,0.3556673228740692,-1.0627456903457642,-0.0291180331259965,-2.3081345558166504,2
2023-10-21 17:49:36.660,0.2176302671432495,-0.1193144023418426,-1.5996074676513672,0.7679927945137024,-0.2070702761411667,0.4950108826160431,0.349676102399826,-1.1325633525848389,-0.0281337052583694,-2.304954290390014,2
2023-10-21 17:49:36.680,0.3308256864547729,-0.0445188879966735,-1.5650653839111328,0.7601302266120911,-0.2128787189722061,0.5064845681190491,0.3469267785549164,-1.1631330251693726,-0.0277985967695713,-2.3035342693328857,2
2023-10-21 17:49:36.700,0.4605894088745117,0.0286458581686019,-1.3876667022705078,0.7593422532081604,-0.213450625538826,0.5076138377189636,0.3466501832008362,-1.1661585569381714,-0.0277682766318321,-2.303393602371216,2
2023-10-21 17:49:36.760,0.367573618888855,0.163731187582016,-1.2020273208618164,0.74212646484375,-0.223705917596817,0.5318228006362915,0.3411284685134887,-1.2298288345336914,-0.0308084934949874,-2.30163049697876,2
2023-10-21 17:49:36.780,0.3299436569213867,0.2013044506311416,-0.987628936767578,0.7412175536155701,-0.224200889468193,0.5330751538276672,0.3408247232437134,-1.2331269979476929,-0.0310120824724435,-2.3015968799591064,2
2023-10-21 17:49:36.810,0.1367619037628173,0.2211524099111557,-0.5701236724853516,0.7321231961250305,-0.2288404107093811,0.5455006957054138,0.3377228677272796,-1.2658002376556396,-0.0333835780620574,-2.30167293548584,2
2023-10-21 17:49:36.830,0.1021163612604141,0.1835332214832306,-0.4197664260864258,0.7320396304130554,-0.2288823276758194,0.5456130504608154,0.3376942873001098,-1.2660975456237793,-0.0334051698446273,-2.301674127578736,2
2023-10-21 17:49:36.850,0.0682781338691711,0.0928235501050949,-0.4554271697998047,0.723418653011322,-0.2336234301328659,0.5568562746047974,0.3346592485904693,-1.2965459823608398,-0.0347060784697532,-2.301304817199707,2
2023-10-21 17:49:36.910,0.2935904860496521,0.0154619961977005,-0.8917694091796875,0.7037680149078369,-0.2456662803888321,0.5804863572120667,0.327710896730423,-1.3638310432434082,-0.0346862487494945,-2.298166036605835,2
2023-10-21 17:49:36.930,0.5180087089538574,0.1821887195110321,-0.9744052886962892,0.7028864622116089,-0.2462098300457,0.5814983248710632,0.3274003863334656,-1.36678147315979,-0.0346573814749717,-2.2979936599731445,2
2023-10-21 17:49:36.950,0.6192800402641296,0.3503439426422119,-0.9750528335571288,0.7027982473373413,-0.246264174580574,0.5815994739532471,0.3273693323135376,-1.3670766353607178,-0.0346545204520225,-2.297976493835449,2
2023-10-21 17:49:36.960,0.5220759510993958,0.2877165973186493,-0.7132034301757812,0.694829523563385,-0.2514400780200958,0.5904989242553711,0.3245008885860443,-1.3935917615890503,-0.0338253192603588,-2.2960610389709477,2
2023-10-21 17:49:36.980,0.3910594582557678,-0.0809400528669357,-0.3189868927001953,0.6867973804473877,-0.256893128156662,0.5992218852043152,0.3213230967521667,-1.4202725887298584,-0.0322261787950992,-2.2940917015075684,2
2023-10-21 17:49:37.000,0.1710312664508819,-0.407661885023117,-0.0577173233032226,0.6860689520835876,-0.2573848664760589,0.6000009775161743,0.3210316896438598,-1.4226757287979126,-0.0320766121149063,-2.293911933898926,2
2023-10-21 17:49:37.060,0.3316329717636108,0.1157787442207336,-0.2774429321289062,0.6725353598594666,-0.2646945416927337,0.6152662038803101,0.3147706985473633,-1.4677953720092771,-0.0313077755272388,-2.294329643249512,2
2023-10-21 17:49:37.080,0.4513144493103027,0.3864192366600036,-0.5778999328613281,0.6719338893890381,-0.2649785280227661,0.6159559488296509,0.3144671618938446,-1.4698060750961304,-0.0313048213720321,-2.294437885284424,2
2023-10-21 17:49:37.100,0.5323927998542786,0.4541876316070556,-0.8795070648193359,0.6668382287025452,-0.2669824361801147,0.6221840381622314,0.3113427460193634,-1.4874441623687744,-0.0313619226217269,-2.29681658744812,2
2023-10-21 17:49:37.150,0.3189492225646972,-0.1505264788866043,-0.6100540161132812,0.6615162491798401,-0.2691493928432464,0.6285951733589172,0.3079334199428558,-1.5058660507202148,-0.0310424957424402,-2.299351215362549,2
2023-10-21 17:49:37.210,0.2505431771278381,0.1399337649345398,-0.2765789031982422,0.6510529518127441,-0.2745914459228515,0.6406428813934326,0.3005101382732391,-1.5424293279647827,-0.027495689690113,-2.3034427165985107,2
2023-10-21 17:49:37.230,0.2184009253978729,0.107512891292572,-0.2079753875732422,0.6510529518127441,-0.2745914459228515,0.6406428813934326,0.3005101382732391,-1.5424293279647827,-0.027495689690113,-2.3034427165985107,2
2023-10-21 17:49:37.250,0.1128450632095336,0.0348645597696304,-0.1204385757446289,0.6505612134933472,-0.2748668193817138,0.6412056684494019,0.3001227080821991,-1.54417622089386,-0.0272487439215183,-2.3036556243896484,2
2023-10-21 17:49:37.310,0.0648838877677917,-0.0177558958530426,-0.2813892364501953,0.6437377333641052,-0.2775702476501465,0.6491523385047913,0.2952248752117157,-1.567683219909668,-0.0259298533201217,-2.3074593544006348,2
2023-10-21 17:49:37.330,0.0433500409126281,0.0440973341464996,-0.2591152191162109,0.6437087059020996,-0.277579516172409,0.6491842269897461,0.2952092885971069,-1.567776441574097,-0.0259326547384262,-2.307470321655273,2
2023-10-21 17:49:37.360,-0.0054268836975097,0.0832280963659286,-0.0997524261474609,0.6361852884292603,-0.2815018594264984,0.6556537747383118,0.2935019135475158,-1.5890542268753052,-0.0266997646540403,-2.304285287857056,2
2023-10-21 17:49:37.380,-0.0382143557071685,0.0327727496623992,-0.1956052780151367,0.63581782579422,-0.2817012369632721,0.6559553146362305,0.2934326529502868,-1.590070366859436,-0.0267392676323652,-2.3040931224823,2
2023-10-21 17:49:37.400,-0.0567789375782012,0.0427272021770477,-0.2947120666503906,0.6333822011947632,-0.28282231092453,0.6579779386520386,0.2930932939052582,-1.5966558456420898,-0.0274320375174283,-2.302942514419556,2
2023-10-21 17:49:37.460,-0.0433030724525451,0.0517546236515045,-0.1738462448120117,0.6327927112579346,-0.2830641567707062,0.6584360599517822,0.2931043803691864,-1.5981370210647583,-0.0277426969259977,-2.30256462097168,2
2023-10-21 17:49:37.480,-0.1014801263809204,-0.0198129415512084,-0.1593265533447265,0.6325796842575073,-0.2852610051631927,0.6587003469467163,0.2908315658569336,-1.6013286113739014,-0.0222428906708955,-2.302652597427368,2
2023-10-21 17:49:37.500,-0.101668506860733,-0.0554808974266052,-0.1687030792236328,0.6325580477714539,-0.2854805588722229,0.6587264537811279,0.2906041443347931,-1.6016478538513184,-0.0216929037123918,-2.3026604652404785,2
2023-10-21 17:49:37.510,-0.0786104798316955,-0.0467705428600311,-0.170328140258789,0.63157057762146,-0.2846428751945495,0.659500777721405,0.2918148934841156,-1.6027376651763916,-0.0253628864884376,-2.302126169204712,2
2023-10-21 17:49:37.530,-0.1220958530902862,-0.0201042294502258,-0.1302642822265625,0.63157057762146,-0.2846428751945495,0.659500777721405,0.2918148934841156,-1.6027376651763916,-0.0253628864884376,-2.302126169204712,2
2023-10-21 17:49:37.550,-0.1403116881847381,0.0200262665748596,-0.1241083145141601,0.6314619779586792,-0.2845482528209686,0.6595854759216309,0.2919504940509796,-1.6028538942337036,-0.0257726535201072,-2.302067279815674,2
2023-10-21 17:49:37.610,-0.0568855106830596,-0.0256554186344146,-0.0772476196289062,0.6333252191543579,-0.2835942506790161,0.6574378609657288,0.2936817407608032,-1.5961086750030518,-0.0269434563815593,-2.3008272647857666,2
2023-10-21 17:49:37.630,0.0057366490364074,-0.1037378311157226,-0.1826658248901367,0.6304025053977966,-0.2847203314304352,0.6603057384490967,0.2924438416957855,-1.6049542427062988,-0.0272312443703413,-2.3010642528533936,2
2023-10-21 17:49:37.650,-0.037390649318695,-0.0589176714420318,-0.1966609954833984,0.631066083908081,-0.2841825485229492,0.6595892310142517,0.2931518852710724,-1.6024494171142578,-0.0280473940074443,-2.300792694091797,2
2023-10-21 17:49:37.700,0.0765799880027771,0.0922433137893676,-0.2737360000610351,0.6295313835144043,-0.2839691936969757,0.6609452962875366,0.293603777885437,-1.6057941913604736,-0.0305818002671003,-2.3004727363586426,2
2023-10-21 17:49:37.760,0.0502441078424453,0.0744222104549408,-0.0776290893554687,0.6279938220977783,-0.2845347225666046,0.6624813675880432,0.2928861677646637,-1.610508680343628,-0.0306959673762321,-2.300742626190185,2
2023-10-21 17:49:37.780,0.077406533062458,0.0612335205078125,-0.0614614486694335,0.6277316212654114,-0.2855296730995178,0.662971556186676,0.2913667261600494,-1.612942099571228,-0.0278672873973846,-2.3015294075012207,2
2023-10-21 17:49:37.800,0.095676377415657,0.0575302243232727,-0.0996246337890625,0.6277055740356445,-0.2856289446353912,0.663020133972168,0.2912150919437408,-1.6131843328475952,-0.027584683150053,-2.301607370376587,2
2023-10-21 17:49:37.860,0.2487751394510269,0.0312652289867401,-0.2529125213623047,0.6278694868087769,-0.2851942181587219,0.6636223793029785,0.2899131178855896,-1.6142863035202026,-0.026659308001399,-2.3042876720428467,2
2023-10-21 17:49:37.880,0.3338300287723541,0.0731085240840911,-0.2282886505126953,0.6278577446937561,-0.2851305902004242,0.6636690497398376,0.2898942828178406,-1.6143378019332886,-0.0267480313777923,-2.30441689491272,2
2023-10-21 17:49:37.910,0.2812245190143585,0.0698490440845489,-0.1787796020507812,0.6289317011833191,-0.2842825651168823,0.6628818511962891,0.2902000248432159,-1.6112802028656006,-0.0271513443440198,-2.30525016784668,2
2023-10-21 17:49:37.930,0.2962367236614227,0.1071459650993347,-0.2681493759155273,0.6289414763450623,-0.2842748761177063,0.662874698638916,0.2902028262615204,-1.6112524271011353,-0.0271550416946411,-2.305257558822632,2
2023-10-21 17:49:37.950,0.4296605288982391,0.2775299549102783,-0.4992170333862304,0.6312503218650818,-0.2841443419456482,0.6609053611755371,0.2898089289665222,-1.605881690979004,-0.0243425574153661,-2.306008100509644,2
2023-10-21 17:49:38.010,0.4319255650043487,0.5221710205078125,-0.4677410125732422,0.6350345015525818,-0.2798912525177002,0.6576216220855713,0.2931312024593353,-1.5924184322357178,-0.0300621669739484,-2.30739688873291,2
2023-10-21 17:49:38.030,0.3524896502494812,0.1643854677677154,0.0881719589233398,0.6351575255393982,-0.2798049449920654,0.6575216054916382,0.2931716442108154,-1.592058539390564,-0.030097497627139,-2.307464361190796,2
2023-10-21 17:49:38.050,0.5512378215789795,-0.0814882218837738,0.4305238723754883,0.6353784799575806,-0.2785614132881164,0.6572679281234741,0.2944429814815521,-1.590003252029419,-0.0330780260264873,-2.3074071407318115,2
2023-10-21 17:49:38.060,0.5985167622566223,-0.2682686746120453,0.4127836227416992,0.6366499662399292,-0.2776778936386108,0.6563286781311035,0.2946262061595917,-1.5865503549575806,-0.0331820920109748,-2.308446884155273,2
2023-10-21 17:49:38.080,0.5690622925758362,-0.3492577672004699,0.0861024856567382,0.6386409997940063,-0.276260644197464,0.654777467250824,0.2951003015041351,-1.5809091329574585,-0.0335936248302459,-2.3098270893096924,2
2023-10-21 17:49:38.100,0.5493696928024292,-0.3068718910217285,-0.4763603210449219,0.6388272047042847,-0.2761276662349701,0.654631495475769,0.2951457798480987,-1.5803797245025637,-0.0336340591311454,-2.309954643249512,2
2023-10-21 17:49:38.160,0.2666705846786499,-0.1774457693099975,-1.391831398010254,0.6458603143692017,-0.2720734775066376,0.6483957171440125,0.2973610758781433,-1.5596715211868286,-0.0341790094971656,-2.3124382495880127,2
2023-10-21 17:49:38.180,0.2424502372741699,-0.2453410327434539,-1.348066329956055,0.6463130116462708,-0.271850973367691,0.6479763388633728,0.2974950671195984,-1.5583412647247314,-0.0341445095837116,-2.312549114227295,2
2023-10-21 17:49:38.200,0.3504008054733276,-0.3309941589832306,-1.2442607879638672,0.6505554914474487,-0.268594890832901,0.6442538499832153,0.2992847561836242,-1.5451892614364624,-0.0361668616533279,-2.3144936561584477,2
2023-10-21 17:49:38.250,0.3262557983398437,0.0957159101963043,-1.2157068252563477,0.6542162895202637,-0.2656183242797851,0.6416862607002258,0.2994774281978607,-1.5353937149047852,-0.0368057452142238,-2.318532943725586,2
2023-10-21 17:49:38.310,-0.4256875514984131,-0.1950741112232208,-2.056326389312744,0.6662466526031494,-0.2569915056228637,0.6331007480621338,0.2987546026706695,-1.504427433013916,-0.035851739346981,-2.3320720195770264,2
2023-10-21 17:49:38.330,-0.4338753223419189,-0.4517543613910675,-2.1318130493164062,0.6662466526031494,-0.2569915056228637,0.6331007480621338,0.2987546026706695,-1.504427433013916,-0.035851739346981,-2.3320720195770264,2
2023-10-21 17:49:38.350,-0.1052899360656738,-0.5389798879623413,-2.3259406089782715,0.6669565439224243,-0.2565121352672577,0.6325498819351196,0.2987495362758636,-1.502535343170166,-0.0357906930148601,-2.332758903503418,2
2023-10-21 17:49:38.410,-0.5582170486450195,0.0103470385074615,-1.2064666748046875,0.6812983751296997,-0.2457290440797805,0.6200814247131348,0.3015772700309753,-1.460254192352295,-0.0391853600740432,-2.343219041824341,2
2023-10-21 17:49:38.430,-1.1628022193908691,0.0832379460334777,-1.3368182182312012,0.681357204914093,-0.2456814050674438,0.6200289130210876,0.3015910685062408,-1.4600757360458374,-0.0392068028450012,-2.343262195587158,2
2023-10-21 17:49:38.460,-1.0729193687438965,0.21458101272583,0.0976524353027343,0.6940601468086243,-0.2378665208816528,0.6061348915100098,0.3070839047431946,-1.4180279970169067,-0.0420936085283756,-2.344594717025757,2
2023-10-21 17:49:38.480,-1.0981693267822266,0.1372251808643341,0.7762832641601562,0.6947205066680908,-0.2375264465808868,0.6053340435028076,0.3074334859848022,-1.4157345294952393,-0.0421834513545036,-2.344449520111084,2
2023-10-21 17:49:38.500,-1.4519309997558594,0.1244608461856842,0.9717292785644532,0.7030057907104492,-0.2337162792682647,0.5943236947059631,0.3129520416259765,-1.3852477073669434,-0.043395459651947,-2.339953899383545,2
2023-10-21 17:49:38.560,-1.4327740669250488,-0.0929729342460632,0.8372583389282227,0.7143414616584778,-0.2282303422689438,0.5786736607551575,0.3205682635307312,-1.3424941301345823,-0.044955164194107,-2.3336567878723145,2
2023-10-21 17:49:38.580,-1.691969871520996,-0.7198781967163086,0.9641084671020508,0.7244503498077393,-0.2238004058599472,0.5637059807777405,0.3275984525680542,-1.303041696548462,-0.0450891442596912,-2.326611995697021,2
2023-10-21 17:49:38.600,-1.467757225036621,-0.8127790689468384,1.3304228782653809,0.725445568561554,-0.2233525067567825,0.5621968507766724,0.3282943964004516,-1.2990963459014893,-0.0450872629880905,-2.3259074687957764,2
2023-10-21 17:49:38.610,-1.1483826637268066,-0.6134129762649536,1.0578875541687012,0.7353636622428894,-0.2196075618267059,0.546236515045166,0.3356167376041412,-1.258663296699524,-0.0436832644045352,-2.3170809745788574,2
2023-10-21 17:49:38.630,-1.0922465324401855,-0.2836986482143402,1.001530647277832,0.7353636622428894,-0.2196075618267059,0.546236515045166,0.3356167376041412,-1.258663296699524,-0.0436832644045352,-2.3170809745788574,2
2023-10-21 17:49:38.650,-0.913978099822998,-0.0829739868640899,0.9608521461486816,0.7364252805709839,-0.219195008277893,0.5444836020469666,0.3364061713218689,-1.2542599439620972,-0.0435075312852859,-2.3161215782165527,2
2023-10-21 17:49:38.710,-0.7732806205749512,0.0380245745182037,0.7329168319702148,0.7617303133010864,-0.2057257443666458,0.5035936832427979,0.3519053161144256,-1.1500033140182495,-0.0410310104489326,-2.30263900756836,2
2023-10-21 17:49:38.730,-0.3885831832885742,0.2796164453029632,0.8273487091064453,0.7618502378463745,-0.2056525498628616,0.5033939480781555,0.3519740104675293,-1.14949631690979,-0.0410217940807342,-2.3025894165039062,2
2023-10-21 17:49:38.750,0.1772522926330566,0.3320323526859283,0.9704084396362304,0.7738350629806519,-0.1981956362724304,0.4833428561687469,0.358158528804779,-1.098928451538086,-0.039495512843132,-2.2988269329071045,2
2023-10-21 17:49:38.800,0.0618038177490234,0.0238925814628601,0.9422364234924316,0.7866857647895813,-0.1898598074913025,0.4608813822269439,0.3642352819442749,-1.0432344675064087,-0.0370269678533077,-2.295650720596313,2
2023-10-21 17:49:38.860,0.5821394920349121,0.2023361623287201,1.3808326721191406,0.802511990070343,-0.1797125190496444,0.4339981079101562,0.3678635656833648,-0.977660059928894,-0.0308661591261625,-2.298392534255981,2
2023-10-21 17:49:38.880,0.965846061706543,0.1537575125694275,1.5643057823181152,0.8076383471488953,-0.1756399869918823,0.4238438010215759,0.3704421520233154,-0.952950954437256,-0.0303167048841714,-2.297154903411865,2
2023-10-21 17:49:38.900,1.2431817054748535,0.105283074080944,1.470531940460205,0.8081381916999817,-0.1752354353666305,0.4228357374668121,0.3706956505775451,-0.9505063891410828,-0.0302624404430389,-2.297030448913574,2
2023-10-21 17:49:38.960,0.0605177879333496,-0.1576707512140274,1.1858010292053225,0.815330445766449,-0.1620766222476959,0.4035309255123138,0.382269948720932,-0.8989951610565186,-0.0442379154264926,-2.28609561920166,2
2023-10-21 17:49:38.980,0.1518068313598632,0.0575404688715934,1.1636919975280762,0.8156560063362122,-0.1613005846738815,0.4025003314018249,0.3829893767833709,-0.8961912989616394,-0.0451904833316803,-2.2853381633758545,2
2023-10-21 17:49:39.010,0.278116226196289,-0.1041468679904937,1.1527647972106934,0.820106029510498,-0.1558565646409988,0.3892593383789062,0.3893738090991974,-0.8643898367881775,-0.0475148223340511,-2.276968240737915,2
2023-10-21 17:49:39.030,0.5457077026367188,0.1800987720489502,1.456593036651611,0.8201455473899841,-0.1558068841695785,0.3891385197639465,0.3894314169883728,-0.8641006946563721,-0.0475347824394702,-2.2768919467926025,2
2023-10-21 17:49:39.050,0.7559237480163574,0.0914181619882583,1.2645063400268557,0.8246369361877441,-0.1540424525737762,0.376990407705307,0.3925853073596954,-0.838085949420929,-0.0419559180736541,-2.2716403007507324,2
2023-10-21 17:49:39.110,0.5636324882507324,-0.0679367929697036,0.7538437843322754,0.834376335144043,-0.1502832174301147,0.3519041240215301,0.3967298865318298,-0.7849225997924805,-0.0284400768578052,-2.2656846046447754,2
2023-10-21 17:49:39.130,0.513221263885498,0.2730200588703155,0.7721366882324219,0.8347947597503662,-0.1501869112253189,0.3508086800575256,0.396856427192688,-0.7826799750328064,-0.0276944283396005,-2.2654812335968018,2
2023-10-21 17:49:39.150,0.5124993324279785,0.2981253862380981,0.7818264961242676,0.8348364233970642,-0.1501772552728653,0.3506990671157837,0.3968690037727356,-0.7824556231498718,-0.0276198033243417,-2.265460729598999,2
2023-10-21 17:49:39.180,0.3910131454467773,-0.0584142506122589,0.5143098831176758,0.8392226696014404,-0.1503371745347976,0.3383060991764068,0.3983128070831299,-0.7583053708076477,-0.0171714220196008,-2.262156248092652,2
2023-10-21 17:49:39.200,0.2577328681945801,-0.0518912523984909,0.5022063255310059,0.8420610427856445,-0.151401400566101,0.3299797475337982,0.3989037871360779,-0.7430519461631775,-0.0082819815725088,-2.260007619857788,2
2023-10-21 17:49:39.260,0.2318801879882812,-0.1096538305282592,0.5853424072265625,0.8451300263404846,-0.1541766822338104,0.3220133483409881,0.3978594839572906,-0.7301400303840637,0.0043665608391165,-2.2599456310272217,2
2023-10-21 17:49:39.280,-0.0354461669921875,-0.0756707191467285,0.1965632438659668,0.8452033996582031,-0.1543063521385193,0.3218361139297485,0.3977968692779541,-0.7299156188964844,0.004789728205651,-2.25997257232666,2
2023-10-21 17:49:39.300,-0.0132679939270019,0.134547546505928,0.1506805419921875,0.8461434841156006,-0.1550149619579315,0.3194436430931091,0.3974511325359344,-0.7259356379508972,0.0084033999592065,-2.260136842727661,2
2023-10-21 17:49:39.350,-0.1284832954406738,0.0373383238911628,0.0884079933166503,0.8464016914367676,-0.1566464155912399,0.3189561367034912,0.396652340888977,-0.7264865040779114,0.0121424794197082,-2.2604947090148926,2
2023-10-21 17:49:39.410,0.122772216796875,0.1330478489398956,0.0717010498046875,0.844450056552887,-0.1600789874792099,0.324181318283081,0.3952029943466186,-0.7397515773773193,0.0141230449080467,-2.26067328453064,2
2023-10-21 17:49:39.430,0.2589917182922363,0.0118740200996398,0.0665779113769531,0.844450056552887,-0.1600789874792099,0.324181318283081,0.3952029943466186,-0.7397515773773193,0.0141230449080467,-2.26067328453064,2
2023-10-21 17:49:39.450,0.1008558273315429,0.039173275232315,0.2213783264160156,0.8443402647972107,-0.1602165102958679,0.3244560956954956,0.3951564133167267,-0.7404107451438904,0.0141331786289811,-2.26065444946289,2
2023-10-21 17:49:39.510,0.7609601020812988,0.066658578813076,0.499631404876709,0.8416438698768616,-0.1630894690752029,0.3322855234146118,0.3932221829891205,-0.7582513093948364,0.0132028125226497,-2.262190580368042,2
2023-10-21 17:49:39.530,0.8266220092773438,0.0343482941389083,0.752021312713623,0.8416317105293274,-0.1630990654230117,0.3323216140270233,0.393214076757431,-0.7583304047584534,0.0131919933483004,-2.2621991634368896,2
2023-10-21 17:49:39.560,0.8472986221313477,0.0129095911979675,0.8723793029785156,0.8387869000434875,-0.1658404916524887,0.3391493856906891,0.3923152387142181,-0.774169921875,0.0121030183508992,-2.261679649353028,2
2023-10-21 17:49:39.580,0.7563266754150391,0.001966580748558,0.9457607269287108,0.8386379480361938,-0.1659709513187408,0.3394936919212341,0.3922807872295379,-0.7749629020690918,0.0120256757363677,-2.261636734008789,2
2023-10-21 17:49:39.600,0.6089539527893066,-0.0322099477052688,0.7479648590087891,0.8374249935150146,-0.1671608090400695,0.342188686132431,0.3920250833034515,-0.7813311815261841,0.0116764577105641,-2.261125087738037,2
2023-10-21 17:49:39.660,0.3981256484985351,0.025896206498146,0.6802449226379395,0.8363691568374634,-0.1684771180152893,0.3442683517932892,0.3918946385383606,-0.786622941493988,0.0119845755398273,-2.2602474689483643,2
2023-10-21 17:49:39.680,0.315518856048584,-0.0410714447498321,0.6156291961669922,0.8357288241386414,-0.1692012846469879,0.3451997935771942,0.3921293616294861,-0.7891237139701843,0.012087132781744,-2.2591381072998047,2
2023-10-21 17:49:39.700,0.1563277244567871,-0.1067306995391845,0.4559316635131836,0.835664689540863,-0.1692736744880676,0.3452928960323334,0.3921528160572052,-0.7893738150596619,0.0120972068980336,-2.259027004241944,2
2023-10-21 17:49:39.730,-0.0467915534973144,-0.109216034412384,0.246835708618164,0.8350841999053955,-0.1698186844587326,0.346144437789917,0.3924027979373932,-0.7915525436401367,0.0119700012728571,-2.258039712905884,2
2023-10-21 17:49:39.750,-0.1344914436340332,0.1085415855050087,0.2996425628662109,0.8350209593772888,-0.169877827167511,0.3462370634078979,0.3924300074577331,-0.7917894124984741,0.0119557548314332,-2.257932186126709,2
2023-10-21 17:49:39.810,-0.1662392616271972,-0.0469337850809097,0.1366887092590332,0.8346500396728516,-0.1715345680713653,0.3456773161888122,0.3929917514324188,-0.7922552824020386,0.0146465469151735,-2.255359411239624,2
2023-10-21 17:49:39.830,-0.2236051559448242,0.1687400639057159,0.1335644721984863,0.8346572518348694,-0.1715241819620132,0.3456534147262573,0.3930020034313202,-0.792198896408081,0.014643358066678,-2.255347967147827,2
2023-10-21 17:49:39.850,-0.1966290473937988,-0.0552165880799293,0.0305581092834472,0.8357299566268921,-0.1705250442028045,0.3428700864315033,0.393594890832901,-0.785827100276947,0.0151225132867693,-2.2550320625305176,2
2023-10-21 17:49:39.900,-0.2307233810424804,0.0169728696346282,0.25836181640625,0.837446928024292,-0.1685543656349182,0.3386043012142181,0.3944860100746155,-0.7756655812263489,0.0151619166135787,-2.2549445629119877,2
2023-10-21 17:49:39.960,-0.2616000175476074,0.0709627270698547,0.0321359634399414,0.8401265144348145,-0.1653283238410949,0.3325512409210205,0.3953022956848144,-0.7608756422996521,0.0148774208500981,-2.256057977676392,2
2023-10-21 17:49:39.980,-0.2823405265808105,0.0515533089637756,0.0197987556457519,0.8404162526130676,-0.1638078242540359,0.3326141536235809,0.395266443490982,-0.7595800757408142,0.0123914070427417,-2.257396936416626,2
2023-10-21 17:49:40.000,-0.3404955863952636,-0.0210823714733123,-0.0150117874145507,0.8404441475868225,-0.1636569947004318,0.3326222598552704,0.3952626585960388,-0.7594553828239441,0.0121431052684783,-2.257529735565185,2
2023-10-21 17:49:40.060,-0.5409107208251953,0.1653244793415069,0.0118179321289062,0.8390283584594727,-0.1610676348209381,0.3382287323474884,0.39457568526268,-0.7679716348648071,0.0033669534604996,-2.261056900024414,2
2023-10-21 17:49:40.080,-0.327794075012207,-0.0850295722484588,-0.2091884613037109,0.8389211893081665,-0.1609355360269546,0.3386224806308746,0.3945198655128479,-0.7686180472373962,0.0028378702700138,-2.261280298233032,2
2023-10-21 17:49:40.110,-0.4408583641052246,-0.1526451706886291,0.0611896514892578,0.8376388549804688,-0.1592062711715698,0.3436392843723297,0.3936071693897247,-0.7768348455429077,-0.0038030536379665,-2.264589786529541,2
2023-10-21 17:49:40.130,-0.4666380882263183,-0.2868717908859253,-0.0542335510253906,0.837627112865448,-0.1591905206441879,0.3436848521232605,0.3935988247394562,-0.7769097089767456,-0.0038633143994957,-2.264620065689087,2
2023-10-21 17:49:40.150,-0.8960385322570801,-0.0705746114253997,-0.0154123306274414,0.8360392451286316,-0.1582258343696594,0.3500768542289734,0.3917258977890014,-0.7885779738426208,-0.0097024766728281,-2.269284963607788,2
2023-10-21 17:49:40.210,-0.5527820587158203,-0.1089411973953247,-0.5954704284667969,0.830712616443634,-0.1584587544202804,0.3683205246925354,0.386195957660675,-0.8249216675758362,-0.0212220083922147,-2.2805325984954834,2
2023-10-21 17:49:40.230,-0.6850624084472656,-0.1936646699905395,-0.5993671417236328,0.8304346799850464,-0.1584920734167099,0.3691817820072174,0.3859577476978302,-0.8266687393188477,-0.0217442363500595,-2.280999660491944,2
2023-10-21 17:49:40.250,-0.6636881828308105,-0.1781501471996307,-0.671595573425293,0.8304068446159363,-0.1584953963756561,0.3692678809165954,0.38593390583992,-0.8268434405326843,-0.0217963736504316,-2.2810463905334477,2
2023-10-21 17:49:40.280,-0.554163932800293,-0.1314208209514618,-0.5948543548583984,0.8269979953765869,-0.1593566685914993,0.3787539005279541,0.3836995661258697,-0.8465851545333862,-0.0270834304392337,-2.2849795818328857,2
2023-10-21 17:49:40.300,-0.5425248146057129,-0.1042799651622772,-0.4957733154296875,0.8239208459854126,-0.1597001254558563,0.3868047595024109,0.3821419775485992,-0.8630821108818054,-0.0324738472700119,-2.287991523742676,2
2023-10-21 17:49:40.360,-0.5105171203613281,0.0886546373367309,-0.8093671798706055,0.8154523372650146,-0.162022590637207,0.4078425168991089,0.3774265050888061,-0.9078877568244934,-0.0436315983533859,-2.2959189414978027,2
2023-10-21 17:49:40.380,-0.4482641220092773,0.171010822057724,-0.8667135238647461,0.8150312900543213,-0.1621834933757782,0.4088326096534729,0.3771957457065582,-0.9100573062896729,-0.0440648645162582,-2.29626202583313,2
2023-10-21 17:49:40.400,-0.1919076442718505,0.1808537542819976,-1.012955665588379,0.8112179636955261,-0.1645959317684173,0.4180142283439636,0.3742964267730713,-0.9310735464096068,-0.0458922237157821,-2.3000621795654297,2
2023-10-21 17:49:40.450,-0.132322072982788,0.0859895348548889,-1.123255729675293,0.806739330291748,-0.1681431531906128,0.4285488724708557,0.3704667687416076,-0.9560343027114868,-0.0462473072111606,-2.304575204849243,2
2023-10-21 17:49:40.510,-0.1843137741088867,-0.0605018138885498,-0.8195333480834961,0.7963694930076599,-0.177222728729248,0.4506492614746094,0.3623574376106262,-1.0103821754455566,-0.044337224215269,-2.312088966369629,2
2023-10-21 17:49:40.530,-0.0718815326690673,-0.125548779964447,-0.81402587890625,0.7963694930076599,-0.177222728729248,0.4506492614746094,0.3623574376106262,-1.0103821754455566,-0.044337224215269,-2.312088966369629,2
2023-10-21 17:49:40.550,-0.0628983974456787,-0.1764110326766967,-0.856999397277832,0.7958219051361084,-0.1776972562074661,0.4517278373241424,0.3619852066040039,-1.0130815505981443,-0.0442212671041488,-2.31235933303833,2
2023-10-21 17:49:40.610,0.2221426963806152,-0.2409909963607788,-1.5800552368164062,0.7834897041320801,-0.1867757141590118,0.4741453230381012,0.3555911183357239,-1.0689109563827517,-0.0445447638630867,-2.3158514499664307,2
2023-10-21 17:49:40.630,0.3298709392547607,-0.2108279764652252,-1.7431020736694336,0.783432126045227,-0.186814397573471,0.4742474555969238,0.3555613160133362,-1.0691649913787842,-0.0445500127971172,-2.315869808197021,2
2023-10-21 17:49:40.660,0.3578381538391113,-0.1147038638591766,-1.888812065124512,0.7703371047973633,-0.1953012943267822,0.4961122572422027,0.3497296571731567,-1.124176263809204,-0.0461310446262359,-2.318308591842652,2
2023-10-21 17:49:40.680,0.3338600397109985,-0.1531028151512146,-1.8792695999145508,0.7696768045425415,-0.1957368850708007,0.4971664845943451,0.349442720413208,-1.1268763542175293,-0.0461705438792705,-2.3183929920196533,2
2023-10-21 17:49:40.700,0.3945673704147339,-0.0853276252746582,-1.6276226043701172,0.7625664472579956,-0.2005950510501861,0.5084976553916931,0.3459540605545044,-1.156213641166687,-0.045915700495243,-2.319749593734741,2
2023-10-21 17:49:40.760,0.5575002431869507,0.066086322069168,-0.9567365646362304,0.7541143894195557,-0.2060575038194656,0.5216659307479858,0.341637909412384,-1.1904984712600708,-0.0456757210195064,-2.321781635284424,2
2023-10-21 17:49:40.780,0.5587337613105774,0.2527175843715668,-0.892852783203125,0.7470695376396179,-0.2103127837181091,0.5320953130722046,0.3384230732917785,-1.217864155769348,-0.0459262616932392,-2.3229281902313232,2
2023-10-21 17:49:40.800,0.6926931738853455,0.2387507557868957,-1.106790542602539,0.7463573813438416,-0.2107361853122711,0.5331328511238098,0.3380981087684631,-1.220600962638855,-0.045949563384056,-2.3230433464050293,2
2023-10-21 17:49:40.830,1.2367722988128662,0.323758065700531,-1.4590444564819336,0.7388045191764832,-0.2153830677270889,0.5435317158699036,0.3351885676383972,-1.2485439777374268,-0.0461356379091739,-2.322993278503418,2
2023-10-21 17:49:40.850,1.2072206735610962,0.1629962027072906,-1.3634767532348633,0.7379729151725769,-0.2158870846033096,0.5446578860282898,0.3348681926727295,-1.2515877485275269,-0.0461559556424617,-2.3229868412017822,2
2023-10-21 17:49:40.910,0.1660511493682861,-0.5357455015182495,0.0407342910766601,0.7178826928138733,-0.2300500124692917,0.5692000985145569,0.3282265663146972,-1.3218239545822144,-0.0433689095079898,-2.3176419734954834,2
2023-10-21 17:49:40.930,0.0974760353565216,-0.2713948488235473,0.1857719421386718,0.717786967754364,-0.2301204353570938,0.5693097710609436,0.3281965553760528,-1.3221490383148191,-0.0433496981859207,-2.3176066875457764,2
2023-10-21 17:49:40.950,0.1594414412975311,-0.0016769468784332,-0.1175756454467773,0.7085687518119812,-0.2373309880495071,0.5794360637664795,0.3253587484359741,-1.3530447483062744,-0.0407297872006893,-2.313378095626831,2
2023-10-21 17:49:41.000,0.2715058326721191,0.3192572295665741,-0.8356599807739258,0.6982213258743286,-0.2449758052825927,0.590241014957428,0.3226290345191955,-1.3864107131958008,-0.0387728214263916,-2.308107852935791,2
2023-10-21 17:49:41.060,0.2565226554870605,0.1153072118759155,-0.2085514068603515,0.6820389628410339,-0.2557217478752136,0.6066121459007263,0.3185136914253235,-1.4370474815368652,-0.0376130230724811,-2.300679445266724,2
2023-10-21 17:49:41.080,0.3493037521839142,0.1029117405414581,-0.193359375,0.67520672082901,-0.2596444487571716,0.6140812039375305,0.3155708312988281,-1.4595129489898682,-0.0369532741606235,-2.300239562988281,2
2023-10-21 17:49:41.100,0.3019624948501587,0.0554303228855133,-0.2282419204711914,0.6745260953903198,-0.2600305080413818,0.6148166060447693,0.3152764439582824,-1.4617369174957275,-0.0368880257010459,-2.3001973628997803,2
2023-10-21 17:49:41.160,0.0387913733720779,0.0024823546409606,-0.1824312210083007,0.6649748086929321,-0.2671185135841369,0.6252068877220154,0.3091481626033783,-1.495159149169922,-0.0313140675425529,-2.300269603729248,2
2023-10-21 17:49:41.180,-0.0064644441008567,-0.0341071784496307,-0.1863880157470703,0.6645863652229309,-0.2674435675144195,0.6256003379821777,0.3089064955711365,-1.4964959621429443,-0.031030299142003,-2.3001961708068848,2
2023-10-21 17:49:41.210,0.012185875326395,-0.0166212618350982,-0.3060312271118164,0.6610300540924072,-0.2710009515285492,0.6284982562065125,0.3075513541698456,-1.5076321363449097,-0.0283152144402265,-2.297229766845703,2
2023-10-21 17:49:41.230,0.0551521368324756,-0.0506558418273925,-0.3903017044067383,0.6609975695610046,-0.2710332572460174,0.6285244822502136,0.3075389862060547,-1.5077334642410278,-0.0282906778156757,-2.297202587127685,2
2023-10-21 17:49:41.250,0.1056137457489967,-0.000566691160202,-0.4216108322143554,0.6572823524475098,-0.2739559113979339,0.6316353678703308,0.3065369427204132,-1.5187839269638062,-0.027109695598483,-2.294560432434082,2
2023-10-21 17:49:41.310,0.0852142348885536,-0.0074084997177124,-0.1657009124755859,0.6519489288330078,-0.277057021856308,0.6359317898750305,0.3062560856342315,-1.5331120491027832,-0.0282656643539667,-2.2904930114746094,2
2023-10-21 17:49:41.330,0.0608839839696884,-0.0532119572162628,-0.1298198699951172,0.6517934799194336,-0.2771405577659607,0.6360470056533813,0.306272029876709,-1.5334980487823486,-0.0283337887376546,-2.290345430374145,2
2023-10-21 17:49:41.350,0.0279717724770307,-0.0974817276000976,-0.1630687713623047,0.651777982711792,-0.277148962020874,0.6360585689544678,0.3062736690044403,-1.5335367918014526,-0.0283405873924493,-2.290330648422241,2
2023-10-21 17:49:41.380,-0.0127935577183961,0.013593167066574,-0.2386760711669922,0.651197612285614,-0.2778899669647217,0.6363136172294617,0.3063068389892578,-1.5350104570388794,-0.0278954915702343,-2.289171934127808,2
2023-10-21 17:49:41.400,0.0117995720356702,0.0149007439613342,-0.2261629104614257,0.6508907675743103,-0.2783602774143219,0.636389434337616,0.3063743710517883,-1.5357277393341064,-0.0275860540568828,-2.2883596420288086,2
2023-10-21 17:49:41.460,0.0549699217081069,0.0098132789134979,-0.1738767623901367,0.6491520404815674,-0.2793679237365722,0.6377434134483337,0.3063307702541351,-1.5403058528900146,-0.0280200242996215,-2.286949634552002,2
2023-10-21 17:49:41.480,0.0720915049314498,-0.0031105875968933,-0.1353750228881836,0.649060845375061,-0.2794159650802612,0.637821614742279,0.3063174188137054,-1.5405592918395996,-0.0280394926667213,-2.286900520324707,2
2023-10-21 17:49:41.500,0.0908880680799484,-0.0278596580028533,-0.1448698043823242,0.6481891870498657,-0.2796798050403595,0.6387032866477966,0.3060853481292724,-1.5431069135665894,-0.0284284204244613,-2.286895990371704,2
2023-10-21 17:49:41.560,0.1584354490041732,0.0373087525367736,-0.2538957595825195,0.6458255648612976,-0.281066358089447,0.6411517262458801,0.3046894073486328,-1.5509350299835205,-0.0276681315153837,-2.287076473236084,2
2023-10-21 17:49:41.610,0.0429734736680984,0.0082179307937622,-0.1429271697998047,0.6441510915756226,-0.2817040085792541,0.6430835127830505,0.3035718202590942,-1.5566176176071167,-0.0275276489555835,-2.287924766540528,2
2023-10-21 17:49:41.630,-0.0606312714517116,-0.0457823276519775,-0.0799741744995117,0.6441510915756226,-0.2817040085792541,0.6430835127830505,0.3035718202590942,-1.5566176176071167,-0.0275276489555835,-2.287924766540528,2
2023-10-21 17:49:41.650,-0.0644509494304657,-0.0322562754154205,-0.0420951843261718,0.6433864235877991,-0.2825758457183838,0.6438947319984436,0.3026621639728546,-1.5596914291381836,-0.0261572021991014,-2.288050651550293,2
2023-10-21 17:49:41.710,0.0234560146927833,0.1101278066635131,-0.1305685043334961,0.6406542062759399,-0.282836377620697,0.6468906998634338,0.3018250167369842,-1.5677231550216677,-0.0280986744910478,-2.2890496253967285,2
2023-10-21 17:49:41.730,0.0770611464977264,0.0527268648147583,-0.1169462203979492,0.6400364637374878,-0.2827723622322082,0.6475093960762024,0.3018688559532165,-1.5692529678344729,-0.0289606694132089,-2.28909683227539,2
2023-10-21 17:49:41.760,0.0582628175616264,-0.0211120843887329,-0.1587162017822265,0.6398350596427917,-0.2822382748126983,0.6480351686477661,0.3016672730445862,-1.570012092590332,-0.0298145171254873,-2.290244579315185,2
2023-10-21 17:49:41.780,0.0850538462400436,0.0076998770236968,-0.1462726593017578,0.6398404836654663,-0.2822005748748779,0.6480450630187988,0.3016698360443115,-1.5699951648712158,-0.0298690497875213,-2.2902984619140625,2
2023-10-21 17:49:41.800,0.1404566615819931,0.0097203254699707,-0.0876960754394531,0.6405124664306641,-0.282019168138504,0.6474868059158325,0.301611989736557,-1.5683432817459106,-0.0293101910501718,-2.290648937225342,2
2023-10-21 17:49:41.860,0.4520231187343597,0.1772067844867706,-0.2601385116577148,0.6416642069816589,-0.2806973159313202,0.6464921236038208,0.3025296330451965,-1.5642791986465454,-0.0309441592544317,-2.291196823120117,2
2023-10-21 17:49:41.880,0.5563042759895325,0.2109283804893493,-0.3261165618896484,0.6428134441375732,-0.2800360023975372,0.6455585360527039,0.3026963174343109,-1.5611234903335571,-0.0307994596660137,-2.291911602020264,2
2023-10-21 17:49:41.900,0.6281193494796753,0.1719778776168823,-0.3710184097290039,0.6429282426834106,-0.2799698114395141,0.6454650163650513,0.3027129173278808,-1.5608078241348269,-0.0307850576937198,-2.291983127593994,2
2023-10-21 17:49:41.930,0.6845666170120239,0.1152474880218505,-0.4617204666137695,0.6420702934265137,-0.2805861234664917,0.6465626955032349,0.3016188740730285,-1.5643372535705566,-0.0297233723104,-2.2927963733673096,2
2023-10-21 17:49:41.950,0.6514874696731567,0.2237539291381836,-0.5114784240722656,0.6419745087623596,-0.2806545794010162,0.6466842889785767,0.3014982938766479,-1.5647287368774414,-0.0296065844595432,-2.292884826660156,2
2023-10-21 17:49:42.010,0.3719537258148193,-0.0231597423553466,-0.6650514602661133,0.6390031576156616,-0.2803005576133728,0.6500326991081238,0.3009385764598846,-1.5730193853378296,-0.0330199413001537,-2.2944085597991943,2
2023-10-21 17:49:42.030,0.2933920621871948,-0.1511386632919311,-0.7916269302368164,0.6394343376159668,-0.2799383699893951,0.6495903730392456,0.3013147711753845,-1.5714629888534546,-0.0334641821682453,-2.294358491897583,2
2023-10-21 17:49:42.050,0.2243558764457702,-0.3088448941707611,-0.9780616760253906,0.6394182443618774,-0.2797137200832367,0.6498481035232544,0.3010018467903137,-1.5718815326690674,-0.0335091166198253,-2.295199155807495,2
2023-10-21 17:49:42.110,0.4064527750015259,-0.2313488125801086,-1.504913330078125,0.6414531469345093,-0.2788542509078979,0.6484097242355347,0.3005711138248443,-1.5671842098236084,-0.0320480801165103,-2.297133445739746,2
2023-10-21 17:49:42.160,-0.1458362340927124,-0.2213765978813171,-1.3209896087646484,0.6449209451675415,-0.2748764157295227,0.6452595591545105,0.3035787343978882,-1.5546183586120603,-0.037235639989376,-2.298326015472412,2
2023-10-21 17:49:42.180,-0.1917619705200195,-0.2595497667789459,-1.292402267456055,0.6496801376342773,-0.2694689929485321,0.640838623046875,0.3076168894767761,-1.5373328924179075,-0.0441426038742065,-2.299851894378662,2
2023-10-21 17:49:42.200,-0.1177666187286377,-0.2472318112850189,-1.4937148094177246,0.6501497626304626,-0.2689305245876312,0.6403963565826416,0.3080164790153503,-1.5356159210205078,-0.0448300465941429,-2.299997091293335,2
2023-10-21 17:49:42.260,-0.0764100551605224,-0.1618267297744751,-1.852769374847412,0.6546189188957214,-0.2638582289218902,0.6381055116653442,0.307691752910614,-1.5243273973464966,-0.0472440011799335,-2.307917356491089,2
2023-10-21 17:49:42.280,-0.0672416687011718,-0.047030746936798,-1.8267502784729004,0.6549035310745239,-0.2635559141635895,0.6379538178443909,0.3076599836349487,-1.523619532585144,-0.0473560355603694,-2.3084065914154053,2
2023-10-21 17:49:42.310,-0.2873573303222656,0.1039203107357025,-0.6943435668945312,0.6586349606513977,-0.2600421607494354,0.6354028582572937,0.3079631626605987,-1.513413906097412,-0.0488350465893745,-2.312953472137451,2
2023-10-21 17:49:42.330,-0.8088717460632324,0.0748790502548217,-1.2871575355529783,0.6586688160896301,-0.2600101828575134,0.6353796124458313,0.3079659044742584,-1.5133212804794312,-0.0488487407565116,-2.312994718551636,2
2023-10-21 17:49:42.350,-0.7872583866119385,0.1645214259624481,-0.8894219398498535,0.6633013486862183,-0.2571350038051605,0.6310657262802124,0.3093041777610779,-1.4993736743927002,-0.0492864996194839,-2.3148114681243896,2
2023-10-21 17:49:42.410,-1.0300853252410889,0.1463067233562469,0.5065822601318359,0.6777662634849548,-0.2506016790866852,0.6152762770652771,0.3150663673877716,-1.453121781349182,-0.0480254404246807,-2.3139917850494385,2
2023-10-21 17:49:42.430,-1.2053709030151367,0.0389668047428131,1.050039291381836,0.6784717440605164,-0.2502607703208923,0.614467203617096,0.3153977990150451,-1.4507710933685305,-0.0480319447815418,-2.3138880729675293,2
2023-10-21 17:49:42.450,-1.1362881660461426,-0.0237993746995925,1.540471076965332,0.6785422563552856,-0.2502266466617584,0.614386260509491,0.3154309093952179,-1.450536012649536,-0.0480325706303119,-2.313877820968628,2
2023-10-21 17:49:42.480,-0.753964900970459,-0.3036661744117737,2.752460479736328,0.6870229244232178,-0.2457829415798187,0.6037084460258484,0.3211330771446228,-1.419780969619751,-0.0500453673303127,-2.310098171234131,2
2023-10-21 17:49:42.500,-0.5305013656616211,-0.2812654972076416,2.728843688964844,0.6951777935028076,-0.2417974174022674,0.5925421118736267,0.3273465037345886,-1.3886932134628296,-0.051771905273199,-2.30453896522522,2
2023-10-21 17:49:42.560,-0.8452854156494141,-0.0338309705257415,1.2386274337768557,0.7166756987571716,-0.232099637389183,0.5616616606712341,0.3421140611171722,-1.3060330152511597,-0.0516473166644573,-2.290357112884521,2
2023-10-21 17:49:42.580,-0.8045759201049805,0.2934870421886444,0.6622838973999023,0.7177118062973022,-0.2316093146800995,0.5601263642311096,0.3427904844284057,-1.3019863367080688,-0.0515773668885231,-2.2897257804870605,2
2023-10-21 17:49:42.600,-1.1840739250183103,0.4877894222736358,0.1818742752075195,0.7295205593109131,-0.2256799489259719,0.5429377555847168,0.3494093716144562,-1.256693959236145,-0.0501598007977008,-2.2846968173980717,2
2023-10-21 17:49:42.660,-0.662177562713623,0.0313499271869659,0.5356040000915527,0.7434616684913635,-0.2180567979812622,0.522231936454773,0.3563565015792846,-1.2026739120483398,-0.0479861758649349,-2.2805840969085693,2
2023-10-21 17:49:42.710,-0.1025166511535644,-0.4862090051174164,1.3697052001953125,0.76723712682724,-0.205915480852127,0.4860709607601166,0.3642542660236358,-1.1118654012680054,-0.0381440930068492,-2.2787866592407227,2
2023-10-21 17:49:42.730,-0.2025165557861328,-0.2018362879753112,1.282144546508789,0.76723712682724,-0.205915480852127,0.4860709607601166,0.3642542660236358,-1.1118654012680054,-0.0381440930068492,-2.2787866592407227,2
2023-10-21 17:49:42.750,-0.02488374710083,0.4152383804321289,1.4460506439208984,0.7684158682823181,-0.2053453624248504,0.4842131435871124,0.3645655512809753,-1.1073251962661743,-0.0374823659658432,-2.278785228729248,2
2023-10-21 17:49:42.810,0.5449357032775879,-0.0432934835553169,1.2718253135681152,0.7846878170967102,-0.1955083310604095,0.4580402970314026,0.369108110666275,-1.0423429012298584,-0.0313118584454059,-2.28021240234375,2
2023-10-21 17:49:42.830,0.1801276206970214,0.0437037423253059,1.0166635513305664,0.7847482562065125,-0.1954602748155594,0.4579378068447113,0.3691322207450866,-1.0420819520950315,-0.031310100108385,-2.28021502494812,2
2023-10-21 17:49:42.860,0.6327972412109375,0.1243878901004791,1.3528437614440918,0.7927156090736389,-0.1850225776433944,0.4426249861717224,0.3761006891727447,-1.000212788581848,-0.0396129079163074,-2.27724838256836,2
2023-10-21 17:49:42.880,1.06776762008667,0.1111238598823547,2.009063720703125,0.793041467666626,-0.1845497637987136,0.441969484090805,0.3764168322086334,-0.9984063506126404,-0.040028978139162,-2.277096509933472,2
2023-10-21 17:49:42.900,1.0041208267211914,0.0873831063508987,1.3244524002075195,0.7978838086128235,-0.1796377897262573,0.4331335425376892,0.3788232505321502,-0.9755239486694336,-0.0415138639509677,-2.2770729064941406,2
2023-10-21 17:49:42.960,0.7557344436645508,0.0971982330083847,1.030095100402832,0.8060488700866699,-0.1741054207086563,0.4172936081886291,0.381888210773468,-0.9378350973129272,-0.038053248077631,-2.275970697402954,2
2023-10-21 17:49:42.980,0.2953386306762695,-0.0304605662822723,1.120069980621338,0.8129578828811646,-0.1693761348724365,0.4019155502319336,0.3858436644077301,-0.9021481275558472,-0.0347687900066375,-2.2721638679504395,2
2023-10-21 17:49:43.000,0.5792365074157715,-0.0203734636306762,0.7828140258789062,0.8136342763900757,-0.1689001619815826,0.4003704488277435,0.3862322866916656,-0.898580014705658,-0.034432865679264,-2.271789312362671,2
2023-10-21 17:49:43.030,1.3354768753051758,0.3414824306964874,0.9473767280578612,0.8190085291862488,-0.1652821898460388,0.3865824341773987,0.3904622495174408,-0.867434024810791,-0.0311616715043783,-2.26627516746521,2
2023-10-21 17:49:43.050,1.0530471801757812,0.1592236310243606,1.214775562286377,0.819580078125,-0.1648869663476944,0.3850769102573395,0.3909174799919128,-0.8640484809875488,-0.0307952854782342,-2.265678644180298,2
2023-10-21 17:49:43.110,0.6996679306030273,0.1173330545425415,0.6414690017700195,0.82796710729599,-0.1639087945222854,0.3610900938510895,0.3965078294277191,-0.8154070973396301,-0.0149284778162837,-2.254800319671631,2
2023-10-21 17:49:43.130,0.8675975799560547,0.1464947164058685,0.7922482490539551,0.8280019164085388,-0.1639099419116974,0.360991895198822,0.3965239822864532,-0.8152143955230713,-0.0148489270359277,-2.254765272140503,2
2023-10-21 17:49:43.150,0.8043198585510254,-0.3083739578723907,0.8075213432312012,0.8306244015693665,-0.1654417961835861,0.3536364436149597,0.3970309793949127,-0.8021637201309204,-0.0059692915529012,-2.252352476119995,2
2023-10-21 17:49:43.210,0.3442573547363281,-0.1766828000545501,0.4675707817077636,0.8341754078865051,-0.1698962897062301,0.3436665832996368,0.39645916223526,-0.7868218421936035,0.0109472973272204,-2.2497105598449707,2
2023-10-21 17:49:43.260,0.3612394332885742,-0.2001861929893493,0.6653976440429688,0.8342143893241882,-0.1719464361667633,0.3434996008872986,0.3956373333930969,-0.7884225249290466,0.0150784002617001,-2.2496259212493896,2
2023-10-21 17:49:43.280,0.533536434173584,-0.0570396184921264,0.6501736640930176,0.8340231776237488,-0.1741690635681152,0.3434993326663971,0.39506796002388,-0.790520966053009,0.0191120821982622,-2.24886155128479,2
2023-10-21 17:49:43.300,0.5147428512573242,-0.0387578308582305,0.3839325904846191,0.8340039253234863,-0.1743896156549453,0.3434991538524627,0.3950116336345672,-0.7907294034957886,0.0195121634751558,-2.24878478050232,2
2023-10-21 17:49:43.360,0.6815271377563477,-0.0513393282890319,0.0771365165710449,0.8329700827598572,-0.1780766695737838,0.3455057442188263,0.3937960267066955,-0.7981407046318054,0.0245499536395072,-2.24799919128418,2
2023-10-21 17:49:43.380,0.555415153503418,-0.2052523493766784,0.7746481895446777,0.832893967628479,-0.1782265901565551,0.3456789851188659,0.3937373161315918,-0.7986213564872742,0.0246767718344926,-2.247983455657959,2
2023-10-21 17:49:43.410,0.8488798141479492,0.2133659273386001,0.8736329078674316,0.8323305249214172,-0.1791598796844482,0.3470628559589386,0.39328733086586,-0.802209734916687,0.0252523142844438,-2.2480475902557373,2
2023-10-21 17:49:43.430,0.6438703536987305,0.0092998147010803,0.9539685249328612,0.8323255181312561,-0.1791683882474899,0.3470754623413086,0.3932832777500152,-0.8022424578666687,0.0252575911581516,-2.2480485439300537,2
2023-10-21 17:49:43.450,0.3284444808959961,-0.2348692417144775,1.1186838150024414,0.8322657942771912,-0.1798569113016128,0.34800985455513,0.3922683596611023,-0.8047075867652893,0.0263540558516979,-2.2494843006134038,2
2023-10-21 17:49:43.510,0.612098217010498,0.0351987779140472,1.2320160865783691,0.832127034664154,-0.1805050373077392,0.3497879803180694,0.3906799554824829,-0.8087737560272217,0.027099261060357,-2.25209903717041,2
2023-10-21 17:49:43.530,0.3179960250854492,0.1469877660274505,1.1183161735534668,0.832127034664154,-0.1805050373077392,0.3497879803180694,0.3906799554824829,-0.8087737560272217,0.027099261060357,-2.25209903717041,2
2023-10-21 17:49:43.550,0.2518420219421386,0.0333380997180938,0.8546037673950195,0.8321359157562256,-0.1805275678634643,0.3498286306858063,0.3906145393848419,-0.8088735342025757,0.0271539967507123,-2.252211093902588,2
2023-10-21 17:49:43.580,-0.2324705123901367,-0.073899894952774,0.6464776992797852,0.8323771357536316,-0.1808613091707229,0.3493088483810425,0.3904112875461578,-0.8081703186035156,0.0283452086150646,-2.252336263656616,2
2023-10-21 17:49:43.600,-0.3014941215515136,-0.0252735763788223,0.4664521217346191,0.8324229717254639,-0.1812613159418106,0.3487670123577118,0.3906122148036957,-0.8074975609779358,0.029311055317521,-2.2515814304351807,2
2023-10-21 17:49:43.660,-0.4631586074829101,-0.1692420989274978,-0.2128467559814453,0.8339736461639404,-0.1802804619073867,0.3440624177455902,0.3919285237789154,-0.7973911166191101,0.0310075189918279,-2.249884605407715,2
2023-10-21 17:49:43.680,-0.4248929023742676,-0.1809187531471252,-0.0350255966186523,0.8340808749198914,-0.1802039444446563,0.3437678217887878,0.3919942677021026,-0.7967442870140076,0.0311043057590723,-2.2498257160186768,2
2023-10-21 17:49:43.700,-0.2577300071716308,-0.0600482374429702,0.1355848312377929,0.8350372910499573,-0.1800874322652816,0.3409827649593353,0.3924436569213867,-0.7912113070487976,0.0331324450671672,-2.249079704284668,2
2023-10-21 17:49:43.760,-0.5006446838378906,0.0833589136600494,0.0263471603393554,0.8359679579734802,-0.178933784365654,0.3391221463680267,0.3926023244857788,-0.7864822745323181,0.0328914523124694,-2.249818086624145,2
2023-10-21 17:49:43.810,-0.3775548934936523,0.0141085088253021,-0.094369888305664,0.8351207971572876,-0.1777101457118988,0.3424639403820038,0.3920598030090332,-0.7918131351470947,0.0282899625599384,-2.251922607421875,2
2023-10-21 17:49:43.830,-0.3396816253662109,-0.0364837571978569,-0.3968086242675781,0.8351207971572876,-0.1777101457118988,0.3424639403820038,0.3920598030090332,-0.7918131351470947,0.0282899625599384,-2.251922607421875,2
2023-10-21 17:49:43.850,-0.3722777366638183,-0.0758806094527244,-0.4788904190063476,0.8350059390068054,-0.1776284128427505,0.3428469002246856,0.392006903886795,-0.7924813628196716,0.027848444879055,-2.2520945072174072,2
2023-10-21 17:49:43.910,-0.4464101791381836,-0.0701418966054916,-0.2775468826293945,0.8289191722869873,-0.1759346574544906,0.3598898947238922,0.3904090225696563,-0.8242725133895874,0.0106629068031907,-2.2565951347351074,2
2023-10-21 17:49:43.930,-0.4242172241210937,-0.02769785374403,-0.4346942901611328,0.8288872838020325,-0.1759257316589355,0.3599769473075866,0.3904007077217102,-0.8244356513023376,0.0105748958885669,-2.256619691848755,2
2023-10-21 17:49:43.960,-0.5758152008056641,-0.0612981989979743,-0.8050422668457031,0.8243908286094666,-0.1753291636705398,0.3718332350254059,0.3890754580497741,-0.8473129868507385,-0.0002628564834594,-2.259789228439331,2
2023-10-21 17:49:43.980,-0.5884275436401367,0.0026806071400642,-0.8249406814575195,0.8203208446502686,-0.1759992837905883,0.3826695382595062,0.3868619501590729,-0.8695193529129028,-0.0073288739658892,-2.263657808303833,2
2023-10-21 17:49:44.000,-0.6611995697021484,0.1038033291697502,-0.6797933578491211,0.8153599500656128,-0.1787698119878769,0.3952449262142181,0.3834201097488403,-0.897345244884491,-0.0115664796903729,-2.268035650253296,2
2023-10-21 17:49:44.060,-0.5287089347839355,-0.0179788917303085,-0.4658689498901367,0.8101787567138672,-0.181381493806839,0.4082132279872894,0.3795696794986725,-0.926041841506958,-0.0159885250031948,-2.2733094692230225,2
2023-10-21 17:49:44.080,-0.3499565124511719,0.0031572207808494,-0.4389162063598633,0.8071306943893433,-0.1829846352338791,0.4160062074661255,0.3768230974674225,-0.9434388875961304,-0.0181374661624431,-2.277261257171631,2
2023-10-21 17:49:44.100,-0.1880354881286621,0.0161124840378761,-0.5026226043701172,0.8068222999572754,-0.1831441521644592,0.4167836904525757,0.3765467703342438,-0.9451791048049928,-0.0183485615998506,-2.277658462524414,2
2023-10-21 17:49:44.130,-0.1565985679626464,0.1527480781078338,-0.7627897262573242,0.803509533405304,-0.1854842156171798,0.4243841767311096,0.3739869892597198,-0.9629580974578856,-0.0193528700619936,-2.280462741851806,2
2023-10-21 17:49:44.150,-0.1894960403442382,0.2368813753128051,-0.9639739990234376,0.8031445741653442,-0.185738980770111,0.4252096116542816,0.3737066686153412,-0.964894711971283,-0.0194580610841512,-2.2807679176330566,2
2023-10-21 17:49:44.210,-0.6530165672302246,0.4473999738693237,-0.9884920120239258,0.7955369353294373,-0.1908838152885437,0.4430639445781708,0.3665770590305328,-1.0067209005355835,-0.0211254879832267,-2.289641857147217,2
2023-10-21 17:49:44.230,-0.4542703628540039,0.4113050103187561,-1.1680021286010742,0.7954996824264526,-0.190906286239624,0.4431498944759369,0.3665423393249511,-1.0069212913513184,-0.0211361888796091,-2.289686918258667,2
2023-10-21 17:49:44.250,-0.2852659225463867,0.2678478956222534,-1.5816278457641602,0.7914465069770813,-0.1931259930133819,0.4520269632339477,0.3632995188236236,-1.0275920629501345,-0.0227465275675058,-2.293750762939453,2
2023-10-21 17:49:44.310,-0.0416839122772216,-0.2133894562721252,-2.12024450302124,0.7814008593559265,-0.2002948522567749,0.4698026776313782,0.3585808575153351,-1.0718830823898315,-0.0239056162536144,-2.2953388690948486,2
2023-10-21 17:49:44.360,0.1816182136535644,-0.4863527715206146,-1.8645639419555664,0.7749254703521729,-0.2059508115053177,0.47925466299057,0.3569171726703644,-1.0973927974700928,-0.0229173693805933,-2.29236388206482,2
2023-10-21 17:49:44.380,0.2512036561965942,-0.3941987752914428,-1.6233129501342771,0.7683616280555725,-0.2111360877752304,0.4887546896934509,0.3551913201808929,-1.122763991355896,-0.0227470640093088,-2.289875030517578,2
2023-10-21 17:49:44.400,0.2233321666717529,-0.4481531381607055,-1.378199577331543,0.7677039504051208,-0.2116479873657226,0.4896925389766693,0.3550170361995697,-1.1252797842025757,-0.0227343644946813,-2.289628505706787,2
2023-10-21 17:49:44.460,0.4117016792297363,-0.0671917498111724,-0.6987066268920898,0.7526122331619263,-0.2213808894157409,0.511814534664154,0.3501587510108948,-1.182952880859375,-0.0252074170857667,-2.287585496902466,2
2023-10-21 17:49:44.480,0.4756805896759033,0.0168585330247879,-0.768829345703125,0.7518416047096252,-0.2218477129936218,0.5129379034042358,0.3498749732971191,-1.185884714126587,-0.0253422856330871,-2.287566661834717,2
2023-10-21 17:49:44.500,0.5086692571640015,0.2016231119632721,-0.9593896865844728,0.7452015280723572,-0.2259670794010162,0.5228842496871948,0.3467071056365967,-1.211966633796692,-0.0257962048053741,-2.288537979125977,2
2023-10-21 17:49:44.510,0.4991315603256225,0.4426552653312683,-1.1332883834838867,0.7445305585861206,-0.2263769209384918,0.5238739848136902,0.3463870584964752,-1.2145748138427734,-0.0258401483297348,-2.288635730743408,2
2023-10-21 17:49:44.530,0.3206427097320556,0.5783852934837341,-1.132953643798828,0.744463324546814,-0.2264178693294525,0.5239729285240173,0.346354991197586,-1.2148356437683103,-0.0258445609360933,-2.288645505905152,2
2023-10-21 17:49:44.550,0.3803542852401733,0.5907323956489563,-1.1023330688476562,0.737300455570221,-0.2302360236644745,0.5346509218215942,0.3428234159946441,-1.2425349950790403,-0.0270787794142961,-2.290508985519409,2
2023-10-21 17:49:44.610,0.5519211888313293,-1.194304585456848,-0.9662513732910156,0.7207765579223633,-0.2387325316667556,0.5581676959991455,0.3345694541931152,-1.304640531539917,-0.029350321739912,-2.2948482036590576,2
2023-10-21 17:49:44.630,0.6255576014518738,-0.739517092704773,-0.4002656936645508,0.7207765579223633,-0.2387325316667556,0.5581676959991455,0.3345694541931152,-1.304640531539917,-0.029350321739912,-2.2948482036590576,2
2023-10-21 17:49:44.650,0.9207391142845154,0.311775267124176,-0.2075099945068359,0.7199316620826721,-0.2391688674688339,0.5593162775039673,0.334158718585968,-1.3077329397201538,-0.0294345803558826,-2.295027017593384,2
2023-10-21 17:49:44.680,0.7845186591148376,1.656756043434143,-0.5161228179931641,0.7119892239570618,-0.2435846775770187,0.569594144821167,0.3306060433387756,-1.3360862731933594,-0.0297675877809524,-2.2956502437591557,2
2023-10-21 17:49:44.700,0.1746106147766113,1.1972585916519165,-0.7144155502319336,0.7054840922355652,-0.2474502921104431,0.5773186683654785,0.3282739520072937,-1.3581602573394775,-0.0298973154276609,-2.2946877479553223,2
2023-10-21 17:49:44.760,-0.2190713286399841,-0.7981971502304077,-0.4097185134887695,0.6925106644630432,-0.2560895085334778,0.5904698371887207,0.3258721232414245,-1.398337721824646,-0.0301504805684089,-2.287296772003174,2
2023-10-21 17:49:44.780,-0.0443466901779174,-0.656785249710083,-0.3279438018798828,0.6919684410095215,-0.2564564943313598,0.5909832715988159,0.3258044719696045,-1.3999513387680054,-0.0301749594509601,-2.2869153022766118,2
2023-10-21 17:49:44.800,0.0893851518630981,-0.3098052740097046,-0.2056083679199218,0.6871291399002075,-0.2593792974948883,0.5960845947265625,0.3244366943836212,-1.415287971496582,-0.0303339380770921,-2.285280704498291,2
2023-10-21 17:49:44.860,0.1525866985321045,0.0939576029777526,-0.2962808609008789,0.6825764775276184,-0.2612223327159881,0.601459801197052,0.322642832994461,-1.4302464723587036,-0.0315101444721221,-2.2858455181121826,2
2023-10-21 17:49:44.910,-0.0397602915763855,0.0938065648078918,-0.2923154830932617,0.6773677468299866,-0.2633894979953766,0.6048697233200073,0.3254711627960205,-1.4408252239227295,-0.0369205884635448,-2.2781593799591064,2
2023-10-21 17:49:44.930,0.0022335052490234,0.1391056478023529,-0.3347358703613281,0.6773677468299866,-0.2633894979953766,0.6048697233200073,0.3254711627960205,-1.4408252239227295,-0.0369205884635448,-2.2781593799591064,2
2023-10-21 17:49:44.950,0.0027956366539001,0.1188100576400756,-0.3528156280517578,0.6771358251571655,-0.2635467052459717,0.6049486994743347,0.3256799578666687,-1.4411842823028564,-0.0371340326964855,-2.27759051322937,2
2023-10-21 17:49:45.010,-0.0336774587631225,0.0556549727916717,-0.2116451263427734,0.6730258464813232,-0.2631883919239044,0.6108286380767822,0.3235065042972564,-1.4552018642425537,-0.0409603491425514,-2.281936883926392,2
2023-10-21 17:49:45.030,-0.0255627632141113,0.0448305010795593,-0.2777633666992187,0.6730090379714966,-0.263177752494812,0.6108620166778564,0.3234871327877044,-1.4552726745605469,-0.040981438010931,-2.2819855213165283,2
2023-10-21 17:49:45.050,0.0421268343925476,-0.0097056329250335,-0.3435916900634765,0.6718965172767639,-0.2631558179855346,0.6134203672409058,0.3209667503833771,-1.4615623950958252,-0.0401589013636112,-2.2862868309021,2
2023-10-21 17:49:45.060,0.037043273448944,0.0074628293514251,-0.3327322006225586,0.6717735528945923,-0.2631531655788421,0.6137012243270874,0.3206892013549804,-1.4622539281845093,-0.0400667674839496,-2.286759614944458,2
2023-10-21 17:49:45.080,-0.0603691339492797,0.0711019039154052,-0.2457466125488281,0.6712003946304321,-0.2642776370048523,0.6146621704101562,0.3191202878952026,-1.465834379196167,-0.0375446379184722,-2.287764310836792,2
2023-10-21 17:49:45.100,-0.0627308785915374,0.1033588647842407,-0.2260560989379882,0.6705386638641357,-0.26484215259552,0.6153017282485962,0.3188109993934631,-1.4680198431015017,-0.0371646881103515,-2.287482976913452,2
2023-10-21 17:49:45.160,0.0165780484676361,0.0052889585494995,-0.2286691665649414,0.6695778369903564,-0.2646072506904602,0.6162809729576111,0.3191336691379547,-1.4701887369155884,-0.0390115976333618,-2.287328004837036,2
2023-10-21 17:49:45.180,0.0732094347476959,0.036129742860794,-0.2885780334472656,0.6685416102409363,-0.2648128271102905,0.6173573136329651,0.3190553188323974,-1.473075032234192,-0.0398760624229908,-2.287201404571533,2
2023-10-21 17:49:45.200,0.050690621137619,0.0881031453609466,-0.2114543914794922,0.6684378981590271,-0.264833390712738,0.6174649000167847,0.3190474510192871,-1.4733638763427734,-0.0399624966084957,-2.28718900680542,2
2023-10-21 17:49:45.230,0.0461554229259491,0.0890009701251983,-0.2775249481201172,0.6675440669059753,-0.2654947936534881,0.618384838104248,0.3185871243476867,-1.4763567447662354,-0.0395702570676803,-2.2870235443115234,2
2023-10-21 17:49:45.250,0.0955022275447845,0.1013982892036438,-0.2406120300292968,0.6674468517303467,-0.265567272901535,0.6184847354888916,0.3185365200042724,-1.4766827821731567,-0.0395261757075786,-2.287005424499512,2
2023-10-21 17:49:45.310,0.1825228333473205,0.0889893770217895,-0.2089395523071289,0.6660922169685364,-0.26602703332901,0.6200017333030701,0.3180387020111084,-1.480948805809021,-0.0399826876819133,-2.2872135639190674,2
2023-10-21 17:49:45.330,0.2390125393867492,0.0754551887512207,-0.2462682723999023,0.6660863161087036,-0.2660270929336548,0.6200088858604431,0.3180371820926666,-1.4809666872024536,-0.03998838737607,-2.287216186523437,2
2023-10-21 17:49:45.350,0.3428939878940582,0.0913298726081848,-0.2984952926635742,0.6655166149139404,-0.2659990489482879,0.62076735496521,0.317773699760437,-1.4828261137008667,-0.0404845476150512,-2.2877180576324463,2
2023-10-21 17:49:45.410,0.6112263798713684,0.1167675852775573,-0.5776891708374023,0.6566373705863953,-0.2715489268302917,0.6307685971260071,0.3118004500865936,-1.513943076133728,-0.0367377772927284,-2.2896568775177,2
2023-10-21 17:49:45.460,0.7333292961120605,-0.0662690997123718,-0.6670503616333008,0.653958261013031,-0.2738443613052368,0.6335161328315735,0.3098470866680145,-1.523417353630066,-0.0344274975359439,-2.289485216140747,2
2023-10-21 17:49:45.480,0.7621177434921265,-0.1610399484634399,-0.5641603469848633,0.653586208820343,-0.2741705477237701,0.6337644457817078,0.3098358809947967,-1.5244060754776,-0.0343445092439651,-2.2890257835388184,2
2023-10-21 17:49:45.500,0.754410445690155,-0.1723922491073608,-0.5260324478149414,0.6535513401031494,-0.2742011249065399,0.6337868571281433,0.3098364770412445,-1.5244965553283691,-0.0343383066356182,-2.288980007171631,2
2023-10-21 17:49:45.560,0.8128373622894287,-0.0966810882091522,-1.040998458862305,0.6522129774093628,-0.2731964290142059,0.6351752877235413,0.3107000589370727,-1.5269179344177246,-0.0383428707718849,-2.289144992828369,2
2023-10-21 17:49:45.580,0.6705303192138672,-0.006130576133728,-1.1889019012451172,0.6522001624107361,-0.2731104791164398,0.6351935267448425,0.3107649087905884,-1.5268698930740356,-0.0385558754205703,-2.2891695499420166,2
2023-10-21 17:49:45.600,0.4779156446456909,0.1094759404659271,-1.3330049514770508,0.6527705788612366,-0.2723143994808197,0.6346872448921204,0.3112998604774475,-1.5247098207473757,-0.0396488457918167,-2.2894766330718994,2
2023-10-21 17:49:45.610,0.3413848876953125,0.1279853582382202,-1.411174774169922,0.6528275609016418,-0.2722347676753998,0.6346365213394165,0.311353325843811,-1.5244938135147097,-0.039758127182722,-2.2895071506500244,2
2023-10-21 17:49:45.630,0.302425742149353,0.1927291452884674,-1.5166339874267578,0.6528332829475403,-0.2722268402576446,0.6346315145492554,0.3113586902618408,-1.5244723558425903,-0.0397690758109092,-2.289510488510132,2
2023-10-21 17:49:45.650,0.211240530014038,0.1116583943367004,-1.6587324142456057,0.6552460193634033,-0.2706335484981537,0.6323644518852234,0.3122905492782593,-1.5169812440872192,-0.040310688316822,-2.2902841567993164,2
2023-10-21 17:49:45.710,-0.0046849250793457,0.06159508228302,-1.979692459106445,0.6626788973808289,-0.2639957368373871,0.6256628036499023,0.3157673180103302,-1.4929333925247192,-0.0452543869614601,-2.29410982131958,2
2023-10-21 17:49:45.730,-0.1053683757781982,0.09257373213768,-2.1751251220703125,0.6626788973808289,-0.2639957368373871,0.6256628036499023,0.3157673180103302,-1.4929333925247192,-0.0452543869614601,-2.29410982131958,2
2023-10-21 17:49:45.750,-0.3020458221435547,0.0997564196586608,-2.1035056114196777,0.6629021167755127,-0.263774573802948,0.6254924535751343,0.3158213198184967,-1.4922704696655271,-0.0453898571431636,-2.2943360805511475,2
2023-10-21 17:49:45.780,-0.940819501876831,0.0390180349349975,-1.6611027717590332,0.6663655638694763,-0.2613736391067505,0.6220450401306152,0.3173339366912842,-1.4810917377471924,-0.0464679338037967,-2.29518985748291,2
2023-10-21 17:49:45.800,-0.8246364593505859,-0.1164386570453643,-1.0663533210754397,0.6708168983459473,-0.2590513825416565,0.6169389486312866,0.3198179304599762,-1.4659308195114136,-0.0470815785229206,-2.294215440750122,2
2023-10-21 17:49:45.860,-1.3723149299621582,-0.5361013412475586,-0.0927324295043945,0.6834990978240967,-0.2534840703010559,0.6005135178565979,0.3285703361034393,-1.419790267944336,-0.048128169029951,-2.2867467403411865,2
2023-10-21 17:49:45.880,-1.5092744827270508,-0.3543130159378052,0.4524993896484375,0.6841104030609131,-0.2532303929328918,0.5996797680854797,0.3290162086486816,-1.4175026416778564,-0.04815224558115,-2.286310911178589,2
2023-10-21 17:49:45.900,-1.4634532928466797,-0.2234212309122085,0.7958765029907227,0.6911910772323608,-0.2503647208213806,0.5900390148162842,0.3338060975074768,-1.3912867307662964,-0.0478357411921024,-2.2817130088806152,2
2023-10-21 17:49:45.960,-1.0688166618347168,-0.0861372053623199,1.061471939086914,0.7004408240318298,-0.2463607043027877,0.5773391127586365,0.339659720659256,-1.356963276863098,-0.0470929145812988,-2.2765326499938965,2
2023-10-21 17:49:46.010,-1.0054931640625,0.3053812682628631,1.4095945358276367,0.7187653183937073,-0.2354787737131118,0.5534859299659729,0.3486826419830322,-1.2904192209243774,-0.0474917888641357,-2.2740063667297363,2
2023-10-21 17:49:46.030,-0.7156877517700195,0.1760940104722976,1.3009262084960938,0.7187653183937073,-0.2354787737131118,0.5534859299659729,0.3486826419830322,-1.2904192209243774,-0.0474917888641357,-2.2740063667297363,2
2023-10-21 17:49:46.050,-0.6513361930847168,0.023899957537651,1.4111557006835938,0.7197666168212891,-0.2348041385412216,0.5521972179412842,0.3491150736808777,-1.2867860794067385,-0.0475703179836273,-2.274050235748291,2
2023-10-21 17:49:46.110,-0.6267728805541992,-0.0008067637681961,1.1161136627197266,0.744019627571106,-0.219369351863861,0.5214712619781494,0.3554992973804474,-1.202267050743103,-0.0443496629595756,-2.2805349826812744,2
2023-10-21 17:49:46.130,-0.5253705978393555,0.0635749399662017,0.985321044921875,0.7441318035125732,-0.2193015962839126,0.5213218331336975,0.355525255203247,-1.2018693685531616,-0.0443220697343349,-2.2805635929107666,2
2023-10-21 17:49:46.150,-0.3357133865356445,0.165496215224266,1.047706127166748,0.7549339532852173,-0.2137578129768371,0.5062788724899292,0.3578605353832245,-1.1633243560791016,-0.0396187528967857,-2.282334327697754,2
2023-10-21 17:49:46.160,-0.23138427734375,0.1730432510375976,1.1120567321777344,0.7561047673225403,-0.2131430059671402,0.5046123266220093,0.3581091463565826,-1.1590843200683594,-0.0391056649386882,-2.2825403213500977,2
2023-10-21 17:49:46.180,0.096165657043457,0.1366406083106994,1.2717204093933103,0.7661336660385132,-0.2093094587326049,0.4894200563430786,0.3601345121860504,-1.1223851442337036,-0.0318014286458492,-2.282752275466919,2
2023-10-21 17:49:46.200,-0.0476059913635253,0.0924676358699798,0.8158664703369141,0.7748880982398987,-0.206268310546875,0.4747097790241241,0.36283940076828,-1.0878945589065552,-0.0248196572065353,-2.2807552814483643,2
2023-10-21 17:49:46.260,0.1897954940795898,0.187664195895195,1.1936426162719729,0.7818962931632996,-0.2023321539163589,0.4618874788284302,0.3665513694286346,-1.0569109916687012,-0.0222072675824165,-2.2778069972991943,2
2023-10-21 17:49:46.280,0.728607177734375,0.0930442065000534,1.2322707176208496,0.7862952351570129,-0.1980547308921814,0.4533195197582245,0.3701562285423279,-1.034797191619873,-0.024141451343894,-2.275366306304932,2
2023-10-21 17:49:46.300,0.551905632019043,0.0827715918421745,1.5459012985229492,0.7867297530174255,-0.1976256221532821,0.4524596035480499,0.3705142140388489,-1.0325855016708374,-0.0243319142609834,-2.2751197814941406,2
2023-10-21 17:49:46.330,0.4199795722961426,-0.2588491439819336,1.1691460609436035,0.7907349467277527,-0.1936361938714981,0.4442000091075897,0.3740720152854919,-1.0115313529968262,-0.0260987412184476,-2.2723042964935303,2
2023-10-21 17:49:46.350,0.4251885414123535,-0.1553854644298553,0.901442527770996,0.791165292263031,-0.1932007372379303,0.4432978332042694,0.374456912279129,-1.0092389583587646,-0.0262874830514192,-2.2719948291778564,2
2023-10-21 17:49:46.410,0.2643909454345703,0.2220818400382995,1.0032691955566406,0.7995226979255676,-0.1858325451612472,0.427504152059555,0.3787744641304016,-0.9696180820465088,-0.0267038196325302,-2.2708022594451904,2
2023-10-21 17:49:46.430,0.3474173545837402,0.0566702485084533,0.4876766204833984,0.799561083316803,-0.1857996731996536,0.4274346828460693,0.3787880539894104,-0.9694443345069884,-0.0267011057585477,-2.270807266235352,2
2023-10-21 17:49:46.450,0.0080962181091308,-0.1919785290956497,0.8765392303466797,0.8031726479530334,-0.1839250028133392,0.4200825989246368,0.3802840113639831,-0.9525928497314452,-0.0240566693246364,-2.2695937156677246,2
2023-10-21 17:49:46.510,0.8802962303161621,0.1766933500766754,1.2449464797973633,0.8097677230834961,-0.1790845543146133,0.4047248959541321,0.3852309584617615,-0.9167566299438475,-0.0217930637300014,-2.264258623123169,2
2023-10-21 17:49:46.560,0.1147360801696777,-0.1333935856819152,0.9291810989379884,0.8133795857429504,-0.1779791563749313,0.3946153521537781,0.3886074423789978,-0.8952849507331848,-0.0171725247055292,-2.25842809677124,2
2023-10-21 17:49:46.580,0.1441936492919922,-0.0760678052902221,0.6715922355651855,0.815447986125946,-0.17884062230587,0.3877204656600952,0.3908112645149231,-0.8822454214096069,-0.0113808587193489,-2.2531301975250244,2
2023-10-21 17:49:46.600,0.5472407341003418,0.0114716291427612,0.9352469444274902,0.8156493306159973,-0.1789270192384719,0.3870383203029632,0.391027569770813,-0.8809611201286316,-0.0108021218329668,-2.2526094913482666,2
2023-10-21 17:49:46.660,0.1390671730041504,-0.0576648712158203,0.4812178611755371,0.8162501454353333,-0.1853300184011459,0.3812343180179596,0.3924906849861145,-0.8754780888557434,0.0032894669566303,-2.243638277053833,2
2023-10-21 17:49:46.680,0.138458251953125,-0.0750951170921325,0.2253885269165039,0.8162711262702942,-0.1856427639722824,0.3809757530689239,0.3925503492355346,-0.8752649426460266,0.0039653284475207,-2.2432239055633545,2
2023-10-21 17:49:46.700,0.1692852973937988,0.2009613215923309,0.2765321731567383,0.8166559338569641,-0.1877628713846206,0.3795513808727264,0.3921211957931518,-0.8744775652885437,0.0090151457116007,-2.2420873641967773,2
2023-10-21 17:49:46.710,0.2475419044494629,0.0040663182735443,0.4582328796386719,0.8166941404342651,-0.1879748106002807,0.3794088065624237,0.3920781314373016,-0.8743991851806641,0.0095202270895242,-2.241974115371704,2
2023-10-21 17:49:46.730,0.1773104667663574,-0.0885597467422485,0.3287687301635742,0.8166979551315308,-0.1879960000514984,0.37939453125,0.3920738101005554,-0.8743913173675537,0.0095707150176167,-2.2419626712799072,2
2023-10-21 17:49:46.750,-0.0008034706115722,0.0231783092021942,0.1880779266357422,0.8182047009468079,-0.1886496841907501,0.3764019012451172,0.3915022909641266,-0.8690807223320007,0.0139841819182038,-2.2425191402435303,2
2023-10-21 17:49:46.810,0.1706900596618652,-0.0671115517616272,0.2003426551818847,0.8200769424438477,-0.1909034699201584,0.3708952963352203,0.3917478621006012,-0.8603787422180176,0.0225180946290493,-2.2399675846099854,2
2023-10-21 17:49:46.830,0.0677237510681152,-0.2350056767463684,0.3619160652160644,0.8200769424438477,-0.1909034699201584,0.3708952963352203,0.3917478621006012,-0.8603787422180176,0.0225180946290493,-2.2399675846099854,2
2023-10-21 17:49:46.850,0.2135820388793945,-0.0866422653198242,0.4482274055480957,0.820112407207489,-0.1910147815942764,0.3707592785358429,0.3917482197284698,-0.8602188229560852,0.0228206049650907,-2.2398641109466557,2
2023-10-21 17:49:46.900,0.5102534294128418,0.0237915217876434,0.6864566802978516,0.8190476298332214,-0.1938752382993698,0.3715726137161255,0.3917998671531677,-0.8646335601806641,0.0264249797910451,-2.2370259761810303,2
2023-10-21 17:49:46.960,0.4578919410705566,-0.01056370139122,0.76800537109375,0.816633403301239,-0.1968664079904556,0.3753465414047241,0.3917507231235504,-0.8750497102737427,0.0274542793631553,-2.2341747283935547,2
2023-10-21 17:49:46.980,0.3493633270263672,-0.0077407360076904,0.8687448501586914,0.8165203332901001,-0.1969772577285766,0.3755133748054504,0.3917707502841949,-0.875490128993988,0.0274450071156024,-2.2340235710144043,2
2023-10-21 17:49:47.000,0.4468951225280761,0.0471860468387603,1.0056171417236328,0.8158277869224548,-0.1975727975368499,0.3763576149940491,0.3921032845973968,-0.8777590990066528,0.0272320192307233,-2.2327613830566406,2
2023-10-21 17:49:47.060,0.1905050277709961,0.0982944220304489,1.24530029296875,0.8151199817657471,-0.1979632079601287,0.3774237334728241,0.3923535645008087,-0.8802629113197327,0.026563549414277,-2.2318577766418457,2
2023-10-21 17:49:47.110,0.2200570106506347,-0.0580243468284606,0.5638065338134766,0.8151626586914062,-0.1982951164245605,0.377646654844284,0.3918826282024383,-0.8810244202613831,0.0273026172071695,-2.2324764728546143,2
2023-10-21 17:49:47.130,-0.1034512519836425,0.054120235145092,0.371612548828125,0.8151626586914062,-0.1982951164245605,0.377646654844284,0.3918826282024383,-0.8810244202613831,0.0273026172071695,-2.2324764728546143,2
2023-10-21 17:49:47.150,-0.4010515213012695,-0.0028483495116233,0.2561264038085937,0.8151940703392029,-0.1982851326465606,0.3776063024997711,0.3918611407279968,-0.8809340596199036,0.0273466818034648,-2.232529878616333,2
2023-10-21 17:49:47.210,-0.2027382850646972,0.1123014986515045,0.0423460006713867,0.81658536195755,-0.1980202347040176,0.3745631277561188,0.3920189142227173,-0.8746514320373535,0.0297335684299469,-2.2325356006622314,2
2023-10-21 17:49:47.230,-0.3644137382507324,0.1792398989200592,0.1764822006225586,0.8165923357009888,-0.1980172097682953,0.3745488226413727,0.3920195698738098,-0.8746201395988464,0.0297421254217624,-2.2325375080108643,2
2023-10-21 17:49:47.250,-0.5173969268798828,0.2210839986801147,0.1754398345947265,0.8174223899841309,-0.1968205571174621,0.3730982840061188,0.3922753930091858,-0.8705700039863586,0.0290605798363685,-2.2332115173339844,2
2023-10-21 17:49:47.260,-0.4122738838195801,0.1126532852649688,0.0360679626464843,0.8175135254859924,-0.1966888904571533,0.3729386627674103,0.392303466796875,-0.8701246976852417,0.028985446318984,-2.233285665512085,2
2023-10-21 17:49:47.280,-0.4330224990844726,0.0744851231575012,0.0165033340454101,0.8182229399681091,-0.1954024881124496,0.3718579411506653,0.3924930989742279,-0.8667196035385132,0.02786585688591,-2.234163284301758,2
2023-10-21 17:49:47.300,-0.4379024505615234,0.0702279806137085,0.0554180145263671,0.8184991478919983,-0.194207414984703,0.3722037672996521,0.3921824991703033,-0.8662159442901611,0.0259765088558197,-2.235925912857056,2
2023-10-21 17:49:47.360,-0.5026969909667969,0.0422921180725097,0.0103960037231445,0.8178030252456665,-0.1926605105400085,0.3761471509933471,0.390632152557373,-0.8724713921546936,0.0212479718029499,-2.2404532432556152,2
2023-10-21 17:49:47.380,-0.3606257438659668,-0.2539844512939453,-0.1655607223510742,0.8159878849983215,-0.1911927312612533,0.3829301297664642,0.3885535597801208,-0.8844878673553467,0.0144446743652224,-2.245938539505005,2
2023-10-21 17:49:47.400,-0.4327778816223144,-0.2824380993843078,-0.2669143676757812,0.8158038258552551,-0.1910453587770462,0.3836072385311126,0.3883444964885711,-0.8856914639472961,0.0137679753825068,-2.2464914321899414,2
2023-10-21 17:49:47.450,-0.8292026519775391,-0.2427073419094085,-0.5147123336791992,0.8129450082778931,-0.1884479075670242,0.393576979637146,0.3856227695941925,-0.9031090140342712,0.0028510729316622,-2.254369735717773,2
2023-10-21 17:49:47.510,-0.8651869297027588,-0.265323281288147,-0.9548625946044922,0.8048881888389587,-0.1873856633901596,0.417138397693634,0.378202736377716,-0.9498313069343568,-0.013877211138606,-2.2701990604400635,2
2023-10-21 17:49:47.530,-0.571831226348877,-0.3232936263084411,-1.1274909973144531,0.8048496842384338,-0.1873874515295028,0.4172441959381103,0.378167062997818,-0.9500493407249452,-0.0139389978721737,-2.270268440246582,2
2023-10-21 17:49:47.550,-0.3257222175598144,-0.2825154960155487,-1.1380252838134766,0.8003559112548828,-0.1882248818874359,0.4283263385295868,0.3748847842216491,-0.9735995531082152,-0.0198535546660423,-2.276005983352661,2
2023-10-21 17:49:47.610,-0.4186842441558838,-0.0963448882102966,-0.723790168762207,0.7887611985206604,-0.1908770650625229,0.4539281129837036,0.3679281771183014,-1.0294275283813477,-0.0329190045595169,-2.2872912883758545,2
2023-10-21 17:49:47.660,-0.297882080078125,-0.1941885948181152,-0.5856466293334961,0.7823096513748169,-0.1921646893024444,0.4670804440975189,0.3645550906658172,-1.0584688186645508,-0.0398991145193576,-2.2927746772766118,2
2023-10-21 17:49:47.680,-0.2371082305908203,-0.1177158653736114,-0.5691633224487305,0.777483344078064,-0.1935977786779403,0.4770134687423706,0.3612446188926697,-1.0810484886169434,-0.0436128340661525,-2.29785704612732,2
2023-10-21 17:49:47.700,-0.1251983642578125,-0.1139656901359558,-0.8764476776123047,0.7770004868507385,-0.1937386095523834,0.4779924154281616,0.3609137535095215,-1.0832834243774414,-0.0439722649753093,-2.2983651161193848,2
2023-10-21 17:49:47.760,-0.1454445123672485,-0.0164526402950286,-1.4631242752075195,0.7667431235313416,-0.1999286562204361,0.4969778060913086,0.3537607491016388,-1.1301591396331787,-0.0450498834252357,-2.305603504180908,2
2023-10-21 17:49:47.780,-0.1148830652236938,-0.0325898826122283,-1.7946510314941406,0.7661713361740112,-0.2003262490034103,0.4979331195354461,0.353431224822998,-1.1326144933700562,-0.0450169779360294,-2.3058013916015625,2
2023-10-21 17:49:47.800,0.1355611085891723,-0.0550137162208557,-2.0330915451049805,0.7602410912513733,-0.2049277275800705,0.506641685962677,0.35121551156044,-1.1559675931930542,-0.0443063490092754,-2.3049540519714355,2
2023-10-21 17:49:47.810,0.1561038494110107,-0.1106821298599243,-2.177596092224121,0.7596423625946045,-0.2053863555192947,0.5075088143348694,0.3509913086891174,-1.158303141593933,-0.044236421585083,-2.304868459701538,2
2023-10-21 17:49:47.830,0.1243922710418701,-0.1568208634853363,-2.276125431060791,0.7595823407173157,-0.2054321616888046,0.5075953602790833,0.3509688377380371,-1.1585363149642944,-0.0442294441163539,-2.3048596382141118,2
2023-10-21 17:49:47.850,0.1216273307800293,-0.3694313764572143,-2.2099995613098145,0.7537189722061157,-0.2096557170152664,0.5156754851341248,0.3493292927742004,-1.180330514907837,-0.0442525632679462,-2.303230762481689,2
2023-10-21 17:49:47.910,0.4516170620918274,-0.2895907461643219,-1.451883316040039,0.7401909232139587,-0.217951014637947,0.5339886546134949,0.3456456661224365,-1.2291176319122314,-0.0465077608823776,-2.300667762756348,2
2023-10-21 17:49:47.930,0.2804457545280456,-0.3633855581283569,-1.5145835876464844,0.7401909232139587,-0.217951014637947,0.5339886546134949,0.3456456661224365,-1.2291176319122314,-0.0465077608823776,-2.300667762756348,2
2023-10-21 17:49:47.950,0.3295944929122925,-0.2617084681987762,-1.292327880859375,0.739475429058075,-0.2183611989021301,0.5349380970001221,0.3454499840736389,-1.231650948524475,-0.0466601550579071,-2.3005566596984863,2
2023-10-21 17:49:48.000,0.4248747527599334,-0.1636300384998321,-1.2178258895874023,0.7244539260864258,-0.2272656708955764,0.5549843311309814,0.3398666679859161,-1.2859513759613037,-0.0479727201163768,-2.300231695175171,2
2023-10-21 17:49:48.060,0.3807823657989502,-0.0153200030326843,-0.9438199996948242,0.7053529024124146,-0.2399526238441467,0.5781082510948181,0.33270263671875,-1.3524062633514404,-0.0461901426315307,-2.297181844711304,2
2023-10-21 17:49:48.080,0.3478405177593231,0.0055091977119445,-0.8514032363891602,0.7044267654418945,-0.2405557781457901,0.5791792869567871,0.3323662877082824,-1.3555424213409424,-0.0461078025400638,-2.297001361846924,2
2023-10-21 17:49:48.100,0.478287011384964,0.0935024619102478,-0.9165372848510742,0.695315420627594,-0.2462342828512191,0.5898686051368713,0.3285732269287109,-1.3867241144180298,-0.0452244952321052,-2.2962770462036133,2
2023-10-21 17:49:48.160,0.8809881806373596,-0.03235724568367,-0.7629613876342773,0.6855795979499817,-0.2519559264183044,0.6008254289627075,0.3248194754123688,-1.4190080165863037,-0.0448629818856716,-2.295198440551758,2
2023-10-21 17:49:48.210,0.4933605790138244,0.9768518209457396,-0.1734352111816406,0.6721709370613098,-0.2609475553035736,0.614477813243866,0.320171445608139,-1.4618350267410278,-0.0426867306232452,-2.29080867767334,2
2023-10-21 17:49:48.230,0.259276807308197,0.8641642928123474,-0.2597312927246094,0.6721709370613098,-0.2609475553035736,0.614477813243866,0.320171445608139,-1.4618350267410278,-0.0426867306232452,-2.29080867767334,2
2023-10-21 17:49:48.250,0.1048987507820129,0.4479376077651977,-0.4480133056640625,0.6715192198753357,-0.2613883316516876,0.6151215434074402,0.3199433088302612,-1.463892936706543,-0.0425663068890571,-2.290580034255981,2
2023-10-21 17:49:48.310,0.0259090960025787,-0.2333299219608307,-0.6288290023803711,0.6587205529212952,-0.2694770097732544,0.6274856328964233,0.3158024549484253,-1.5033999681472778,-0.041314672678709,-2.2861196994781494,2
2023-10-21 17:49:48.330,0.000232845544815,-0.1285180747509002,-0.5756645202636719,0.6586644649505615,-0.2695114016532898,0.6275390386581421,0.3157841265201568,-1.503571629524231,-0.0413103178143501,-2.2861011028289795,2
2023-10-21 17:49:48.350,0.0904343724250793,-0.1004440486431121,-0.5254240036010742,0.6540552973747253,-0.2724262475967407,0.6319999694824219,0.3139614462852478,-1.518008589744568,-0.0404946617782115,-2.2849278450012207,2
2023-10-21 17:49:48.360,0.142760768532753,-0.0913372337818145,-0.4182882308959961,0.653546154499054,-0.2727460265159607,0.6324886083602905,0.3137599229812622,-1.5195966958999634,-0.0404059253633022,-2.2847979068756104,2
2023-10-21 17:49:48.380,0.1212922632694244,-0.0652152597904205,-0.3570156097412109,0.6499537825584412,-0.2750894725322723,0.6360126733779907,0.3120478689670563,-1.5311279296875,-0.0393520817160606,-2.2841992378234863,2
2023-10-21 17:49:48.400,0.1203422993421554,-0.0349872410297393,-0.3620252609252929,0.6465656161308289,-0.2772543132305145,0.6391770243644714,0.3107019364833832,-1.5416048765182495,-0.0386705212295055,-2.2832300662994385,2
2023-10-21 17:49:48.460,0.1810551583766937,0.0482305884361267,-0.1905574798583984,0.6435628533363342,-0.2792578041553497,0.6415815353393555,0.3101855218410492,-1.550002932548523,-0.0385882668197155,-2.281128406524658,2
2023-10-21 17:49:48.480,0.1131981462240219,0.0839156806468963,-0.210052490234375,0.6417291760444641,-0.2801003754138946,0.6435074210166931,0.3092341721057892,-1.555900812149048,-0.0385013259947299,-2.2814371585845947,2
2023-10-21 17:49:48.500,0.1298664212226867,0.0759115517139434,-0.2080812454223632,0.6415454745292664,-0.2801844775676727,0.6436997056007385,0.3091388642787933,-1.5564905405044556,-0.038492526859045,-2.281467914581299,2
2023-10-21 17:49:48.550,0.00690658390522,0.1018792390823364,-0.3055152893066406,0.6394689083099365,-0.2799233198165893,0.6471088528633118,0.3065496385097503,-1.5650057792663574,-0.038747139275074,-2.2860817909240723,2
2023-10-21 17:49:48.610,0.0492850393056869,0.0479590892791748,-0.2421979904174804,0.6376155614852905,-0.2787525951862335,0.6521880626678467,0.300656259059906,-1.5769050121307373,-0.0367030948400497,-2.297290325164795,2
2023-10-21 17:49:48.630,0.0574530512094497,0.0604090988636016,-0.1784200668334961,0.6376133561134338,-0.2787463068962097,0.6522039175033569,0.3006324470043182,-1.5769394636154177,-0.0366908386349678,-2.297337770462036,2
2023-10-21 17:49:48.650,0.0474871098995208,0.0156657993793487,-0.14727783203125,0.6382957100868225,-0.277818500995636,0.652455747127533,0.2994948029518127,-1.5765633583068848,-0.0361613743007183,-2.3005356788635254,2
2023-10-21 17:49:48.710,0.0270227491855621,0.0458160936832428,-0.2300395965576172,0.6401118040084839,-0.2757911086082458,0.6513087749481201,0.2999885082244873,-1.5713244676589966,-0.0377049371600151,-2.3028080463409424,2
2023-10-21 17:49:48.760,0.0716486945748329,0.0026620328426361,-0.1329011917114257,0.6405837535858154,-0.2757905125617981,0.6505211591720581,0.3006896674633026,-1.5692715644836426,-0.0378852225840091,-2.301682472229004,2
2023-10-21 17:49:48.780,0.1543173491954803,-0.0241793990135192,-0.1566648483276367,0.6408873200416565,-0.27595254778862,0.6498667597770691,0.3013087213039398,-1.5677473545074463,-0.0379211604595184,-2.3004424571990967,2
2023-10-21 17:49:48.800,0.1444531232118606,-0.083680659532547,-0.1376953125,0.6409172415733337,-0.2759686708450317,0.6498019695281982,0.3013700246810913,-1.567596673965454,-0.0379246175289154,-2.3003194332122803,2
2023-10-21 17:49:48.860,0.1023316383361816,-0.0174951255321502,-0.2901020050048828,0.6358722448348999,-0.27669757604599,0.6546657085418701,0.3008617758750915,-1.5811030864715576,-0.0420515500009059,-2.3002071380615234,2
2023-10-21 17:49:48.880,0.0300267040729522,-0.008889615535736,-0.2828893661499023,0.6356824636459351,-0.2767407894134521,0.6548532247543335,0.3008150458335876,-1.5816426277160645,-0.0421533547341823,-2.300222396850586,2
2023-10-21 17:49:48.900,0.0815172642469406,0.0360374152660369,-0.2197027206420898,0.6358039379119873,-0.2770094871520996,0.6548333168029785,0.30035400390625,-1.5818877220153809,-0.0411277711391449,-2.3005287647247314,2
2023-10-21 17:49:48.910,0.2237408459186554,-0.0007039308547973,-0.2401609420776367,0.6358160972595215,-0.2770363688468933,0.6548313498497009,0.3003079295158386,-1.581912398338318,-0.0410252250730991,-2.3005595207214355,2
2023-10-21 17:49:48.930,0.3651818335056305,-0.0171411633491516,-0.3044204711914062,0.635817289352417,-0.2770390212535858,0.6548311114311218,0.3003032803535461,-1.5819146633148191,-0.0410149656236171,-2.300562620162964,2
2023-10-21 17:49:48.950,0.4774012565612793,0.0116849839687347,-0.396977424621582,0.6360425353050232,-0.2770552337169647,0.6548143625259399,0.2998474836349487,-1.5818884372711182,-0.0402619242668151,-2.30124568939209,2
2023-10-21 17:49:49.010,0.7137024402618408,0.0925422310829162,-0.6761856079101562,0.6360759735107422,-0.2774086594581604,0.6552040576934814,0.2985957264900207,-1.583301663398743,-0.0383857265114784,-2.3026669025421143,2
2023-10-21 17:49:49.030,0.6670287251472473,0.0703760981559753,-0.6730194091796875,0.6360759735107422,-0.2774086594581604,0.6552040576934814,0.2985957264900207,-1.583301663398743,-0.0383857265114784,-2.3026669025421143,2
2023-10-21 17:49:49.050,0.7566030621528625,0.0035279095172882,-0.8095369338989258,0.6365839838981628,-0.2780248522758484,0.6547406911849976,0.2979560792446136,-1.582770824432373,-0.0362035147845745,-2.3026998043060303,2
2023-10-21 17:49:49.100,0.9305315613746644,-0.2651067078113556,-1.2026910781860352,0.6387585401535034,-0.2778662145137787,0.6525300741195679,0.2982993423938751,-1.5768101215362549,-0.034326497465372,-2.3023269176483154,2
2023-10-21 17:49:49.160,0.3894100189208984,-0.1486563980579376,-1.4048357009887695,0.6404603123664856,-0.277021199464798,0.650202751159668,0.300510048866272,-1.5698044300079346,-0.0359505079686641,-2.300081253051758,2
2023-10-21 17:49:49.180,0.2893713712692261,-0.0370753407478332,-1.564241886138916,0.6404855251312256,-0.2769864797592163,0.6501403450965881,0.3006232380867004,-1.569603443145752,-0.0360907576978206,-2.299954652786255,2
2023-10-21 17:49:49.200,0.2033201456069946,0.034115195274353,-1.6983389854431152,0.641509473323822,-0.2760250866413116,0.6485913395881653,0.3026633262634277,-1.5645127296447754,-0.0384737104177475,-2.29815936088562,2
2023-10-21 17:49:49.260,-0.1350195407867431,-0.0575657486915588,-2.009037494659424,0.6470330357551575,-0.2733911275863647,0.6423766016960144,0.3065256476402282,-1.545554280281067,-0.0400343164801597,-2.2957892417907715,2
2023-10-21 17:49:49.310,-0.5386178493499756,-0.1711502075195312,-1.6027612686157229,0.6538880467414856,-0.2689967155456543,0.6351326107978821,0.3109306395053863,-1.5222373008728027,-0.0431903153657913,-2.295006036758423,2
2023-10-21 17:49:49.330,-0.9416091442108154,-0.1436484456062317,-0.8969688415527344,0.6538880467414856,-0.2689967155456543,0.6351326107978821,0.3109306395053863,-1.5222373008728027,-0.0431903153657913,-2.295006036758423,2
2023-10-21 17:49:49.350,-1.178774356842041,-0.1128974556922912,-0.5091218948364258,0.654326319694519,-0.2687180638313293,0.6346765160560608,0.3111806511878967,-1.5207757949829102,-0.0433530695736408,-2.294996976852417,2
2023-10-21 17:49:49.410,-1.296648025512695,-0.034382939338684,0.3121423721313476,0.6692329049110413,-0.2609176337718963,0.6180513501167297,0.3194712698459625,-1.4706556797027588,-0.0456858649849891,-2.2921600341796875,2
2023-10-21 17:49:49.430,-1.320162296295166,0.0936088562011718,0.4184560775756836,0.6693092584609985,-0.2608785927295685,0.6179623007774353,0.3195154666900635,-1.470393180847168,-0.0456960089504718,-2.2921395301818848,2
2023-10-21 17:49:49.450,-1.4445595741271973,0.0613656938076019,0.8436975479125977,0.6781572699546814,-0.2561520636081695,0.6073475480079651,0.3249891698360443,-1.4392399787902832,-0.0473576746881008,-2.289320707321167,2
2023-10-21 17:49:49.460,-1.652231216430664,-0.0411824285984039,0.9234495162963868,0.6791204810142517,-0.2556283175945282,0.6061708331108093,0.3255864381790161,-1.4358125925064087,-0.0475350506603717,-2.2890074253082275,2
2023-10-21 17:49:49.480,-1.503798484802246,0.0748393237590789,1.1499547958374023,0.6883534789085388,-0.250211626291275,0.594470739364624,0.3319158554077148,-1.4017837047576904,-0.0501814968883991,-2.2853453159332275,2
2023-10-21 17:49:49.500,-1.3102426528930664,-0.0032877624034881,1.2682313919067385,0.6992800831794739,-0.2432238012552261,0.580256462097168,0.3393407464027405,-1.360663652420044,-0.053671970963478,-2.2814371585845947,2
2023-10-21 17:49:49.560,-1.0204730033874512,-0.0631579160690307,1.0268125534057615,0.7125765085220337,-0.2341783046722412,0.5627923607826233,0.3473614752292633,-1.3105977773666382,-0.057276178151369,-2.27846908569336,2
2023-10-21 17:49:49.580,-0.8263392448425293,0.0174465775489807,1.0571308135986328,0.7249279618263245,-0.2262225747108459,0.5461637377738953,0.3535646200180053,-1.2644590139389038,-0.0582511499524116,-2.27671217918396,2
2023-10-21 17:49:49.600,-0.5341081619262695,-0.058301955461502,1.11454439163208,0.7261420488357544,-0.2254203408956527,0.5444847941398621,0.3541746735572815,-1.2598448991775513,-0.0583441704511642,-2.276534080505371,2
2023-10-21 17:49:49.650,-0.4652485847473144,-0.0455403327941894,1.240558624267578,0.7415016889572144,-0.2167264521121978,0.5229687094688416,0.3601508438587188,-1.2029391527175903,-0.0553173869848251,-2.2752697467803955,2
2023-10-21 17:49:49.710,-0.1219110488891601,-0.0289901793003082,0.7097792625427246,0.7670941352844238,-0.2052036374807357,0.4847883284091949,0.3666585087776184,-1.1083791255950928,-0.0406937561929225,-2.275019645690918,2
2023-10-21 17:49:49.730,-0.2393774986267089,-0.1059444546699523,0.6311588287353516,0.7671966552734375,-0.205158919095993,0.4846276342868805,0.3666815757751465,-1.1079909801483154,-0.0406247340142726,-2.2750210762023926,2
2023-10-21 17:49:49.750,-0.0736889839172363,0.1998102962970733,0.8940691947937012,0.7764672636985779,-0.2007453590631485,0.4696569442749023,0.3690830767154693,-1.071805715560913,-0.0349475927650928,-2.2749030590057373,2
2023-10-21 17:49:49.810,0.5209336280822754,0.1677905768156051,1.229637622833252,0.790575385093689,-0.191310778260231,0.4464639127254486,0.3729085624217987,-1.014098048210144,-0.0304939616471529,-2.2770400047302246,2
2023-10-21 17:49:49.830,0.2545371055603027,0.0914911776781082,1.167954921722412,0.7910933494567871,-0.1908564567565918,0.4455741643905639,0.3731071650981903,-1.0118160247802734,-0.0305280126631259,-2.277107954025269,2
2023-10-21 17:49:49.860,0.6294713020324707,-0.3054749667644501,0.9073085784912108,0.7949795126914978,-0.1867124736309051,0.4373469650745392,0.376661479473114,-0.9907969832420348,-0.032604094594717,-2.27427339553833,2
2023-10-21 17:49:49.880,0.5979905128479004,-0.1355067193508148,0.5995397567749023,0.7990156412124634,-0.1825228929519653,0.4278699457645416,0.3810339272022247,-0.9672557711601256,-0.0343954116106033,-2.2696986198425293,2
2023-10-21 17:49:49.900,0.4234747886657715,0.0209730137139558,0.6372513771057129,0.7993761897087097,-0.182143822312355,0.4270010888576507,0.3814335763454437,-0.9651091694831848,-0.0345491059124469,-2.269268035888672,2
2023-10-21 17:49:49.960,-0.0633907318115234,-0.2562215924263,0.8751811981201172,0.8079081177711487,-0.1758149713277816,0.4057377874851227,0.3895516693592071,-0.915688931941986,-0.0320324525237083,-2.2588086128234863,2
2023-10-21 17:49:49.980,0.2245678901672363,-0.4269890189170837,0.7036533355712891,0.8083212375640869,-0.1755605340003967,0.404632955789566,0.3899584114551544,-0.9132082462310792,-0.0317667797207832,-2.2582123279571533,2
2023-10-21 17:49:50.000,0.8092269897460938,-0.1500424742698669,0.6984453201293945,0.811714231967926,-0.173014611005783,0.3946166038513183,0.3942891657352447,-0.8905606269836426,-0.0303139016032218,-2.251697540283203,2
2023-10-21 17:49:50.010,0.808128833770752,-0.0055583715438842,0.7209258079528809,0.8120473623275757,-0.1727586984634399,0.3936119377613067,0.3947192430496216,-0.888296365737915,-0.0301604997366666,-2.2510476112365723,2
2023-10-21 17:49:50.030,0.6582655906677246,0.2790570259094238,0.9638924598693848,0.8120806217193604,-0.1727330982685089,0.3935114443302154,0.3947622179985046,-0.8880699276924133,-0.0301450546830892,-2.2509827613830566,2
2023-10-21 17:49:50.050,0.600459098815918,0.1705703735351562,0.7697324752807617,0.81526780128479,-0.1715630143880844,0.3838297426700592,0.398220032453537,-0.867546796798706,-0.0259607098996639,-2.2448830604553223,2
2023-10-21 17:49:50.110,0.3216218948364258,0.2283148169517517,0.775637149810791,0.8227148652076721,-0.1695598810911178,0.3627427220344543,0.4034940004348755,-0.8238538503646851,-0.0137305697426199,-2.235647678375244,2
2023-10-21 17:49:50.130,0.1777019500732422,0.4139981865882873,0.6838479042053223,0.8227148652076721,-0.1695598810911178,0.3627427220344543,0.4034940004348755,-0.8238538503646851,-0.0137305697426199,-2.235647678375244,2
2023-10-21 17:49:50.150,0.3456339836120605,0.1484315693378448,0.6737637519836426,0.8230617046356201,-0.1695081144571304,0.3617849051952362,0.403668463230133,-0.8219211101531982,-0.0130514036864042,-2.2353274822235107,2
2023-10-21 17:49:50.200,0.4052815437316894,0.0239619016647338,0.6843571662902832,0.8272997140884399,-0.1728285253047943,0.3493958711624145,0.4045096635818481,-0.8008323311805725,0.0032939673401415,-2.2306582927703857,2
2023-10-21 17:49:50.260,0.3019824028015136,-0.0101703405380249,0.5782942771911621,0.8323848247528076,-0.1774543672800064,0.3356870710849762,0.4036827385425567,-0.778653085231781,0.0244009271264076,-2.228476285934448,2
2023-10-21 17:49:50.280,0.1190361976623535,-0.1728849411010742,0.3829379081726074,0.8326151371002197,-0.1776969879865646,0.3350043296813965,0.4036680459976196,-0.7775670289993286,0.0254480596631765,-2.22830867767334,2
2023-10-21 17:49:50.300,0.1917228698730468,-0.1185753941535949,0.3946185111999511,0.8348430395126343,-0.1796228438615799,0.3277912139892578,0.4041357338428497,-0.7655258774757385,0.0349766090512275,-2.225838184356689,2
2023-10-21 17:49:50.360,0.3810663223266601,-0.0672627091407775,0.3946332931518554,0.8368085622787476,-0.1812574118375778,0.3217021822929382,0.4042336940765381,-0.7554125785827637,0.0432832986116409,-2.224400043487549,2
2023-10-21 17:49:50.380,0.8078017234802246,-0.0484799742698669,0.4772372245788574,0.8379239439964294,-0.1817327290773391,0.3177822232246399,0.4048100709915161,-0.7483763694763184,0.0472911410033702,-2.222928762435913,2
2023-10-21 17:49:50.410,0.5445041656494141,-0.1269146203994751,0.4890236854553222,0.8388954401016235,-0.182709515094757,0.314143568277359,0.4051980078220367,-0.742385745048523,0.0519910715520381,-2.221418857574463,2
2023-10-21 17:49:50.430,0.3617177009582519,-0.1386609673500061,0.3998889923095703,0.8388954401016235,-0.182709515094757,0.314143568277359,0.4051980078220367,-0.742385745048523,0.0519910715520381,-2.221418857574463,2
2023-10-21 17:49:50.450,0.4972114562988281,0.1467005610466003,0.533536434173584,0.8389883041381836,-0.1828110963106155,0.3137905597686767,0.4052334725856781,-0.7418122291564941,0.0524599328637123,-2.221271753311157,2
2023-10-21 17:49:50.510,0.576291561126709,-0.0092855095863342,0.9455957412719728,0.8400236964225769,-0.1829476356506347,0.3104612827301025,0.405591070652008,-0.7355951070785522,0.0555486194789409,-2.220543622970581,2
2023-10-21 17:49:50.530,1.0582232475280762,0.0416444540023803,0.8189024925231934,0.8400262594223022,-0.1829469799995422,0.3104526996612549,0.4055928885936737,-0.7355782389640808,0.0555542930960655,-2.220541000366211,2
2023-10-21 17:49:50.550,0.9046077728271484,-0.0228541493415832,0.7298245429992676,0.8399977087974548,-0.1835037171840667,0.3109091520309448,0.40505051612854,-0.7369775772094727,0.0564475581049919,-2.2211720943450928,2
2023-10-21 17:49:50.560,0.6828241348266602,0.1042298376560211,0.8683581352233887,0.8399944305419922,-0.1835649311542511,0.3109593391418457,0.4049907922744751,-0.7371314167976379,0.0565458238124847,-2.221241235733032,2
2023-10-21 17:49:50.580,0.6804690361022949,-0.1287656426429748,1.0500407218933103,0.8401327729225159,-0.1830582022666931,0.3115865886211395,0.40445077419281,-0.7378013730049133,0.0555721409618854,-2.222768545150757,2
2023-10-21 17:49:50.600,0.351572036743164,-0.220240831375122,0.9122700691223145,0.8401857614517212,-0.1830145716667175,0.3119038045406341,0.4041158258914947,-0.7383488416671753,0.0554704181849956,-2.223487138748169,2
2023-10-21 17:49:50.660,0.1851534843444824,-0.117459237575531,0.6423759460449219,0.8403298258781433,-0.183641567826271,0.3116874098777771,0.4036986827850342,-0.7385359406471252,0.0570142343640327,-2.2238237857818604,2
2023-10-21 17:49:50.680,0.1204862594604492,0.0242240726947784,0.4192743301391601,0.8405803442001343,-0.1839774698019027,0.311032772064209,0.4035289287567138,-0.7376077771186829,0.0583072714507579,-2.223914861679077,2
2023-10-21 17:49:50.700,0.0918812751770019,0.2261084914207458,0.3528337478637695,0.8406053781509399,-0.1840110719203949,0.3109672963619232,0.4035119414329529,-0.7375150322914124,0.0584366247057914,-2.223924160003662,2
2023-10-21 17:49:50.750,-0.0521960258483886,0.0164836943149566,0.421053409576416,0.8411030173301697,-0.1835493147373199,0.309832364320755,0.4035582840442657,-0.7348873615264893,0.0587306842207908,-2.224271059036255,2
2023-10-21 17:49:50.810,-0.3254556655883789,-0.3658406734466553,0.0299506187438964,0.8438926339149475,-0.1807965636253357,0.3034512400627136,0.4038256704807281,-0.7199825644493103,0.060099147260189,-2.226321220397949,2
2023-10-21 17:49:50.830,-0.6131367683410645,-0.0657782405614852,-0.1100149154663086,0.8439056277275085,-0.180782213807106,0.303421676158905,0.4038271605968475,-0.7199119925498962,0.0601025968790054,-2.2263314723968506,2
2023-10-21 17:49:50.850,-0.8133111000061035,0.0684578865766525,-0.0735516548156738,0.8454279899597168,-0.1790073812007904,0.3003438711166382,0.4037345349788666,-0.7122848629951477,0.060193657875061,-2.228140115737915,2
2023-10-21 17:49:50.910,-0.8051247596740723,0.0280782878398895,-0.2165327072143554,0.8474080562591553,-0.1759869307279586,0.2989329099655151,0.4019542634487152,-0.7065384387969971,0.057983249425888,-2.234397649765014,2
2023-10-21 17:49:50.930,-0.8371195793151855,0.0165992975234985,-0.2764787673950195,0.8474375009536743,-0.1758730709552765,0.2990255951881408,0.4018730819225311,-0.70660001039505,0.0577743127942085,-2.2346560955047607,2
2023-10-21 17:49:50.960,-0.3447012901306152,-0.1383677721023559,-0.1731414794921875,0.8466407656669617,-0.174064889550209,0.3033138215541839,0.4011256694793701,-0.7129979133605957,0.0514296032488346,-2.237523317337036,2
2023-10-21 17:49:50.980,-0.2624382972717285,0.0491880774497985,-0.0853748321533203,0.8447549939155579,-0.1724673509597778,0.3106442987918854,0.4001801908016205,-0.7254596948623657,0.042770966887474,-2.240545749664306,2
2023-10-21 17:49:51.000,-0.4234299659729004,0.0010662674903869,-0.3106060028076172,0.8445720672607422,-0.1723250895738601,0.3113336861133575,0.4000919163227081,-0.726642906665802,0.0419700406491756,-2.2408244609832764,2
2023-10-21 17:49:51.060,-1.1585817337036133,-0.3577922582626343,-0.581212043762207,0.8384928703308105,-0.1686685383319854,0.3338464498519897,0.3962666690349579,-0.7665398120880127,0.0182713009417057,-2.251258611679077,2
2023-10-21 17:49:51.080,-1.1241326332092283,-0.3020366728305816,-0.7749814987182617,0.8381261825561523,-0.1685098111629486,0.335143893957138,0.3960145115852356,-0.7689083814620972,0.0170221198350191,-2.251892566680908,2
2023-10-21 17:49:51.100,-1.0294413566589355,-0.1773430109024047,-0.8743314743041992,0.8341107964515686,-0.1681568324565887,0.3483386039733886,0.3932463228702545,-0.7943031787872314,0.0065571540035307,-2.257737159729004,2
2023-10-21 17:49:51.110,-0.7957425117492676,-0.0669643580913543,-1.055912971496582,0.8337001800537109,-0.1681196987628936,0.3496543169021606,0.3929652571678161,-0.7968457937240601,0.0055188816040754,-2.258336067199707,2
2023-10-21 17:49:51.130,-0.6664080619812012,-0.0342971086502075,-1.1596660614013672,0.8336589932441711,-0.1681159734725952,0.3497858643531799,0.3929370641708374,-0.7971001863479614,0.0054151681251823,-2.2583961486816406,2
2023-10-21 17:49:51.150,-0.6220345497131348,-0.0331188440322876,-1.0789289474487305,0.8283663988113403,-0.1696360260248184,0.3651128113269806,0.3895195424556732,-0.8286974430084229,-0.0033955937251448,-2.263993978500366,2
2023-10-21 17:49:51.210,-0.780644416809082,0.2454931139945984,-0.281473159790039,0.8165374398231506,-0.1750936806201934,0.3943952620029449,0.3834854662418365,-0.8922331929206848,-0.0165493600070476,-2.2713623046875,2
2023-10-21 17:49:51.230,-0.602658748626709,0.3424363732337951,-0.2859411239624023,0.8165374398231506,-0.1750936806201934,0.3943952620029449,0.3834854662418365,-0.8922331929206848,-0.0165493600070476,-2.2713623046875,2
2023-10-21 17:49:51.250,-0.4517712593078613,0.2640280425548553,-0.4902381896972656,0.8159619569778442,-0.175399512052536,0.3957144618034363,0.3832114934921264,-0.8951765894889832,-0.0170467998832464,-2.2716383934021,2
2023-10-21 17:49:51.300,-0.1804790496826172,-0.1458332240581512,-1.3660268783569336,0.8048375248908997,-0.1809045970439911,0.420304924249649,0.3779603838920593,-0.9502999782562256,-0.0265227053314447,-2.2771542072296143,2
2023-10-21 17:49:51.360,-0.0929641723632812,-0.1279831826686859,-1.8050041198730469,0.791991114616394,-0.1892866343259811,0.4465190172195434,0.3708658516407013,-1.0123803615570068,-0.0313758179545402,-2.2831010818481445,2
2023-10-21 17:49:51.380,-0.0357978343963623,-0.170320063829422,-1.754669189453125,0.7913491725921631,-0.1897572875022888,0.4477438032627105,0.3705189228057861,-1.0153807401657104,-0.0314717404544353,-2.2833120822906494,2
2023-10-21 17:49:51.400,0.0822399854660034,-0.1951738893985748,-1.6144695281982422,0.7842356562614441,-0.1949832886457443,0.4605252146720886,0.3672501742839813,-1.0471293926239014,-0.0324359498918056,-2.284399509429932,2
2023-10-21 17:49:51.460,0.7460838556289673,-0.0442085266113281,-1.5742673873901367,0.7754164338111877,-0.2004104107618332,0.475493848323822,0.3639652132987976,-1.084025263786316,-0.035330731421709,-2.285162687301636,2
2023-10-21 17:49:51.480,0.8666607141494751,-0.0495835840702056,-1.8013992309570312,0.768170952796936,-0.204313039779663,0.4875581562519073,0.3611880242824554,-1.113626480102539,-0.038315013051033,-2.286409854888916,2
2023-10-21 17:49:51.510,0.944113314151764,0.0044642090797424,-1.98172664642334,0.759131908416748,-0.2090644985437393,0.5023643970489502,0.3572686910629272,-1.1503187417984009,-0.0415550544857978,-2.2887837886810303,2
2023-10-21 17:49:51.530,0.8208703398704529,0.0615856945514678,-1.802959442138672,0.759131908416748,-0.2090644985437393,0.5023643970489502,0.3572686910629272,-1.1503187417984009,-0.0415550544857978,-2.2887837886810303,2
2023-10-21 17:49:51.550,0.7238106727600098,-0.0149528682231903,-1.677027702331543,0.7582134008407593,-0.2095366865396499,0.5038392543792725,0.3568655550479889,-1.1539973020553589,-0.0418709367513656,-2.2890353202819824,2
2023-10-21 17:49:51.610,0.4324400424957275,0.0731947124004364,-0.8371496200561523,0.7366488575935364,-0.2219732254743576,0.536687970161438,0.3464715182781219,-1.239027738571167,-0.0448765866458416,-2.294330358505249,2
2023-10-21 17:49:51.630,0.3783295750617981,0.0698969960212707,-0.8039388656616211,0.7365443110466003,-0.2220348715782165,0.536838948726654,0.3464203774929046,-1.2394287586212158,-0.0448819249868392,-2.2943520545959477,2
2023-10-21 17:49:51.650,0.3700034618377685,0.0087071061134338,-0.9128150939941406,0.7256381511688232,-0.2288477271795272,0.5519900918006897,0.3411524295806885,-1.2805849313735962,-0.0445189289748668,-2.2958085536956787,2
2023-10-21 17:49:51.660,0.4426203370094299,0.0260587036609649,-1.093952178955078,0.7244196534156799,-0.2295912802219391,0.5536425709724426,0.340564101934433,-1.285111904144287,-0.0444753766059875,-2.2959678173065186,2
2023-10-21 17:49:51.680,0.8412076234817505,0.1046850979328155,-1.4092788696289062,0.7135101556777954,-0.2364169061183929,0.5675671696662903,0.3359729945659637,-1.324116587638855,-0.0440169535577297,-2.29574990272522,2
2023-10-21 17:49:51.700,1.3974297046661377,-0.1318279802799224,-1.822884559631348,0.701904296875,-0.2439138889312744,0.5811353325843811,0.3318406939506531,-1.3635475635528564,-0.0432937964797019,-2.293473958969116,2
2023-10-21 17:49:51.760,0.3954482078552246,0.2199377119541168,0.2307977676391601,0.689471423625946,-0.2521326541900635,0.5946399569511414,0.3278135061264038,-1.4042145013809204,-0.0421980358660221,-2.2896482944488525,2
2023-10-21 17:49:51.780,-0.0857758224010467,0.4251477122306824,0.6985454559326172,0.6798324584960938,-0.2589260041713714,0.604549765586853,0.324506938457489,-1.4353187084197998,-0.0403195172548294,-2.286088705062866,2
2023-10-21 17:49:51.800,-0.1997474431991577,0.2888476550579071,0.2947521209716797,0.6788592338562012,-0.2596018016338348,0.6055325269699097,0.3241718411445617,-1.438429355621338,-0.0401377864181995,-2.2857296466827397,2
2023-10-21 17:49:51.850,0.2187857627868652,-0.0569272935390472,-1.0487537384033203,0.6691832542419434,-0.2667978703975677,0.6151595115661621,0.320298969745636,-1.4697600603103638,-0.0370050184428691,-2.282205581665039,2
2023-10-21 17:49:51.910,0.1957957744598388,0.0611552894115448,-0.7697420120239258,0.6540131568908691,-0.2779014110565185,0.6302081346511841,0.3128502964973449,-1.519532561302185,-0.0308241173624992,-2.2785122394561768,2
2023-10-21 17:49:51.930,0.2457807064056396,-0.0649538338184356,-0.5337505340576172,0.6539483666419983,-0.2779451906681061,0.6302722692489624,0.312817633152008,-1.5197433233261108,-0.0308018159121274,-2.278501272201538,2
2023-10-21 17:49:51.950,0.1869542002677917,-0.1558185219764709,-0.3277130126953125,0.6480712294578552,-0.2814518511295318,0.636326014995575,0.3096414804458618,-1.539029240608215,-0.029268329963088,-2.2785024642944336,2
2023-10-21 17:49:52.010,0.1814424097537994,0.0373498797416687,-0.0635347366333007,0.6387035250663757,-0.2865425050258636,0.6458855271339417,0.3046031594276428,-1.569345235824585,-0.0274495985358953,-2.278993606567383,2
2023-10-21 17:49:52.030,0.0433449447154998,0.1816092729568481,-0.1350965499877929,0.638423502445221,-0.2866994142532348,0.6461535096168518,0.3044742047786712,-1.5702179670333862,-0.027406308799982,-2.2789626121521,2
2023-10-21 17:49:52.060,-0.100022941827774,0.0122826397418975,-0.3835258483886719,0.6373094320297241,-0.2871361076831817,0.6472440958023071,0.3040799796581268,-1.573541522026062,-0.027642372995615,-2.278939962387085,2
2023-10-21 17:49:52.080,-0.0886856019496917,-0.0331853926181793,-0.4797163009643554,0.6336899995803833,-0.2882851958274841,0.6509397029876709,0.3026652038097381,-1.5844640731811523,-0.0286706034094095,-2.279484510421753,2
2023-10-21 17:49:52.100,0.021011859178543,-0.0170000195503234,-0.4922103881835937,0.6333379149436951,-0.2883954346179962,0.6512976288795471,0.3025270700454712,-1.585524082183838,-0.0287707801908254,-2.2795398235321045,2
2023-10-21 17:49:52.160,0.1230684220790863,0.0111358165740966,-0.3236064910888672,0.6267214417457581,-0.2909183204174042,0.6579980254173279,0.2993749380111694,-1.606008529663086,-0.0293309427797794,-2.280702590942383,2
2023-10-21 17:49:52.180,0.0849604904651641,-0.0152556300163269,-0.2866048812866211,0.6264960765838623,-0.2909977436065674,0.6582310795783997,0.299257218837738,-1.606715202331543,-0.0293471328914165,-2.28076696395874,2
2023-10-21 17:49:52.200,0.0263214707374572,0.0178377330303192,-0.2261209487915039,0.6269986629486084,-0.290667325258255,0.6579088568687439,0.299234390258789,-1.6054812669754028,-0.0292460285127162,-2.2813076972961426,2
2023-10-21 17:49:52.230,-0.0624940991401672,-0.0356086492538452,-0.3009824752807617,0.6270539164543152,-0.2906309366226196,0.6578733325004578,0.2992318570613861,-1.6053452491760254,-0.0292349681258201,-2.281367063522339,2
2023-10-21 17:49:52.250,-0.0273295640945434,-0.0644311606884002,-0.3357076644897461,0.6286464333534241,-0.290037989616394,0.6562992334365845,0.2999216020107269,-1.6005146503448486,-0.0290180034935474,-2.281179904937744,2
2023-10-21 17:49:52.310,0.0280616879463195,-0.1294527053833007,-0.2904529571533203,0.6307539343833923,-0.2899819016456604,0.6534674763679504,0.3017288148403168,-1.5930256843566897,-0.0285293720662593,-2.2783873081207275,2
2023-10-21 17:49:52.330,0.0529123246669769,-0.0797280669212341,-0.2508859634399414,0.6307539343833923,-0.2899819016456604,0.6534674763679504,0.3017288148403168,-1.5930256843566897,-0.0285293720662593,-2.2783873081207275,2
2023-10-21 17:49:52.350,0.0214894115924835,0.0070883631706237,-0.2104701995849609,0.6308002471923828,-0.289993941783905,0.6533845067024231,0.3018003106117248,-1.5928226709365845,-0.028530653566122,-2.2782554626464844,2
2023-10-21 17:49:52.400,-0.0427263677120208,0.0487304925918579,-0.1427221298217773,0.6310615539550781,-0.2903409600257873,0.6522646546363831,0.3033387362957001,-1.5903000831604004,-0.0292724147439003,-2.275296449661255,2
2023-10-21 17:49:52.460,-0.1644813120365142,0.0423521995544433,-0.225316047668457,0.6310327649116516,-0.2897243499755859,0.6520467400550842,0.3044544756412506,-1.5890165567398071,-0.0313911437988281,-2.27450966835022,2
2023-10-21 17:49:52.480,-0.077831357717514,0.0404870808124542,-0.2107677459716797,0.6309164762496948,-0.2897232472896576,0.6521570086479187,0.3044604957103729,-1.5893032550811768,-0.031534980982542,-2.274505615234375,2
2023-10-21 17:49:52.500,-0.0037454068660736,0.0312311351299285,-0.1758260726928711,0.6287703514099121,-0.2904094457626343,0.6542470455169678,0.3037613928318023,-1.5955654382705688,-0.0322738885879516,-2.274596691131592,2
2023-10-21 17:49:52.560,0.0529068112373352,0.0907416343688964,-0.1195106506347656,0.6268152594566345,-0.2918587625026703,0.6562417149543762,0.3021058142185211,-1.6024858951568604,-0.0306306090205907,-2.274970769882202,2
2023-10-21 17:49:52.580,0.1647958904504776,0.0908464789390564,-0.2255086898803711,0.6273224353790283,-0.2926872372627258,0.6558236479759216,0.30115807056427,-1.602354645729065,-0.0277982093393802,-2.275130033493042,2
2023-10-21 17:49:52.610,0.3198953866958618,0.0348633527755737,-0.3482313156127929,0.6286129355430603,-0.2932327091693878,0.6545999646186829,0.3005983233451843,-1.5997823476791382,-0.0248861368745565,-2.275110006332397,2
2023-10-21 17:49:52.630,0.4814271926879883,0.048516571521759,-0.3859329223632812,0.6286129355430603,-0.2932327091693878,0.6545999646186829,0.3005983233451843,-1.5997823476791382,-0.0248861368745565,-2.275110006332397,2
2023-10-21 17:49:52.650,0.6576085090637207,0.0800080001354217,-0.370920181274414,0.6287486553192139,-0.2932826280593872,0.6544702649116516,0.3005481660366058,-1.5995010137557983,-0.0246000364422798,-2.275106430053711,2
2023-10-21 17:49:52.710,0.6401404738426208,0.0205371677875518,-0.2524833679199219,0.6287283301353455,-0.2909380793571472,0.654559850692749,0.3026666939258575,-1.5969985723495483,-0.030389605090022,-2.275482654571533,2
2023-10-21 17:49:52.730,0.6030867099761963,-0.0057131946086883,-0.4074230194091797,0.6271489262580872,-0.291087806224823,0.6561015248298645,0.3024616539478302,-1.6012190580368042,-0.0317856557667255,-2.2756168842315674,2
2023-10-21 17:49:52.750,0.6232717037200928,-0.0522950291633605,-0.6762247085571289,0.6272561550140381,-0.2908661067485809,0.6561066508293152,0.3024413287639618,-1.600974440574646,-0.0319778881967067,-2.2759931087493896,2
2023-10-21 17:49:52.780,0.699263334274292,-0.0117280781269073,-0.991790771484375,0.6266424059867859,-0.2903800308704376,0.656812310218811,0.302649050951004,-1.602265238761902,-0.0336447060108184,-2.27645206451416,2
2023-10-21 17:49:52.800,0.4972102046012878,0.0027711987495422,-0.9355258941650392,0.6273001432418823,-0.2894319295883178,0.6562930941581726,0.3033201992511749,-1.5998010635375977,-0.0350196696817874,-2.2768683433532715,2
2023-10-21 17:49:52.860,0.607324481010437,-0.1015712916851043,-1.2892560958862305,0.6281528472900391,-0.288103699684143,0.6556171178817749,0.3042802512645721,-1.596491813659668,-0.0370448306202888,-2.277414083480835,2
2023-10-21 17:49:52.880,0.7444955110549927,-0.2659997642040252,-1.5195236206054688,0.6303532719612122,-0.2860264182090759,0.6536504626274109,0.3059161603450775,-1.5889514684677124,-0.0393392592668533,-2.278000593185425,2
2023-10-21 17:49:52.900,0.7742305994033813,-0.4652039706707001,-1.7545700073242188,0.6305727958679199,-0.285818487405777,0.6534532904624939,0.3060795068740845,-1.5881977081298828,-0.0395689159631729,-2.2780582904815674,2
2023-10-21 17:49:52.950,0.1054661273956298,0.1203820407390594,-2.4084529876708984,0.63532954454422,-0.2830936014652252,0.6490404009819031,0.3081575036048889,-1.5735894441604614,-0.0403087809681892,-2.278805017471313,2
2023-10-21 17:49:53.010,-0.02773118019104,0.0577061176300048,-2.456521511077881,0.645226240158081,-0.2760308682918548,0.6399939060211182,0.3128862977027893,-1.542335033416748,-0.0443004108965396,-2.2816202640533447,2
2023-10-21 17:49:53.030,0.0668082237243652,0.0497413873672485,-2.190972328186035,0.6452449560165405,-0.2760116755962372,0.639979898929596,0.3128933906555176,-1.5422779321670532,-0.0443151779472827,-2.281637191772461,2
2023-10-21 17:49:53.050,-0.0676455497741699,0.1366848051548004,-1.842297077178955,0.6470733284950256,-0.2744582593441009,0.6383863687515259,0.3137381672859192,-1.5364832878112793,-0.0453986898064613,-2.2825398445129395,2
2023-10-21 17:49:53.110,-1.024508714675903,-0.1101055443286895,0.3057880401611328,0.6553409695625305,-0.2709481120109558,0.6293959021568298,0.3177675604820251,-1.5098012685775757,-0.0448914729058742,-2.280855417251587,2
2023-10-21 17:49:53.130,-1.345294713973999,-0.3038040995597839,0.1854791641235351,0.6558205485343933,-0.2707726657390594,0.6288516521453857,0.3180050849914551,-1.5082372426986694,-0.0448144748806953,-2.2807047367095947,2
2023-10-21 17:49:53.160,-1.0722455978393557,-0.0115054249763488,1.102808952331543,0.6622638702392578,-0.2691415548324585,0.6208085417747498,0.3218171894550323,-1.4862983226776123,-0.0431016013026237,-2.276534080505371,2
2023-10-21 17:49:53.180,-1.061631202697754,0.1029740273952484,1.9063854217529297,0.6709017753601074,-0.2669178247451782,0.6096277236938477,0.3271082937717438,-1.4562335014343262,-0.0406885035336017,-2.2705681324005127,2
2023-10-21 17:49:53.200,-1.1711149215698242,0.0446363389492034,2.131196975708008,0.6716946959495544,-0.2667088508605957,0.6085832118988037,0.3275961577892303,-1.4534456729888916,-0.0404562428593635,-2.270016431808472,2
2023-10-21 17:49:53.260,-0.6562886238098145,-0.1414654552936554,2.2503881454467773,0.6914132833480835,-0.2567658424377441,0.5839629769325256,0.3391257524490356,-1.3834280967712402,-0.0410226285457611,-2.263561487197876,2
2023-10-21 17:49:53.280,-0.7279195785522461,-0.1082083582878112,2.126206398010254,0.6924547553062439,-0.2561261653900146,0.5826451778411865,0.3397506475448608,-1.3796247243881226,-0.0412082448601722,-2.263317823410034,2
2023-10-21 17:49:53.300,-0.9337539672851562,-0.2729482650756836,1.4834098815917969,0.7036644816398621,-0.2482637166976928,0.5685675144195557,0.3463414907455444,-1.338287115097046,-0.044462963938713,-2.2619874477386475,2
2023-10-21 17:49:53.330,-1.2168703079223633,-0.0201044678688049,0.7533559799194336,0.7048792243003845,-0.2473922967910766,0.5670039653778076,0.3470574617385864,-1.3337393999099731,-0.0448175482451915,-2.2618329524993896,2
2023-10-21 17:49:53.350,-1.1854486465454102,0.1065410375595092,0.4675540924072265,0.719316840171814,-0.2368087470531463,0.548818826675415,0.3539815247058868,-1.2809901237487793,-0.0478807017207145,-2.2626538276672363,2
2023-10-21 17:49:53.410,-0.7215175628662109,-0.1208560764789581,0.4619503021240234,0.7534908652305603,-0.2129936069250106,0.5034369826316833,0.3652896285057068,-1.1562095880508425,-0.0468402691185474,-2.2693357467651367,2
2023-10-21 17:49:53.430,-0.5448780059814453,-0.2421015799045562,0.6415205001831055,0.7534908652305603,-0.2129936069250106,0.5034369826316833,0.3652896285057068,-1.1562095880508425,-0.0468402691185474,-2.2693357467651367,2
2023-10-21 17:49:53.450,-0.0098910331726074,0.0119645595550537,0.9602103233337402,0.7550597190856934,-0.2119465619325637,0.5012185573577881,0.3657093942165375,-1.1503593921661377,-0.0465528406202793,-2.2696852684021,2
2023-10-21 17:49:53.500,-0.0688872337341308,-0.0739053785800933,0.5799551010131836,0.7790061235427856,-0.1995549201965332,0.4651282429695129,0.3701124191284179,-1.061069130897522,-0.0333966687321662,-2.2741119861602783,2
2023-10-21 17:49:53.560,0.6955103874206543,0.0263364911079406,0.7428245544433594,0.7921268939971924,-0.1884266287088394,0.4429821968078613,0.3752293288707733,-1.0041170120239258,-0.0339307337999343,-2.275449275970459,2
2023-10-21 17:49:53.580,0.7047162055969238,-0.2147571742534637,0.6025228500366211,0.7926042079925537,-0.1878716051578521,0.4421420097351074,0.3754908442497253,-1.00184965133667,-0.0342315845191478,-2.275491237640381,2
2023-10-21 17:49:53.600,0.2943696975708008,-0.1714521944522857,1.0885672569274902,0.7968464493751526,-0.1820521652698516,0.4345414638519287,0.3782411515712738,-0.980657994747162,-0.0385972708463668,-2.2758357524871826,2
2023-10-21 17:49:53.660,0.6584773063659668,-0.2314158380031585,0.9916963577270508,0.8012929558753967,-0.1769650876522064,0.4256447851657867,0.3813653588294983,-0.9575750827789308,-0.0410621203482151,-2.2744832038879395,2
2023-10-21 17:49:53.680,1.0283432006835938,-0.268686294555664,1.2834277153015137,0.8061186075210571,-0.1740339249372482,0.4154715836048126,0.3837558925151825,-0.9339943528175354,-0.0383047237992286,-2.272291898727417,2
2023-10-21 17:49:53.710,0.8477778434753418,0.027297168970108,1.1658406257629397,0.8118118643760681,-0.1716513335704803,0.4024493992328644,0.3866936266422272,-0.905276894569397,-0.0325577855110168,-2.268354654312134,2
2023-10-21 17:49:53.730,0.4539012908935547,-0.0630588829517364,1.0374751091003418,0.8118118643760681,-0.1716513335704803,0.4024493992328644,0.3866936266422272,-0.905276894569397,-0.0325577855110168,-2.268354654312134,2
2023-10-21 17:49:53.750,0.6089873313903809,0.131559282541275,0.9731802940368652,0.8123716115951538,-0.171423003077507,0.401136040687561,0.3869840204715729,-0.9024049043655396,-0.0319535583257675,-2.267956495285034,2
2023-10-21 17:49:53.810,0.2765045166015625,0.2275748252868652,1.0568861961364746,0.8212690353393555,-0.1655234694480896,0.3776367306709289,0.394347220659256,-0.8497014045715332,-0.0259643159806728,-2.258026361465454,2
2023-10-21 17:49:53.830,0.5245962142944336,-0.0417154431343078,1.0439701080322266,0.8217122554779053,-0.1651706099510193,0.3764250874519348,0.3947300016880035,-0.8469588756561279,-0.0257299616932868,-2.2575416564941406,2
2023-10-21 17:49:53.850,0.7264490127563477,0.1038963198661804,0.8803753852844238,0.825850784778595,-0.1643389910459518,0.3645952641963959,0.3975343704223633,-0.8227041959762573,-0.0184403974562883,-2.252382278442383,2
2023-10-21 17:49:53.880,0.7736258506774902,0.2052177190780639,0.8751401901245117,0.8308713436126709,-0.1647992432117462,0.3504203557968139,0.3996242582798004,-0.795248806476593,-0.0062190694734454,-2.247588396072388,2
2023-10-21 17:49:53.900,0.545952320098877,0.006585419178009,0.9191808700561525,0.8355578780174255,-0.1664905548095703,0.3368760943412781,0.4007974863052368,-0.7704249620437622,0.0081868786364793,-2.243759155273437,2
2023-10-21 17:49:53.960,0.4271306991577148,-0.0408645868301391,0.6030945777893066,0.84063720703125,-0.1678209602832794,0.3211451470851898,0.4025309383869171,-0.7412732839584351,0.0236135907471179,-2.239262342453003,2
2023-10-21 17:49:53.980,0.4402804374694824,-0.1776215434074401,0.6175026893615723,0.8440563678741455,-0.1681152284145355,0.3097716569900512,0.4041630625724792,-0.7197400331497192,0.0334071666002273,-2.235877990722656,2
2023-10-21 17:49:54.000,0.3891658782958984,-0.0360420942306518,0.5713386535644531,0.8443915843963623,-0.1681433320045471,0.3086318373680115,0.4043230712413788,-0.7175881862640381,0.0343904644250869,-2.235551118850708,2
2023-10-21 17:49:54.050,0.4239954948425293,0.0311294794082641,0.289407730102539,0.8474704027175903,-0.1679438948631286,0.2984673082828522,0.405593603849411,-0.6980175375938416,0.0425549559295177,-2.2333526611328125,2
2023-10-21 17:49:54.110,0.5348796844482422,-0.0736476778984069,0.2580890655517578,0.8523193597793579,-0.1661047786474228,0.2827508151531219,0.4074469208717346,-0.666458249092102,0.0527612194418907,-2.231466770172119,2
2023-10-21 17:49:54.130,0.94978666305542,0.0831962823867797,0.5650796890258789,0.8523372411727905,-0.1660939902067184,0.2826971113681793,0.4074512422084808,-0.6663463711738586,0.0527901239693164,-2.2314682006835938,2
2023-10-21 17:49:54.150,0.7531628608703613,-0.2239653468132019,0.507298469543457,0.8533003926277161,-0.1652524918317794,0.2794303596019745,0.4080304205417633,-0.6593782901763916,0.0540141202509403,-2.231028318405152,2
2023-10-21 17:49:54.210,1.1375436782836914,-0.2372492551803589,0.920341968536377,0.8548262715339661,-0.1625408232212066,0.2761699259281158,0.4081455767154693,-0.6506063938140869,0.0524773485958576,-2.2329819202423096,2
2023-10-21 17:49:54.230,1.1099042892456057,-0.0902346968650817,1.0090150833129885,0.8548628091812134,-0.1624654531478881,0.2761266231536865,0.4081283509731293,-0.6504512429237366,0.0524051263928413,-2.233076572418213,2
2023-10-21 17:49:54.260,1.182560920715332,-0.016330599784851,0.8366527557373047,0.8549802303314209,-0.1624878942966461,0.2757882475852966,0.4081023037433624,-0.6498320698738098,0.0527727380394935,-2.233127355575561,2
2023-10-21 17:49:54.280,1.0210494995117188,-0.0500432252883911,0.873659610748291,0.8547987937927246,-0.1625963300466537,0.2762441039085388,0.4081308245658874,-0.6507992148399353,0.0525109656155109,-2.2329678535461426,2
2023-10-21 17:49:54.300,0.7402181625366211,-0.0410006046295166,0.979905605316162,0.8547795414924622,-0.1626068651676178,0.2762930393218994,0.4081338942050934,-0.6509019732475281,0.0524810329079628,-2.232951641082764,2
2023-10-21 17:49:54.360,0.6242151260375977,0.0472424924373626,0.9148621559143066,0.8541246652603149,-0.1631972342729568,0.2767524123191833,0.4089570343494415,-0.6523784399032593,0.0524459071457386,-2.230755567550659,2
2023-10-21 17:49:54.380,0.3875961303710937,0.0482486188411712,0.8929805755615234,0.8540988564491272,-0.1632349491119384,0.2767307460308075,0.4090105593204498,-0.6523764729499817,0.0524900592863559,-2.2306151390075684,2
2023-10-21 17:49:54.400,0.2193202972412109,-0.0181044042110443,0.7365984916687012,0.8539389371871948,-0.1632770597934723,0.276084840297699,0.4097632765769958,-0.6512338519096375,0.0526227168738842,-2.229024171829224,2
2023-10-21 17:49:54.430,-0.106910228729248,-0.2215593755245208,0.3926582336425781,0.8539217114448547,-0.1632812768220901,0.2760140299797058,0.4098455011844635,-0.6511082649230957,0.0526369214057922,-2.228851079940796,2
2023-10-21 17:49:54.450,-0.1684942245483398,-0.2779534459114074,0.2159862518310547,0.85420161485672,-0.1623705178499221,0.274510383605957,0.4106330871582031,-0.6474296450614929,0.0519716292619705,-2.2279393672943115,2
2023-10-21 17:49:54.510,-0.6830096244812012,-0.0183271020650863,-0.0468602180480957,0.8557542562484741,-0.1610487550497055,0.2694101631641388,0.4112980365753174,-0.636573851108551,0.0540468767285347,-2.2277231216430664,2
2023-10-21 17:49:54.530,-0.7871613502502441,0.1248243451118469,0.0141048431396484,0.8557542562484741,-0.1610487550497055,0.2694101631641388,0.4112980365753174,-0.636573851108551,0.0540468767285347,-2.2277231216430664,2
2023-10-21 17:49:54.550,-0.8867979049682617,0.0688026770949363,0.0361347198486328,0.8558399081230164,-0.1609654724597931,0.2691646516323089,0.411313384771347,-0.6360320448875427,0.054125715047121,-2.227762460708618,2
2023-10-21 17:49:54.610,-0.7581334114074707,-0.0647584646940231,-0.0147933959960937,0.8557071089744568,-0.1604246646165847,0.2711986899375915,0.4104638695716858,-0.6393014192581177,0.0519418902695179,-2.229879856109619,2
2023-10-21 17:49:54.660,-0.920598030090332,0.038952887058258,-0.3572254180908203,0.8521750569343567,-0.1604465544223785,0.2867408096790313,0.4072275757789612,-0.6685864329338074,0.0399301946163177,-2.236149787902832,2
2023-10-21 17:49:54.680,-1.0593323707580566,-0.0307186245918273,-0.4624204635620117,0.8519483804702759,-0.160413309931755,0.2877194881439209,0.4070247113704681,-0.6704057455062866,0.0391198024153709,-2.236572265625,2
2023-10-21 17:49:54.700,-1.0881600379943848,-0.0364913195371627,-0.585576057434082,0.8481895923614502,-0.1610436141490936,0.3024799227714538,0.4039124548435211,-0.6990402936935425,0.0288442131131887,-2.242216110229492,2
2023-10-21 17:49:54.760,-0.9028563499450684,-0.0656251013278961,-1.1474742889404297,0.8424708247184753,-0.1626369953155517,0.3228527009487152,0.3994475305080414,-0.7396173477172852,0.0161091201007366,-2.2498583793640137,2
2023-10-21 17:49:54.780,-0.6824088096618652,-0.0510761588811874,-1.2818593978881836,0.8371349573135376,-0.1644607186317443,0.3399064540863037,0.395754337310791,-0.7743913531303406,0.0063127698376774,-2.2557990550994877,2
2023-10-21 17:49:54.810,-0.5483202934265137,-0.0084056705236434,-1.3077402114868164,0.8302318453788757,-0.1682353317737579,0.3595520853996277,0.3913239240646362,-0.8164125084877014,-0.0020540072582662,-2.261560678482056,2
2023-10-21 17:49:54.830,-0.5621023178100586,0.0616742372512817,-1.215153694152832,0.8302318453788757,-0.1682353317737579,0.3595520853996277,0.3913239240646362,-0.8164125084877014,-0.0020540072582662,-2.261560678482056,2
2023-10-21 17:49:54.850,-0.5952563285827637,0.0878505408763885,-1.0704231262207031,0.8295193314552307,-0.1686249077320099,0.361499160528183,0.3908728957176208,-0.8206158876419067,-0.0028452016413211,-2.262136936187744,2
2023-10-21 17:49:54.910,-0.053678274154663,0.1404062509536743,-1.1471519470214844,0.8141435980796814,-0.1782722026109695,0.3975858390331268,0.3838160037994385,-0.9015971422195436,-0.0149218318983912,-2.267743825912476,2
2023-10-21 17:49:54.930,-0.0855824947357177,0.0830309987068176,-1.075423240661621,0.8140726685523987,-0.1783153116703033,0.3977406322956085,0.3837860524654388,-0.9019496440887452,-0.014971905387938,-2.2677643299102783,2
2023-10-21 17:49:54.950,-0.0320827960968017,-0.0081950724124908,-1.0797014236450195,0.8077319860458374,-0.1823911964893341,0.411704421043396,0.3805284202098846,-0.9340659976005554,-0.0186851471662521,-2.270479679107666,2
2023-10-21 17:49:54.980,-0.0006210803985595,-0.219282329082489,-1.3887825012207031,0.8007919192314148,-0.1874669641256332,0.4262219667434692,0.3767271041870117,-0.968537211418152,-0.0208961963653564,-2.2731378078460693,2
2023-10-21 17:49:55.000,0.0117397308349609,-0.1415908336639404,-1.532893180847168,0.7932254672050476,-0.1934987604618072,0.4412554204463959,0.3723509907722473,-1.0053069591522217,-0.0216291714459657,-2.2757225036621094,2
2023-10-21 17:49:55.060,-0.0415747165679931,-0.1854330897331237,-1.6695480346679688,0.7842892408370972,-0.2002310007810592,0.4575599133968353,0.3680174350738525,-1.0457857847213743,-0.0227039586752653,-2.2772085666656494,2
2023-10-21 17:49:55.080,-0.0050921440124511,-0.1706894338130951,-1.6176738739013672,0.7768930792808533,-0.2045137286186218,0.4703368842601776,0.3652320206165313,-1.0768860578536987,-0.0257964432239532,-2.278085470199585,2
2023-10-21 17:49:55.100,0.0047055482864379,-0.1986256241798401,-1.543675422668457,0.7761431336402893,-0.2049393057823181,0.4716083705425262,0.364948570728302,-1.0799965858459473,-0.0261041074991226,-2.2781786918640137,2
2023-10-21 17:49:55.160,0.0672914981842041,-0.1525252163410186,-1.0186262130737305,0.7605329751968384,-0.2123322933912277,0.4979084432125091,0.3585970103740692,-1.1436824798583984,-0.0341321639716625,-2.2823705673217773,2
2023-10-21 17:49:55.210,0.3323526382446289,-0.1318368017673492,-1.4044580459594729,0.7512809634208679,-0.2171829789876938,0.5126911401748657,0.3543395102024078,-1.1807632446289062,-0.0370110422372818,-2.284977436065674,2
2023-10-21 17:49:55.230,0.3421754240989685,-0.1906075775623321,-1.5531482696533203,0.7512034773826599,-0.2172231376171112,0.5128123760223389,0.3543035686016083,-1.1810696125030518,-0.0370334386825561,-2.284999370574951,2
2023-10-21 17:49:55.250,0.3655264973640442,-0.1000239551067352,-1.4647769927978516,0.7437569499015808,-0.2217259407043457,0.5244094729423523,0.3502256870269775,-1.2111831903457642,-0.0375117100775241,-2.287391662597656,2
2023-10-21 17:49:55.310,0.56166672706604,0.3668821156024933,-1.212629318237305,0.7263813614845276,-0.2312323004007339,0.550528347492218,0.3403240442276001,-1.2795811891555786,-0.0388001389801502,-2.294174671173096,2
2023-10-21 17:49:55.330,0.5706616640090942,0.503380298614502,-1.1792364120483398,0.7255665063858032,-0.2316255718469619,0.5517188310623169,0.3398663997650146,-1.2827006578445437,-0.0389117151498794,-2.2945234775543213,2
2023-10-21 17:49:55.360,0.6256603002548218,0.4809535443782806,-0.9971561431884766,0.7175436019897461,-0.2353205233812332,0.563144326210022,0.3355950117111206,-1.3127496242523191,-0.0402822941541671,-2.2976739406585693,2
2023-10-21 17:49:55.380,0.6866170763969421,0.3903534412384033,-1.0179100036621094,0.7090240716934204,-0.2395737767219543,0.5744361281394958,0.3315305709838867,-1.3433953523635864,-0.0411707535386085,-2.299560308456421,2
2023-10-21 17:49:55.400,0.6075296998023987,0.3602763712406158,-0.9808015823364258,0.7082449197769165,-0.2399603128433227,0.5754469037055969,0.3311632871627807,-1.3461626768112185,-0.0412441007792949,-2.2997188568115234,2
2023-10-21 17:49:55.460,-0.0436112359166145,-0.2361495494842529,-0.2421836853027343,0.6918637156486511,-0.2509641051292419,0.5942463874816895,0.3243654370307922,-1.4020980596542358,-0.0382493697106838,-2.2970776557922363,2
2023-10-21 17:49:55.480,-0.0791518986225128,-0.3821331262588501,-0.0782632827758789,0.6910709142684937,-0.2515359818935394,0.5950964093208313,0.324053943157196,-1.40473473072052,-0.0380374416708946,-2.296841859817505,2
2023-10-21 17:49:55.500,0.0198605209589004,-0.2472704946994781,-0.1652803421020507,0.6828732490539551,-0.2575659155845642,0.603151798248291,0.3217947483062744,-1.4305084943771362,-0.0364204682409763,-2.29248595237732,2
2023-10-21 17:49:55.530,0.1271089613437652,0.2925730347633362,-0.5605192184448242,0.6819731593132019,-0.2582202851772308,0.6040223240852356,0.321546345949173,-1.4333150386810305,-0.036251675337553,-2.2920069694519043,2
2023-10-21 17:49:55.550,0.0505014061927795,0.3967936038970947,-0.6157522201538086,0.6743406653404236,-0.263503760099411,0.6109740734100342,0.3202205896377563,-1.4559170007705688,-0.0359180904924869,-2.2869293689727783,2
2023-10-21 17:49:55.610,0.0072605013847351,0.0477987229824066,-0.5478782653808594,0.6605653166770935,-0.2720041573047638,0.6233696937561035,0.3179269433021545,-1.4958268404006958,-0.0370274744927883,-2.278799533843994,2
2023-10-21 17:49:55.630,-0.0834842324256897,-0.0211904942989349,-0.3252477645874023,0.6605653166770935,-0.2720041573047638,0.6233696937561035,0.3179269433021545,-1.4958268404006958,-0.0370274744927883,-2.278799533843994,2
2023-10-21 17:49:55.650,-0.1317068636417389,-0.0008295178413391,-0.2421674728393554,0.6599612832069397,-0.2723658978939056,0.6239203810691833,0.3177913725376129,-1.4976004362106323,-0.037059623748064,-2.2785089015960693,2
2023-10-21 17:49:55.710,0.0656229257583618,0.149287462234497,-0.5842599868774414,0.6516679525375366,-0.2781669199466705,0.633480429649353,0.3108933269977569,-1.5281109809875488,-0.0313498750329017,-2.281355381011963,2
2023-10-21 17:49:55.760,-0.0210072994232177,-0.0111968517303466,-0.3279619216918945,0.6461849808692932,-0.281256765127182,0.6403582692146301,0.3054194450378418,-1.549114465713501,-0.0276714712381362,-2.285612106323242,2
2023-10-21 17:49:55.780,0.0961386859416961,0.0131490230560302,-0.2331018447875976,0.6458978652954102,-0.2813986539840698,0.6406700015068054,0.3052422106266022,-1.550073504447937,-0.0276130065321922,-2.285685777664185,2
2023-10-21 17:49:55.800,0.0477457344532012,-0.1205948591232299,-0.160125732421875,0.642551600933075,-0.2830421924591064,0.643615186214447,0.3045884668827057,-1.559498310089111,-0.0283409152179956,-2.2843027114868164,2
2023-10-21 17:49:55.860,-0.0381169915199279,-0.1217894852161407,-0.3974027633666992,0.6387771368026733,-0.2844002246856689,0.646923840045929,0.304252952337265,-1.5695836544036863,-0.0303249042481184,-2.282855272293091,2
2023-10-21 17:49:55.880,-0.0103890597820281,-0.1083773672580719,-0.4124383926391601,0.636943519115448,-0.2845702469348907,0.6487162709236145,0.3041217923164367,-1.5744242668151855,-0.0320726484060287,-2.282857656478882,2
2023-10-21 17:49:55.910,-0.0552481710910797,0.0536599159240722,-0.3234920501708984,0.6361441612243652,-0.2843683958053589,0.649783194065094,0.3037056624889374,-1.5769668817520142,-0.032893031835556,-2.28385329246521,2
2023-10-21 17:49:55.930,0.018140435218811,0.06397145986557,-0.2733192443847656,0.6361441612243652,-0.2843683958053589,0.649783194065094,0.3037056624889374,-1.5769668817520142,-0.032893031835556,-2.28385329246521,2
2023-10-21 17:49:55.950,0.0630457252264022,0.0124669075012207,-0.1946849822998047,0.636078417301178,-0.2843441367149353,0.6498788595199585,0.3036614656448364,-1.5771881341934204,-0.0329619720578193,-2.2839627265930176,2
2023-10-21 17:49:56.010,0.0338201969861984,-0.0617082417011261,-0.1896772384643554,0.6357624530792236,-0.2836670577526092,0.6505420207977295,0.3035361468791961,-1.5781445503234863,-0.0342430025339126,-2.285219430923462,2
2023-10-21 17:49:56.030,-0.0015724301338195,-0.0783411264419555,-0.2140188217163086,0.6357640027999878,-0.283661276102066,0.6505424976348877,0.303537368774414,-1.578139305114746,-0.0342513546347618,-2.285226583480835,2
2023-10-21 17:49:56.050,-0.0504058897495269,-0.1035540997982025,-0.2443504333496093,0.637048602104187,-0.2818858027458191,0.650032103061676,0.3035913705825805,-1.5748015642166138,-0.0355458594858646,-2.287841558456421,2
2023-10-21 17:49:56.080,-0.2145112752914428,-0.0888668298721313,-0.1071844100952148,0.6346279382705688,-0.2820577621459961,0.653265118598938,0.3015550673007965,-1.5834286212921145,-0.0359951183199882,-2.2908740043640137,2
2023-10-21 17:49:56.100,-0.1308581531047821,-0.0857347548007965,-0.1246662139892578,0.6346802711486816,-0.2819265127182007,0.6532819867134094,0.3015312850475311,-1.583324670791626,-0.0361113958060741,-2.2911131381988525,2
2023-10-21 17:49:56.160,-0.1031256169080734,-0.0373151898384094,-0.1817913055419922,0.6319217681884766,-0.2853584587574005,0.6572690606117249,0.2953691482543945,-1.5976738929748535,-0.0276290755718946,-2.295492887496948,2
2023-10-21 17:49:56.180,-0.0872865617275238,-0.0218425095081329,-0.1926469802856445,0.6315674781799316,-0.2851866483688354,0.6579017639160156,0.2948838174343109,-1.599143385887146,-0.0277835112065076,-2.2965247631073,2
2023-10-21 17:49:56.200,-0.0944583341479301,-0.0617422759532928,-0.1912050247192382,0.6315338611602783,-0.2851678729057312,0.6579628586769104,0.2948377728462219,-1.5992828607559204,-0.0278018470853567,-2.296626567840576,2
2023-10-21 17:49:56.260,-0.0845545753836631,-0.0867499709129333,-0.2871017456054687,0.6330568194389343,-0.2796395123004913,0.6576504111289978,0.2975514233112335,-1.5922174453735352,-0.0373229011893272,-2.3009636402130127,2
2023-10-21 17:49:56.310,-0.1855127960443496,-0.0101607739925384,-0.1864604949951172,0.6349502801895142,-0.2780918180942535,0.6566324830055237,0.2972153723239898,-1.5878114700317385,-0.0371821373701095,-2.303818464279175,2
2023-10-21 17:49:56.330,-0.174118161201477,0.0749832093715667,-0.1290922164916992,0.6349656581878662,-0.2780803143978119,0.6566242575645447,0.2972113490104675,-1.587777018547058,-0.0371780507266521,-2.3038418292999268,2
2023-10-21 17:49:56.350,-0.0850995033979415,0.1134772598743438,-0.0762252807617187,0.636098325252533,-0.2781305015087127,0.656202495098114,0.295669823884964,-1.5867228507995603,-0.0342085324227809,-2.3061344623565674,2
2023-10-21 17:49:56.410,0.0141025632619857,0.1143995523452758,-0.1173171997070312,0.6366487741470337,-0.2782410085201263,0.6572638154029846,0.2920012474060058,-1.589633226394653,-0.0295644253492355,-2.3116655349731445,2
2023-10-21 17:49:56.430,0.0116433203220367,0.1214843988418579,-0.0107717514038085,0.6367374658584595,-0.2781457304954529,0.6572439670562744,0.2919431030750274,-1.58947491645813,-0.0295483544468879,-2.3119008541107178,2
2023-10-21 17:49:56.460,-0.0380139648914337,0.1308422684669494,-0.0443124771118164,0.6372522711753845,-0.2774958610534668,0.6572965979576111,0.2913190424442291,-1.5888906717300415,-0.0293005015701055,-2.3138623237609863,2
2023-10-21 17:49:56.480,-0.0034686923027038,0.1560745537281036,-0.1400394439697265,0.6374660730361938,-0.2770364880561828,0.6574435830116272,0.2909567654132843,-1.5887675285339355,-0.0293767973780632,-2.3151304721832275,2
2023-10-21 17:49:56.500,-0.0209653675556182,0.1174478530883789,-0.1110849380493164,0.6374785900115967,-0.2769989669322967,0.6574615836143494,0.2909245491027832,-1.5887733697891235,-0.0293858312070369,-2.3152384757995605,2
2023-10-21 17:49:56.560,-0.0694899559020996,0.00321626663208,-0.0582294464111328,0.6393430233001709,-0.277107298374176,0.6557044386863708,0.2906952798366546,-1.5842751264572144,-0.0268903896212577,-2.315372943878174,2
2023-10-21 17:49:56.580,-0.0818229913711547,-0.0158466696739196,-0.1185522079467773,0.6394768953323364,-0.2770789265632629,0.6555728912353516,0.2907246649265289,-1.5838985443115234,-0.0268145147711038,-2.3153674602508545,2
2023-10-21 17:49:56.600,-0.1133449971675872,-0.0422200262546539,-0.1949958801269531,0.6400076746940613,-0.2767848372459411,0.6548917889595032,0.291371077299118,-1.581786870956421,-0.0273476056754589,-2.314800262451172,2
2023-10-21 17:49:56.630,-0.103591650724411,-0.0295972824096679,0.0196123123168945,0.640064537525177,-0.2767527997493744,0.6548182964324951,0.2914418578147888,-1.5815588235855105,-0.0274070538580417,-2.3147380352020264,2
2023-10-21 17:49:56.650,-0.0596713721752166,-0.0841540992259979,-0.0014123916625976,0.6404774785041809,-0.2757275700569153,0.6541249752044678,0.2930587232112884,-1.5786103010177612,-0.0302040595561265,-2.313782930374145,2
2023-10-21 17:49:56.710,-0.0387672185897827,-0.0575885772705078,-0.0539865493774414,0.6460229754447937,-0.2717276811599731,0.6481214761734009,0.2979210913181305,-1.5585832595825195,-0.0351006649434566,-2.312072992324829,2
2023-10-21 17:49:56.730,-0.1089909076690673,-0.0202572643756866,-0.0581779479980468,0.6460229754447937,-0.2717276811599731,0.6481214761734009,0.2979210913181305,-1.5585832595825195,-0.0351006649434566,-2.312072992324829,2
2023-10-21 17:49:56.750,-0.0247799754142761,0.0211709737777709,-0.031900405883789,0.6473118662834167,-0.2705469727516174,0.6467644572257996,0.2991444170475006,-1.553783893585205,-0.0367036610841751,-2.3118810653686523,2
2023-10-21 17:49:56.810,-0.0665013790130615,0.1060219407081604,-0.1433010101318359,0.6516968607902527,-0.2671989202499389,0.642675518989563,0.3014369606971741,-1.5396214723587036,-0.0391969308257103,-2.313117742538452,2
2023-10-21 17:49:56.860,0.1833352446556091,0.079192966222763,-0.1053781509399414,0.6540350317955017,-0.266844093799591,0.6408091187477112,0.3006595969200134,-1.5344486236572266,-0.0362880304455757,-2.314804077148437,2
2023-10-21 17:49:56.880,0.1514400243759155,0.1592261791229248,-0.1053791046142578,0.6541383266448975,-0.2668976187705993,0.6407259106636047,0.3005646169185638,-1.534292697906494,-0.0359909161925315,-2.3148717880249023,2
2023-10-21 17:49:56.900,-0.0285882949829101,0.1809385120868683,-0.0553703308105468,0.6552711725234985,-0.267129123210907,0.6397018432617188,0.3000722825527191,-1.5319170951843262,-0.0338359959423542,-2.3152706623077397,2
2023-10-21 17:49:56.960,0.1808304190635681,0.0480295121669769,0.2805976867675781,0.6564470529556274,-0.2678225338459015,0.6383929252624512,0.299671322107315,-1.5293134450912476,-0.0309984553605318,-2.314830780029297,2
2023-10-21 17:49:56.980,0.1289945840835571,-0.0118754804134368,0.1717643737792968,0.657839834690094,-0.2691401243209839,0.6364831924438477,0.2994990348815918,-1.525859236717224,-0.0271533410996198,-2.3130862712860107,2
2023-10-21 17:49:57.000,0.0105106830596923,-0.0332690179347991,-0.0664749145507812,0.6579787731170654,-0.2692717313766479,0.6362919211387634,0.2994816899299621,-1.525514006614685,-0.026768572628498,-2.3129124641418457,2
2023-10-21 17:49:57.010,-0.0889701247215271,0.001901626586914,-0.2222347259521484,0.6585274934768677,-0.2700183391571045,0.6349425911903381,0.3004655838012695,-1.5228859186172483,-0.0259306877851486,-2.3102002143859863,2
2023-10-21 17:49:57.030,-0.0812475085258483,0.017630249261856,-0.1256513595581054,0.6585274934768677,-0.2700183391571045,0.6349425911903381,0.3004655838012695,-1.5228859186172483,-0.0259306877851486,-2.3102002143859863,2
2023-10-21 17:49:57.050,-0.091858685016632,0.0038029253482818,-0.1272211074829101,0.6585862040519714,-0.2700989842414856,0.634796142578125,0.3005739450454712,-1.522600769996643,-0.0258423238992691,-2.309904098510742,2
2023-10-21 17:49:57.110,0.0771876573562622,0.1011761724948883,0.0449352264404296,0.6605049967765808,-0.2696072459220886,0.6304774880409241,0.3058485686779022,-1.5111148357391355,-0.0295116826891899,-2.3020832538604736,2
2023-10-21 17:49:57.130,0.074221134185791,0.1333156526088714,0.1266422271728515,0.660033106803894,-0.2694258689880371,0.6309621930122375,0.3060273230075836,-1.512142539024353,-0.0305281020700931,-2.302079200744629,2
2023-10-21 17:49:57.150,0.0508394837379455,0.1386976838111877,0.0695619583129882,0.6606120467185974,-0.2706052362918854,0.6290860176086426,0.3075962364673614,-1.5086822509765625,-0.0294831190258264,-2.297759532928467,2
2023-10-21 17:49:57.180,-0.0751036405563354,0.0900433957576751,-0.0721616744995117,0.6638888120651245,-0.2687066495418548,0.6246217489242554,0.3112813830375671,-1.4953973293304443,-0.0320890769362449,-2.2944700717926025,2
2023-10-21 17:49:57.200,-0.036090612411499,0.0729432702064514,-0.1408071517944336,0.663981020450592,-0.2687259614467621,0.6244475245475769,0.3114175498485565,-1.4949815273284912,-0.0320754796266555,-2.294215679168701,2
2023-10-21 17:49:57.260,0.0347572565078735,0.0811804234981536,-0.0654544830322265,0.6661186814308167,-0.2660392522811889,0.6213194131851196,0.3153906166553497,-1.4842569828033447,-0.0374979935586452,-2.291572093963623,2
2023-10-21 17:49:57.280,-0.0038307905197143,0.055785447359085,0.0004596710205078,0.6678410768508911,-0.2666758596897125,0.6194234490394592,0.3149395287036896,-1.4802231788635254,-0.0339742079377174,-2.2913155555725098,2
2023-10-21 17:49:57.300,-0.0419765710830688,0.0502588152885437,0.0004825592041015,0.6680108904838562,-0.2667402625083923,0.6192362308502197,0.31489297747612,-1.4798272848129272,-0.0336218029260635,-2.2912917137146,2
2023-10-21 17:49:57.360,-0.0376366376876831,-0.1186005175113678,0.0754661560058593,0.6674392223358154,-0.269185870885849,0.6193851232528687,0.3137292563915252,-1.4828431606292725,-0.0293122474104166,-2.2896318435668945,2
2023-10-21 17:49:57.410,-0.0217760801315307,-0.0584016740322113,-0.054142951965332,0.6692635416984558,-0.2680580914020538,0.6172165274620056,0.3150793612003326,-1.476235270500183,-0.0301459487527608,-2.2890074253082275,2
2023-10-21 17:49:57.430,-0.0052993297576904,-0.0392638146877288,-0.0724372863769531,0.6692802906036377,-0.2680467963218689,0.6171969175338745,0.315091997385025,-1.4761744737625122,-0.030155312269926,-2.2890028953552246,2
2023-10-21 17:49:57.450,0.0150941610336303,0.0009025931358337,-0.0691089630126953,0.6698977947235107,-0.2662886679172516,0.6163959503173828,0.3168334662914276,-1.4722881317138672,-0.033823799341917,-2.288677453994751,2
2023-10-21 17:49:57.510,-0.0227423906326293,0.0030329227447509,-0.002349853515625,0.6710441708564758,-0.264153242111206,0.6152680516242981,0.3183836638927459,-1.4672026634216309,-0.0372742302715778,-2.289177894592285,2
2023-10-21 17:49:57.530,-0.0302174091339111,-0.0097007155418396,0.0602626800537109,0.6711370944976807,-0.2640644609928131,0.6151833534240723,0.3184249997138977,-1.4668984413146973,-0.0373412705957889,-2.2892348766326904,2
2023-10-21 17:49:57.550,-0.0143241882324218,-0.0363019704818725,0.0602502822875976,0.6710522174835205,-0.263451874256134,0.6152563095092773,0.3189698457717895,-1.466422438621521,-0.0389262996613979,-2.2892234325408936,2
2023-10-21 17:49:57.560,0.0106819868087768,-0.0454135835170745,-0.0121393203735351,0.6724610328674316,-0.2618128657341003,0.6142304539680481,0.3193293213844299,-1.462145209312439,-0.0401764996349811,-2.2909469604492188,2
2023-10-21 17:49:57.580,0.0136041641235351,-0.0230840444564819,-0.0584535598754882,0.673793613910675,-0.2604633569717407,0.6134401559829712,0.3191429078578949,-1.4587701559066772,-0.0405641868710517,-2.293156385421753,2
2023-10-21 17:49:57.600,-0.048612356185913,-0.0474580228328704,-0.0826930999755859,0.6739127039909363,-0.2603447437286377,0.6133712530136108,0.3191206157207489,-1.4584753513336182,-0.0405907332897186,-2.2933599948883057,2
2023-10-21 17:49:57.660,0.0322405099868774,-0.0553585886955261,-0.0445594787597656,0.6758731007575989,-0.2616252899169922,0.6119553446769714,0.3166362941265106,-1.456355333328247,-0.0338900573551654,-2.2955727577209477,2
2023-10-21 17:49:57.680,0.0420261621475219,-0.0611050128936767,-0.0179119110107421,0.6759740114212036,-0.2617615461349487,0.611871600151062,0.3164698481559753,-1.4562945365905762,-0.0333960130810737,-2.29564905166626,2
2023-10-21 17:49:57.700,0.0185579061508178,-0.0682959854602813,0.0008573532104492,0.6767024397850037,-0.2619028389453888,0.6112287640571594,0.3160383701324463,-1.4548654556274414,-0.0318883173167705,-2.29613733291626,2
2023-10-21 17:49:57.730,0.0255603790283203,-0.0449233055114746,0.002354621887207,0.676781415939331,-0.2619168162345886,0.6111588478088379,0.3159927427768707,-1.4547085762023926,-0.0317279882729053,-2.2961902618408203,2
2023-10-21 17:49:57.750,0.0680302381515502,-0.0278065502643585,-0.0238428115844726,0.6774029731750488,-0.2613478899002075,0.610496461391449,0.3164120316505432,-1.4524762630462646,-0.032266791909933,-2.296292543411255,2
2023-10-21 17:49:57.810,0.0292741060256958,-0.0133397579193115,-0.030949592590332,0.6769046187400818,-0.2598853707313537,0.6110811829566956,0.317552387714386,-1.452363133430481,-0.0362732969224453,-2.2965197563171387,2
2023-10-21 17:49:57.830,0.0844678878784179,0.0148841440677642,-0.0462894439697265,0.6769046187400818,-0.2598853707313537,0.6110811829566956,0.317552387714386,-1.452363133430481,-0.0362732969224453,-2.2965197563171387,2
2023-10-21 17:49:57.850,0.0216268301010131,0.0128478109836578,-0.0308408737182617,0.6769727468490601,-0.2602654993534088,0.6110208630561829,0.3172119259834289,-1.4526174068450928,-0.035268198698759,-2.296537160873413,2
2023-10-21 17:49:57.910,0.015130877494812,0.0075116753578186,-0.0027456283569335,0.6765717267990112,-0.2603352963924408,0.6115522384643555,0.316986083984375,-1.4539990425109863,-0.0354435145854949,-2.296828508377075,2
2023-10-21 17:49:57.960,0.0057014226913452,0.0023742914199829,-0.0941028594970703,0.6766011118888855,-0.2612408399581909,0.6113250255584717,0.3166162669658661,-1.454398274421692,-0.0336055234074592,-2.296135425567627,2
2023-10-21 17:49:57.980,0.0472649335861206,-0.017459362745285,-0.0769910812377929,0.6766480803489685,-0.2612850069999695,0.6112579107284546,0.3166092038154602,-1.4542800188064575,-0.0334699936211109,-2.296081781387329,2
2023-10-21 17:49:58.000,0.0601612329483032,0.0052174627780914,-3.8146972656e-06,0.6767220497131348,-0.2618904411792755,0.6109196543693542,0.3166036307811737,-1.4540894031524658,-0.0323903560638427,-2.295212984085083,2
2023-10-21 17:49:58.060,-0.0247566699981689,0.0177600681781768,0.0460119247436523,0.676740825176239,-0.2624090015888214,0.6104400157928467,0.3170591294765472,-1.453458547592163,-0.0319308042526245,-2.293703317642212,2
2023-10-21 17:49:58.080,-0.0163944959640502,0.0008009076118469,-0.0258111953735351,0.6768280863761902,-0.2626556754112243,0.6099916100502014,0.3175312280654907,-1.4526171684265137,-0.0318426638841629,-2.2925562858581543,2
2023-10-21 17:49:58.100,-0.004246711730957,-0.0040452182292938,-0.0737876892089843,0.6768367886543274,-0.262680321931839,0.6099467873573303,0.3175784349441528,-1.4525331258773804,-0.0318338684737682,-2.2924416065216064,2
2023-10-21 17:49:58.110,0.011989951133728,0.0140725970268249,-0.0711479187011718,0.6767023801803589,-0.2626782357692718,0.6097173094749451,0.3183062076568603,-1.4519637823104858,-0.0326494462788105,-2.2912347316741943,2
2023-10-21 17:49:58.130,-0.0117000341415405,0.0103793442249298,-0.0383615493774414,0.6767023801803589,-0.2626782357692718,0.6097173094749451,0.3183062076568603,-1.4519637823104858,-0.0326494462788105,-2.2912347316741943,2
2023-10-21 17:49:58.150,-0.0202009677886962,0.0396300554275512,-0.0065746307373046,0.676687479019165,-0.2626777291297912,0.6096925735473633,0.3183857500553131,-1.4519020318984983,-0.0327392295002937,-2.2911031246185303,2
2023-10-21 17:49:58.210,-0.0284559726715087,0.0167883932590484,0.0603837966918945,0.6767679452896118,-0.2628863751888275,0.6089372038841248,0.319486141204834,-1.450265645980835,-0.0332739949226379,-2.2889599800109863,2
2023-10-21 17:49:58.230,-0.0152729749679565,0.0221875011920928,0.0345439910888671,0.6758837699890137,-0.2629100084304809,0.6099323034286499,0.3194402158260345,-1.4527311325073242,-0.0342873148620128,-2.289034843444824,2
2023-10-21 17:49:58.250,-0.0044804811477661,0.0621589720249176,0.0213251113891601,0.6756658554077148,-0.2633398175239563,0.609978973865509,0.3194580674171448,-1.453303337097168,-0.0338724367320537,-2.28839111328125,2
2023-10-21 17:49:58.280,-0.0389643907546997,0.0300102233886718,-0.0018548965454101,0.6757401823997498,-0.2637403905391693,0.6097047924995422,0.3194939792156219,-1.4530577659606934,-0.0331601463258266,-2.2877488136291504,2
2023-10-21 17:49:58.300,-0.0558071136474609,0.021131008863449,-0.009429931640625,0.6757423877716064,-0.2637770175933838,0.609685480594635,0.3194959461688995,-1.4530495405197144,-0.0330994948744773,-2.2876925468444824,2
2023-10-21 17:49:58.360,-0.0190914869308471,0.0017288625240325,-0.0224819183349609,0.6751551032066345,-0.2644405961036682,0.6101841330528259,0.319236695766449,-1.4549835920333862,-0.0325152352452278,-2.287184953689575,2
2023-10-21 17:49:58.380,-0.0457320213317871,0.000766634941101,-0.0779571533203125,0.6748685240745544,-0.2648619711399078,0.6103696227073669,0.3191387355327606,-1.4558905363082886,-0.0320966504514217,-2.286747455596924,2
2023-10-21 17:49:58.400,-0.0221840143203735,0.0297469496726989,-0.0174179077148437,0.6748405694961548,-0.2649036049842834,0.6103874444961548,0.3191292285919189,-1.4559788703918457,-0.0320550575852394,-2.286703824996948,2
2023-10-21 17:49:58.460,-0.0457042455673217,0.0029376149177551,0.0697917938232421,0.6745197772979736,-0.2647947072982788,0.6107427477836609,0.319218099117279,-1.4567341804504397,-0.0327075608074665,-2.286724805831909,2
2023-10-21 17:49:58.510,0.044713020324707,0.0549067258834838,0.0270051956176757,0.6740875244140625,-0.2649874687194824,0.6112356185913086,0.3190279603004455,-1.4581526517868042,-0.0327588804066181,-2.2867772579193115,2
2023-10-21 17:49:58.530,0.1628427505493164,0.1048527061939239,0.041365623474121,0.6740840673446655,-0.264989286661148,0.611239492893219,0.3190261721611023,-1.458164095878601,-0.0327585227787494,-2.2867777347564697,2
2023-10-21 17:49:58.550,0.2186856269836425,0.1449142396450042,0.0104188919067382,0.6739336252212524,-0.2647882997989654,0.6114992499351501,0.3190129697322845,-1.458587408065796,-0.0332590565085411,-2.287096738815308,2
2023-10-21 17:49:58.610,0.0991759896278381,0.1107363998889923,0.0115747451782226,0.6728153824806213,-0.2651954591274261,0.6130308508872986,0.3180943429470062,-1.462798237800598,-0.0331542119383811,-2.288074493408203,2
2023-10-21 17:49:58.630,0.0003708004951477,0.0553135275840759,-0.0093746185302734,0.6727910041809082,-0.2652149200439453,0.6130669116973877,0.3180601894855499,-1.4629080295562744,-0.0331220105290412,-2.2881038188934326,2
2023-10-21 17:49:58.650,-0.0107086896896362,0.0352419018745422,-0.0969705581665039,0.6726416349411011,-0.2654492259025574,0.6132419109344482,0.3178431689739227,-1.463591694831848,-0.032730970531702,-2.2881288528442383,2
2023-10-21 17:49:58.660,-0.0615577697753906,-0.0142271816730499,-0.1161975860595703,0.6724572777748108,-0.265681505203247,0.6134706735610962,0.3175976574420929,-1.4644060134887695,-0.0323604196310043,-2.288205146789551,2
2023-10-21 17:49:58.680,-0.0672226548194885,-0.061990350484848,-0.1249980926513671,0.6721674203872681,-0.2659541666507721,0.61375492811203,0.3174338340759277,-1.465400457382202,-0.0321272127330303,-2.2880897521972656,2
2023-10-21 17:49:58.700,-0.0578700304031372,-0.0624152719974517,-0.0907955169677734,0.6721403002738953,-0.2659791111946106,0.6137810349464417,0.3174199163913727,-1.465491771697998,-0.0321075953543186,-2.2880775928497314,2
2023-10-21 17:49:58.760,0.241319477558136,0.0421520769596099,0.2282733917236328,0.6711973547935486,-0.2666594386100769,0.6146069169044495,0.3172463178634643,-1.4682621955871582,-0.032006811350584,-2.287405252456665,2
2023-10-21 17:49:58.780,0.3720910549163818,0.1515630483627319,-0.1648731231689453,0.6710783839225769,-0.2667669355869293,0.6147298812866211,0.3171693384647369,-1.4686819314956665,-0.0319093093276023,-2.2873799800872803,2
2023-10-21 17:49:58.800,-0.1036243438720703,0.414030373096466,-0.1782751083374023,0.6701995730400085,-0.2674373388290405,0.6154844760894775,0.3169997036457062,-1.4712697267532349,-0.0317493379116058,-2.2867109775543213,2
2023-10-21 17:49:58.830,-0.30153489112854,-0.0360404253005981,-0.0132942199707031,0.6701041460037231,-0.2675098478794098,0.615566074848175,0.3169818520545959,-1.4715498685836792,-0.031732939183712,-2.286637783050537,2
2023-10-21 17:49:58.850,-0.1618764400482177,-0.0313436985015869,0.0372571945190429,0.6709628105163574,-0.2655660808086395,0.6144979000091553,0.3188665807247162,-1.4668095111846924,-0.0355232246220111,-2.286318063735962,2
2023-10-21 17:49:58.910,-0.030381441116333,-0.1671722531318664,0.0380001068115234,0.6702905893325806,-0.2630158960819244,0.6161385774612427,0.3192278444766998,-1.4681390523910522,-0.0407943315804004,-2.2894608974456787,2
2023-10-21 17:49:58.930,-0.0952658057212829,-0.1639588773250579,0.1027555465698242,0.6702905893325806,-0.2630158960819244,0.6161385774612427,0.3192278444766998,-1.4681390523910522,-0.0407943315804004,-2.2894608974456787,2
2023-10-21 17:49:58.950,-0.1639779210090637,-0.0859897434711456,-0.1090192794799804,0.6692174077033997,-0.2642905414104461,0.6174386143684387,0.3179121315479278,-1.4727251529693604,-0.0388565696775913,-2.2898354530334477,2
2023-10-21 17:49:59.010,-0.0662108659744262,-0.1851519048213958,-0.0374345779418945,0.6671064496040344,-0.2669360935688019,0.6204511523246765,0.3142524659633636,-1.483062744140625,-0.0338134840130806,-2.2920925617218018,2
2023-10-21 17:49:59.060,-0.13527512550354,-0.1410837173461914,-0.1774301528930664,0.6669602990150452,-0.2662108540534973,0.620673656463623,0.3147379457950592,-1.482835292816162,-0.0356024615466594,-2.29236364364624,2
2023-10-21 17:49:59.080,0.1155439615249633,-0.202200710773468,0.0947179794311523,0.6671676635742188,-0.2659521102905273,0.6204701066017151,0.3149184584617615,-1.4820500612258911,-0.0359334200620651,-2.292438268661499,2
2023-10-21 17:49:59.100,0.073397696018219,-0.0540331900119781,0.1044569015502929,0.6630598306655884,-0.2630497515201568,0.6254117488861084,0.3162541091442108,-1.4912959337234497,-0.046759657561779,-2.2946810722351074,2
2023-10-21 17:49:59.160,0.0590808391571044,0.2347148060798645,-0.051116943359375,0.6595118045806885,-0.2666779458522796,0.629475474357605,0.312550276517868,-1.5054057836532593,-0.0417430624365806,-2.295572519302368,2
2023-10-21 17:49:59.180,0.0271295607089996,0.2641954123973846,-0.1199617385864257,0.6605976819992065,-0.2691606879234314,0.6285691857337952,0.3099420666694641,-1.5058064460754397,-0.0340327732264995,-2.296097755432129,2
2023-10-21 17:49:59.200,-0.0059159398078918,0.2176835834980011,-0.0914897918701171,0.6607057452201843,-0.2694087326526642,0.6284780502319336,0.3096809983253479,-1.5058462619781494,-0.0332617685198783,-2.2961502075195312,2
2023-10-21 17:49:59.210,0.1121988892555236,0.1422335803508758,-0.0877065658569336,0.6607487797737122,-0.2714687883853912,0.6286481022834778,0.307436853647232,-1.5085195302963257,-0.0277974344789981,-2.296725988388061,2
2023-10-21 17:49:59.230,0.424876868724823,0.1661666631698608,-0.6646671295166016,0.6607487797737122,-0.2714687883853912,0.6286481022834778,0.307436853647232,-1.5085195302963257,-0.0277974344789981,-2.296725988388061,2
2023-10-21 17:49:59.250,-0.0311767756938934,0.1321676671504974,0.5139694213867188,0.6607519388198853,-0.2716925144195556,0.6286674737930298,0.307192713022232,-1.5088129043579102,-0.0272048003971576,-2.296787977218628,2
2023-10-21 17:49:59.310,0.0879756808280944,0.1352144479751587,0.1161708831787109,0.6582053303718567,-0.2742634117603302,0.6307944059371948,0.306012749671936,-1.5169975757598877,-0.0250216014683246,-2.294919729232788,2
2023-10-21 17:49:59.330,0.0779122710227966,-0.0490533113479614,-0.214242935180664,0.6591085195541382,-0.2749776542186737,0.6298525929450989,0.3053671717643738,-1.5154083967208862,-0.0221942104399204,-2.294867038726806,2
2023-10-21 17:49:59.350,0.2263561487197876,-0.3155896067619324,-0.6258993148803711,0.6578711271286011,-0.2763624787330627,0.6304309964179993,0.3055915832519531,-1.518399000167847,-0.0216887015849351,-2.292454719543457,2
2023-10-21 17:49:59.400,-0.2046270668506622,0.1055630445480346,0.0743989944458007,0.6569165587425232,-0.2787393629550934,0.630558967590332,0.3052221536636352,-1.5213680267333984,-0.0187052078545093,-2.2894911766052246,2
2023-10-21 17:49:59.460,-0.1099810004234314,0.1342413425445556,-0.135533332824707,0.654084324836731,-0.2770974934101105,0.6314114928245544,0.3109829127788543,-1.5216811895370483,-0.0302307158708572,-2.2827470302581787,2
2023-10-21 17:49:59.480,0.0967915654182434,0.065592810511589,-0.0476312637329101,0.6516947150230408,-0.2757812738418579,0.6330494284629822,0.313826709985733,-1.524360179901123,-0.0378943160176277,-2.2802016735076904,2
2023-10-21 17:49:59.500,0.2483236193656921,-0.1568912714719772,-0.0860700607299804,0.6514566540718079,-0.2756510078907013,0.6332119703292847,0.3141072392463684,-1.5246272087097168,-0.0386531949043273,-2.279951333999634,2
2023-10-21 17:49:59.560,-0.0516932010650634,0.217339351773262,0.0043516159057617,0.6518900990486145,-0.275579571723938,0.632530152797699,0.3146442174911499,-1.522818922996521,-0.0387584157288074,-2.2791688442230225,2
2023-10-21 17:49:59.590,0.2577942609786987,0.0627367347478866,0.1494741439819336,0.6518587470054626,-0.276386946439743,0.6329973340034485,0.3130574524402618,-1.524901270866394,-0.036006361246109,-2.280531644821167,2
2023-10-21 17:49:59.610,0.1242895126342773,-0.0818258225917816,0.0215425491333007,0.6518611311912537,-0.2764547765254974,0.6330346465110779,0.3129169642925262,-1.525071382522583,-0.0357619151473045,-2.280657291412353,2
2023-10-21 17:49:59.630,0.0020608901977539,0.1011496484279632,0.2239761352539062,0.6518613696098328,-0.2764615714550018,0.6330384016036987,0.3129028975963592,-1.5250884294509888,-0.0357374921441078,-2.280669689178467,2
2023-10-21 17:49:59.650,0.0858277082443237,0.1998008638620376,0.3490314483642578,0.6536351442337036,-0.2782635390758514,0.6315940022468567,0.3105151355266571,-1.523442625999451,-0.0284771956503391,-2.2817599773406982,2
2023-10-21 17:49:59.710,-0.6350640058517456,0.7087960839271545,-0.890629768371582,0.6543453335762024,-0.2780590951442718,0.6317127346992493,0.3089568316936493,-1.5235178470611572,-0.0264536887407302,-2.284564256668091,2
2023-10-21 17:49:59.730,0.1829566955566406,0.1805813312530517,0.1888408660888672,0.6545097231864929,-0.2779861092567444,0.6315622925758362,0.3089819848537445,-1.523055911064148,-0.0263965986669063,-2.284629344940185,2
2023-10-21 17:49:59.750,0.3030493259429931,0.0913205668330192,0.6206073760986328,0.6530327796936035,-0.2756893038749695,0.6330444812774658,0.3111245036125183,-1.5242526531219482,-0.033849474042654,-2.28467345237732,2
2023-10-21 17:49:59.760,-0.0906233787536621,0.3297981917858124,0.4844617843627929,0.6555180549621582,-0.2756732404232025,0.6302764415740967,0.3115319311618805,-1.5172327756881714,-0.0312900058925151,-2.283953189849853,2
2023-10-21 17:49:59.780,-0.4662306308746338,0.2631113231182098,0.5866317749023438,0.660729169845581,-0.2764840126037597,0.6243685483932495,0.3117009401321411,-1.5032848119735718,-0.0238726753741502,-2.2823145389556885,2
2023-10-21 17:49:59.800,-0.509758710861206,0.1796105206012725,0.9300355911254884,0.6612234711647034,-0.2765644192695617,0.6238035559654236,0.3117128610610962,-1.5019611120224,-0.0231554936617612,-2.28216290473938,2
2023-10-21 17:49:59.860,0.7551665306091309,0.1746263802051544,0.3675985336303711,0.6785373091697693,-0.2709429860115051,0.6058494448661804,0.3148388266563415,-1.451429009437561,-0.0138004329055547,-2.284972667694092,2
2023-10-21 17:49:59.880,1.4916059970855713,1.5559624433517456,1.2649803161621094,0.6792983412742615,-0.2704095244407654,0.6050547361373901,0.3151847124099731,-1.4489078521728516,-0.0140309762209653,-2.285163164138794,2
2023-10-21 17:49:59.900,-1.8959190845489504,0.6764258146286011,-0.7847986221313477,0.6898787021636963,-0.2653239667415619,0.5939587354660034,0.3176219165325165,-1.4165432453155518,-0.0112261744216084,-2.28826642036438,2
2023-10-21 17:49:59.940,-0.8593969345092773,0.6275771856307983,-0.1469030380249023,0.7028821706771851,-0.2578966319561004,0.5801904797554016,0.3206633627414703,-1.3758177757263184,-0.0095499120652675,-2.2934253215789795,2
2023-10-21 17:50:00.010,0.936458706855774,-1.0092527866363523,-0.5863380432128906,0.728829026222229,-0.24139104783535,0.5512813925743103,0.3265385627746582,-1.2915329933166504,-0.0081637511029839,-2.3053126335144043,2
2023-10-21 17:50:00.030,0.4167064428329468,-0.581849217414856,1.446147918701172,0.728829026222229,-0.24139104783535,0.5512813925743103,0.3265385627746582,-1.2915329933166504,-0.0081637511029839,-2.3053126335144043,2
2023-10-21 17:50:00.090,-0.6379138231277466,0.2295865416526794,1.514054298400879,0.7532623410224915,-0.2247168719768524,0.5218868851661682,0.3312585949897766,-1.2086501121520996,-0.0072175893001258,-2.3179562091827397,2
2023-10-21 17:50:00.110,0.2478260993957519,0.0344695821404457,2.0293750762939453,0.7542521357536316,-0.2239860147237777,0.5206644535064697,0.3314252197742462,-1.2052206993103027,-0.0072388686239719,-2.318549633026123,2
2023-10-21 17:50:00.140,0.7874563932418823,-0.6624887585639954,0.752406120300293,0.7583426237106323,-0.2177017480134964,0.5187670588493347,0.3292462527751922,-1.1950173377990725,-0.0114194545894861,-2.330146789550781,2
2023-10-21 17:50:00.160,0.755587100982666,1.590712547302246,5.3681230545043945,0.741075336933136,-0.2146661877632141,0.5548589825630188,0.3112193048000335,-1.2742615938186646,-0.0272013712674379,-2.3665430545806885,2
2023-10-21 17:50:00.180,-0.4045124053955078,2.394467830657959,6.005486488342285,0.7392288446426392,-0.2144017070531845,0.5584276914596558,0.3094047009944916,-1.282314658164978,-0.0285803545266389,-2.370133399963379,2
2023-10-21 17:50:00.240,1.0988163948059082,-0.587822437286377,2.807962417602539,0.7186586260795593,-0.2137054949998855,0.5940846800804138,0.2914158999919891,-1.3664350509643557,-0.0390988364815712,-2.4029433727264404,2
2023-10-21 17:50:00.260,-3.624010562896729,3.853694438934326,8.714247703552246,0.7182126641273499,-0.2139577269554138,0.5946907997131348,0.2910939157009125,-1.3681297302246094,-0.0388972498476505,-2.40317177772522,2
2023-10-21 17:50:00.280,-0.931410312652588,-1.534474492073059,-0.8567419052124023,0.7094399929046631,-0.2187361270189285,0.6049879789352417,0.2878175377845764,-1.3975186347961426,-0.0379010587930679,-2.4026215076446533,2
2023-10-21 17:50:00.310,-7.983870506286621,2.640244483947754,8.875631332397461,0.7091413736343384,-0.2207236886024475,0.6042346954345703,0.2886175513267517,-1.397456407546997,-0.0357444994151592,-2.398577928543091,2
2023-10-21 17:50:00.330,3.329028606414795,-4.572470664978027,-2.1353325843811035,0.7091413736343384,-0.2207236886024475,0.6042346954345703,0.2886175513267517,-1.397456407546997,-0.0357444994151592,-2.398577928543091,2
2023-10-21 17:50:00.390,-7.204031944274902,-3.2870092391967773,1.4714388847351074,0.7179738283157349,-0.2318560779094696,0.5871751308441162,0.2932264804840088,-1.3664271831512451,-0.0114176664501428,-2.375418901443481,2
2023-10-21 17:50:00.410,-4.68466329574585,-4.095505714416504,0.355588436126709,0.718117356300354,-0.2325167059898376,0.5866868495941162,0.2933292686939239,-1.365885615348816,-0.0102364718914031,-2.374347448348999,2
2023-10-21 17:50:00.430,-4.438244342803955,-5.023839473724365,-0.3959517478942871,0.7181316614151001,-0.2325827628374099,0.5866379737854004,0.2933395206928253,-1.36583149433136,-0.0101182991638779,-2.3742401599884038,2
2023-10-21 17:50:00.490,-1.3055906295776367,-6.103887557983398,-3.567003965377808,0.7183590531349182,-0.2424063384532928,0.5807895064353943,0.2964507937431335,-1.3614230155944824,0.0039185686036944,-2.355644464492798,2
